ISO-10303-21;
HEADER;
/* Generated by software containing ST-Developer
 * from STEP Tools, Inc. (www.steptools.com) 
 */
/* OPTION: using custom renumber hook */

FILE_DESCRIPTION(
/* description */ ('STEP AP242 Edition 2',
'CAx-IF Rec.Pracs.---Representation and Presentation of Product Manufa
cturing Information (PMI)---4.0---2014-10-13',
'CAx-IF Rec.Pracs.---3D Tessellated Geometry---0.4---2014-09-14','2;1',
'CAx-IF Rec.Pracs.---User Defined Attributes---1.5---2016-08-15'),
/* implementation_level */ '2;1');

FILE_NAME(
/* name */ 'CaseTop',
/* time_stamp */ '2026-07-26T08:13:41Z',
/* author */ (''),
/* organization */ (''),
/* preprocessor_version */ 'ST-DEVELOPER v20',
/* originating_system */ 'ONSHAPE BY PTC INC, 1.218',
/* authorisation */ '  ');

FILE_SCHEMA (('AP242_MANAGED_MODEL_BASED_3D_ENGINEERING_MIM_LF { 1 0 10303 442 3 1 4 }'));
ENDSEC;

DATA;
#10=SHAPE_REPRESENTATION_RELATIONSHIP('','',#5869,#11);
#11=ADVANCED_BREP_SHAPE_REPRESENTATION('',(#5867),#9413);
#12=CYLINDRICAL_SURFACE('',#6028,0.001);
#13=CYLINDRICAL_SURFACE('',#6030,0.001);
#14=CYLINDRICAL_SURFACE('',#6032,0.001);
#15=CYLINDRICAL_SURFACE('',#6059,0.00255);
#16=CYLINDRICAL_SURFACE('',#6077,0.001);
#17=CYLINDRICAL_SURFACE('',#6084,0.005);
#18=CYLINDRICAL_SURFACE('',#6085,0.005);
#19=CYLINDRICAL_SURFACE('',#6086,0.005);
#20=CYLINDRICAL_SURFACE('',#6087,0.005);
#21=CYLINDRICAL_SURFACE('',#6090,0.000166959914959499);
#22=CYLINDRICAL_SURFACE('',#6093,0.000166959914959547);
#23=CYLINDRICAL_SURFACE('',#6097,0.000190538292745715);
#24=CYLINDRICAL_SURFACE('',#6100,0.000157699128034559);
#25=CYLINDRICAL_SURFACE('',#6110,0.00190682688289905);
#26=CYLINDRICAL_SURFACE('',#6112,0.00208834583110668);
#27=CYLINDRICAL_SURFACE('',#6114,0.00194376145222138);
#28=CYLINDRICAL_SURFACE('',#6117,0.00190850682579306);
#29=CYLINDRICAL_SURFACE('',#6119,0.00210659487711107);
#30=CYLINDRICAL_SURFACE('',#6121,0.00190682688289902);
#31=CYLINDRICAL_SURFACE('',#6126,0.00016326872188908);
#32=CYLINDRICAL_SURFACE('',#6129,0.000168915425471776);
#33=CYLINDRICAL_SURFACE('',#6133,0.000168915425471619);
#34=CYLINDRICAL_SURFACE('',#6136,0.000163268721888999);
#35=CYLINDRICAL_SURFACE('',#6140,0.000190538292745713);
#36=CYLINDRICAL_SURFACE('',#6143,0.000157699128034536);
#37=CYLINDRICAL_SURFACE('',#6147,0.000157699128034693);
#38=CYLINDRICAL_SURFACE('',#6152,0.00194376145222346);
#39=CYLINDRICAL_SURFACE('',#6154,0.00208834583110651);
#40=CYLINDRICAL_SURFACE('',#6156,0.00190682688289914);
#41=CYLINDRICAL_SURFACE('',#6159,0.00190682688289915);
#42=CYLINDRICAL_SURFACE('',#6161,0.00208834583110698);
#43=CYLINDRICAL_SURFACE('',#6163,0.00194376145222134);
#44=CYLINDRICAL_SURFACE('',#6166,0.00019053829274582);
#45=CYLINDRICAL_SURFACE('',#6183,0.000166959914956662);
#46=CYLINDRICAL_SURFACE('',#6186,0.000166959914959623);
#47=CYLINDRICAL_SURFACE('',#6190,0.000190538292745703);
#48=CYLINDRICAL_SURFACE('',#6193,0.000157699128011086);
#49=CYLINDRICAL_SURFACE('',#6203,0.00190682688289406);
#50=CYLINDRICAL_SURFACE('',#6205,0.00208834583110682);
#51=CYLINDRICAL_SURFACE('',#6207,0.00194376145222352);
#52=CYLINDRICAL_SURFACE('',#6210,0.00190850682579294);
#53=CYLINDRICAL_SURFACE('',#6212,0.00210659487711026);
#54=CYLINDRICAL_SURFACE('',#6214,0.001906826882899);
#55=CYLINDRICAL_SURFACE('',#6219,0.00018393149241664);
#56=CYLINDRICAL_SURFACE('',#6222,0.000142489822737741);
#57=CYLINDRICAL_SURFACE('',#6226,0.000166959914956671);
#58=CYLINDRICAL_SURFACE('',#6229,0.000166959914959615);
#59=CYLINDRICAL_SURFACE('',#6233,0.000190538292745702);
#60=CYLINDRICAL_SURFACE('',#6236,0.000157699128034557);
#61=CYLINDRICAL_SURFACE('',#6240,0.000135617765876971);
#62=CYLINDRICAL_SURFACE('',#6247,0.0019797943681161);
#63=CYLINDRICAL_SURFACE('',#6249,0.00201891435915467);
#64=CYLINDRICAL_SURFACE('',#6251,0.00193785203609221);
#65=CYLINDRICAL_SURFACE('',#6254,0.00190267803826696);
#66=CYLINDRICAL_SURFACE('',#6256,0.00210071114615171);
#67=CYLINDRICAL_SURFACE('',#6258,0.00193591078761598);
#68=CYLINDRICAL_SURFACE('',#6261,0.000211257871994054);
#69=CIRCLE('',#5872,0.001906826882899);
#70=CIRCLE('',#5873,0.00210659487711026);
#71=CIRCLE('',#5874,0.00190850682579294);
#72=CIRCLE('',#5875,0.00194376145222352);
#73=CIRCLE('',#5876,0.00208834583110682);
#74=CIRCLE('',#5877,0.00190682688289406);
#75=CIRCLE('',#5878,0.00190682688289902);
#76=CIRCLE('',#5879,0.00210659487711107);
#77=CIRCLE('',#5880,0.00190850682579306);
#78=CIRCLE('',#5881,0.00194376145222138);
#79=CIRCLE('',#5882,0.00208834583110668);
#80=CIRCLE('',#5883,0.00190682688289905);
#81=CIRCLE('',#5884,0.00255);
#82=CIRCLE('',#5885,0.005);
#83=CIRCLE('',#5886,0.005);
#84=CIRCLE('',#5887,0.005);
#85=CIRCLE('',#5888,0.005);
#86=CIRCLE('',#5889,0.001);
#87=CIRCLE('',#5890,0.001);
#88=CIRCLE('',#5891,0.001);
#89=CIRCLE('',#5892,0.001);
#90=CIRCLE('',#5893,0.00194376145222134);
#91=CIRCLE('',#5894,0.00208834583110698);
#92=CIRCLE('',#5895,0.00190682688289915);
#93=CIRCLE('',#5896,0.00190682688289914);
#94=CIRCLE('',#5897,0.00208834583110651);
#95=CIRCLE('',#5898,0.00194376145222346);
#96=CIRCLE('',#5899,0.00193591078761598);
#97=CIRCLE('',#5900,0.00210071114615171);
#98=CIRCLE('',#5901,0.00190267803826696);
#99=CIRCLE('',#5902,0.00193785203609221);
#100=CIRCLE('',#5903,0.00201891435915467);
#101=CIRCLE('',#5904,0.0019797943681161);
#102=CIRCLE('',#6029,0.001);
#103=CIRCLE('',#6031,0.001);
#104=CIRCLE('',#6033,0.001);
#105=CIRCLE('',#6060,0.00255);
#106=CIRCLE('',#6078,0.001);
#107=CIRCLE('',#6080,0.005);
#108=CIRCLE('',#6081,0.005);
#109=CIRCLE('',#6082,0.005);
#110=CIRCLE('',#6083,0.005);
#111=CIRCLE('',#6091,0.000166959914959499);
#112=CIRCLE('',#6092,0.000166959914959499);
#113=CIRCLE('',#6094,0.000166959914959547);
#114=CIRCLE('',#6095,0.000166959914959547);
#115=CIRCLE('',#6098,0.000190538292745715);
#116=CIRCLE('',#6099,0.000190538292745715);
#117=CIRCLE('',#6101,0.000157699128034559);
#118=CIRCLE('',#6102,0.000157699128034559);
#119=CIRCLE('',#6111,0.00190682688289905);
#120=CIRCLE('',#6113,0.00208834583110668);
#121=CIRCLE('',#6115,0.00194376145222138);
#122=CIRCLE('',#6118,0.00190850682579306);
#123=CIRCLE('',#6120,0.00210659487711107);
#124=CIRCLE('',#6122,0.00190682688289902);
#125=CIRCLE('',#6127,0.00016326872188908);
#126=CIRCLE('',#6128,0.00016326872188908);
#127=CIRCLE('',#6130,0.000168915425471776);
#128=CIRCLE('',#6131,0.000168915425471776);
#129=CIRCLE('',#6134,0.000168915425471619);
#130=CIRCLE('',#6135,0.000168915425471619);
#131=CIRCLE('',#6137,0.000163268721888999);
#132=CIRCLE('',#6138,0.000163268721888999);
#133=CIRCLE('',#6141,0.000190538292745713);
#134=CIRCLE('',#6142,0.000190538292745713);
#135=CIRCLE('',#6144,0.000157699128034536);
#136=CIRCLE('',#6145,0.000157699128034536);
#137=CIRCLE('',#6148,0.000157699128034693);
#138=CIRCLE('',#6149,0.000157699128034693);
#139=CIRCLE('',#6153,0.00194376145222346);
#140=CIRCLE('',#6155,0.00208834583110651);
#141=CIRCLE('',#6157,0.00190682688289914);
#142=CIRCLE('',#6160,0.00190682688289915);
#143=CIRCLE('',#6162,0.00208834583110698);
#144=CIRCLE('',#6164,0.00194376145222134);
#145=CIRCLE('',#6167,0.00019053829274582);
#146=CIRCLE('',#6168,0.00019053829274582);
#147=CIRCLE('',#6184,0.000166959914956662);
#148=CIRCLE('',#6185,0.000166959914956662);
#149=CIRCLE('',#6187,0.000166959914959623);
#150=CIRCLE('',#6188,0.000166959914959623);
#151=CIRCLE('',#6191,0.000190538292745703);
#152=CIRCLE('',#6192,0.000190538292745703);
#153=CIRCLE('',#6194,0.000157699128011086);
#154=CIRCLE('',#6195,0.000157699128011086);
#155=CIRCLE('',#6204,0.00190682688289406);
#156=CIRCLE('',#6206,0.00208834583110682);
#157=CIRCLE('',#6208,0.00194376145222352);
#158=CIRCLE('',#6211,0.00190850682579294);
#159=CIRCLE('',#6213,0.00210659487711026);
#160=CIRCLE('',#6215,0.001906826882899);
#161=CIRCLE('',#6220,0.00018393149241664);
#162=CIRCLE('',#6221,0.00018393149241664);
#163=CIRCLE('',#6223,0.000142489822737741);
#164=CIRCLE('',#6224,0.000142489822737741);
#165=CIRCLE('',#6227,0.000166959914956671);
#166=CIRCLE('',#6228,0.000166959914956671);
#167=CIRCLE('',#6230,0.000166959914959615);
#168=CIRCLE('',#6231,0.000166959914959615);
#169=CIRCLE('',#6234,0.000190538292745702);
#170=CIRCLE('',#6235,0.000190538292745702);
#171=CIRCLE('',#6237,0.000157699128034557);
#172=CIRCLE('',#6238,0.000157699128034557);
#173=CIRCLE('',#6241,0.000135617765876971);
#174=CIRCLE('',#6242,0.000135617765876971);
#175=CIRCLE('',#6248,0.0019797943681161);
#176=CIRCLE('',#6250,0.00201891435915467);
#177=CIRCLE('',#6252,0.00193785203609221);
#178=CIRCLE('',#6255,0.00190267803826696);
#179=CIRCLE('',#6257,0.00210071114615171);
#180=CIRCLE('',#6259,0.00193591078761598);
#181=CIRCLE('',#6262,0.000211257871994054);
#182=CIRCLE('',#6263,0.000211257871994054);
#183=ORIENTED_EDGE('',*,*,#1811,.T.);
#184=ORIENTED_EDGE('',*,*,#1812,.T.);
#185=ORIENTED_EDGE('',*,*,#1813,.T.);
#186=ORIENTED_EDGE('',*,*,#1814,.T.);
#187=ORIENTED_EDGE('',*,*,#1815,.T.);
#188=ORIENTED_EDGE('',*,*,#1816,.T.);
#189=ORIENTED_EDGE('',*,*,#1817,.T.);
#190=ORIENTED_EDGE('',*,*,#1818,.T.);
#191=ORIENTED_EDGE('',*,*,#1819,.T.);
#192=ORIENTED_EDGE('',*,*,#1820,.T.);
#193=ORIENTED_EDGE('',*,*,#1821,.T.);
#194=ORIENTED_EDGE('',*,*,#1822,.T.);
#195=ORIENTED_EDGE('',*,*,#1823,.T.);
#196=ORIENTED_EDGE('',*,*,#1824,.T.);
#197=ORIENTED_EDGE('',*,*,#1825,.T.);
#198=ORIENTED_EDGE('',*,*,#1826,.T.);
#199=ORIENTED_EDGE('',*,*,#1827,.T.);
#200=ORIENTED_EDGE('',*,*,#1828,.T.);
#201=ORIENTED_EDGE('',*,*,#1829,.T.);
#202=ORIENTED_EDGE('',*,*,#1830,.T.);
#203=ORIENTED_EDGE('',*,*,#1831,.T.);
#204=ORIENTED_EDGE('',*,*,#1832,.T.);
#205=ORIENTED_EDGE('',*,*,#1833,.T.);
#206=ORIENTED_EDGE('',*,*,#1834,.T.);
#207=ORIENTED_EDGE('',*,*,#1835,.T.);
#208=ORIENTED_EDGE('',*,*,#1836,.T.);
#209=ORIENTED_EDGE('',*,*,#1837,.T.);
#210=ORIENTED_EDGE('',*,*,#1838,.T.);
#211=ORIENTED_EDGE('',*,*,#1839,.T.);
#212=ORIENTED_EDGE('',*,*,#1840,.T.);
#213=ORIENTED_EDGE('',*,*,#1841,.F.);
#214=ORIENTED_EDGE('',*,*,#1842,.F.);
#215=ORIENTED_EDGE('',*,*,#1843,.T.);
#216=ORIENTED_EDGE('',*,*,#1844,.T.);
#217=ORIENTED_EDGE('',*,*,#1845,.F.);
#218=ORIENTED_EDGE('',*,*,#1846,.F.);
#219=ORIENTED_EDGE('',*,*,#1847,.T.);
#220=ORIENTED_EDGE('',*,*,#1848,.T.);
#221=ORIENTED_EDGE('',*,*,#1849,.F.);
#222=ORIENTED_EDGE('',*,*,#1850,.F.);
#223=ORIENTED_EDGE('',*,*,#1851,.T.);
#224=ORIENTED_EDGE('',*,*,#1852,.T.);
#225=ORIENTED_EDGE('',*,*,#1853,.F.);
#226=ORIENTED_EDGE('',*,*,#1854,.F.);
#227=ORIENTED_EDGE('',*,*,#1855,.T.);
#228=ORIENTED_EDGE('',*,*,#1856,.T.);
#229=ORIENTED_EDGE('',*,*,#1857,.F.);
#230=ORIENTED_EDGE('',*,*,#1858,.F.);
#231=ORIENTED_EDGE('',*,*,#1859,.T.);
#232=ORIENTED_EDGE('',*,*,#1860,.T.);
#233=ORIENTED_EDGE('',*,*,#1861,.F.);
#234=ORIENTED_EDGE('',*,*,#1862,.F.);
#235=ORIENTED_EDGE('',*,*,#1863,.T.);
#236=ORIENTED_EDGE('',*,*,#1864,.T.);
#237=ORIENTED_EDGE('',*,*,#1865,.F.);
#238=ORIENTED_EDGE('',*,*,#1866,.F.);
#239=ORIENTED_EDGE('',*,*,#1867,.F.);
#240=ORIENTED_EDGE('',*,*,#1868,.T.);
#241=ORIENTED_EDGE('',*,*,#1869,.T.);
#242=ORIENTED_EDGE('',*,*,#1870,.F.);
#243=ORIENTED_EDGE('',*,*,#1871,.F.);
#244=ORIENTED_EDGE('',*,*,#1872,.T.);
#245=ORIENTED_EDGE('',*,*,#1873,.T.);
#246=ORIENTED_EDGE('',*,*,#1874,.F.);
#247=ORIENTED_EDGE('',*,*,#1875,.T.);
#248=ORIENTED_EDGE('',*,*,#1876,.T.);
#249=ORIENTED_EDGE('',*,*,#1877,.F.);
#250=ORIENTED_EDGE('',*,*,#1878,.F.);
#251=ORIENTED_EDGE('',*,*,#1879,.F.);
#252=ORIENTED_EDGE('',*,*,#1880,.T.);
#253=ORIENTED_EDGE('',*,*,#1881,.T.);
#254=ORIENTED_EDGE('',*,*,#1882,.F.);
#255=ORIENTED_EDGE('',*,*,#1883,.F.);
#256=ORIENTED_EDGE('',*,*,#1884,.T.);
#257=ORIENTED_EDGE('',*,*,#1885,.T.);
#258=ORIENTED_EDGE('',*,*,#1886,.F.);
#259=ORIENTED_EDGE('',*,*,#1887,.T.);
#260=ORIENTED_EDGE('',*,*,#1888,.T.);
#261=ORIENTED_EDGE('',*,*,#1889,.F.);
#262=ORIENTED_EDGE('',*,*,#1890,.F.);
#263=ORIENTED_EDGE('',*,*,#1891,.F.);
#264=ORIENTED_EDGE('',*,*,#1892,.T.);
#265=ORIENTED_EDGE('',*,*,#1893,.T.);
#266=ORIENTED_EDGE('',*,*,#1894,.F.);
#267=ORIENTED_EDGE('',*,*,#1895,.F.);
#268=ORIENTED_EDGE('',*,*,#1896,.T.);
#269=ORIENTED_EDGE('',*,*,#1897,.T.);
#270=ORIENTED_EDGE('',*,*,#1898,.F.);
#271=ORIENTED_EDGE('',*,*,#1899,.T.);
#272=ORIENTED_EDGE('',*,*,#1900,.T.);
#273=ORIENTED_EDGE('',*,*,#1901,.F.);
#274=ORIENTED_EDGE('',*,*,#1902,.F.);
#275=ORIENTED_EDGE('',*,*,#1903,.F.);
#276=ORIENTED_EDGE('',*,*,#1904,.F.);
#277=ORIENTED_EDGE('',*,*,#1905,.T.);
#278=ORIENTED_EDGE('',*,*,#1906,.T.);
#279=ORIENTED_EDGE('',*,*,#1907,.F.);
#280=ORIENTED_EDGE('',*,*,#1908,.F.);
#281=ORIENTED_EDGE('',*,*,#1909,.T.);
#282=ORIENTED_EDGE('',*,*,#1910,.T.);
#283=ORIENTED_EDGE('',*,*,#1911,.F.);
#284=ORIENTED_EDGE('',*,*,#1912,.F.);
#285=ORIENTED_EDGE('',*,*,#1913,.F.);
#286=ORIENTED_EDGE('',*,*,#1914,.T.);
#287=ORIENTED_EDGE('',*,*,#1915,.T.);
#288=ORIENTED_EDGE('',*,*,#1916,.F.);
#289=ORIENTED_EDGE('',*,*,#1917,.F.);
#290=ORIENTED_EDGE('',*,*,#1918,.T.);
#291=ORIENTED_EDGE('',*,*,#1919,.T.);
#292=ORIENTED_EDGE('',*,*,#1920,.F.);
#293=ORIENTED_EDGE('',*,*,#1921,.T.);
#294=ORIENTED_EDGE('',*,*,#1922,.T.);
#295=ORIENTED_EDGE('',*,*,#1923,.F.);
#296=ORIENTED_EDGE('',*,*,#1924,.F.);
#297=ORIENTED_EDGE('',*,*,#1925,.T.);
#298=ORIENTED_EDGE('',*,*,#1926,.T.);
#299=ORIENTED_EDGE('',*,*,#1927,.F.);
#300=ORIENTED_EDGE('',*,*,#1928,.F.);
#301=ORIENTED_EDGE('',*,*,#1929,.T.);
#302=ORIENTED_EDGE('',*,*,#1930,.T.);
#303=ORIENTED_EDGE('',*,*,#1931,.F.);
#304=ORIENTED_EDGE('',*,*,#1932,.F.);
#305=ORIENTED_EDGE('',*,*,#1933,.F.);
#306=ORIENTED_EDGE('',*,*,#1934,.T.);
#307=ORIENTED_EDGE('',*,*,#1935,.T.);
#308=ORIENTED_EDGE('',*,*,#1936,.F.);
#309=ORIENTED_EDGE('',*,*,#1937,.F.);
#310=ORIENTED_EDGE('',*,*,#1938,.T.);
#311=ORIENTED_EDGE('',*,*,#1939,.T.);
#312=ORIENTED_EDGE('',*,*,#1940,.F.);
#313=ORIENTED_EDGE('',*,*,#1941,.T.);
#314=ORIENTED_EDGE('',*,*,#1942,.T.);
#315=ORIENTED_EDGE('',*,*,#1943,.F.);
#316=ORIENTED_EDGE('',*,*,#1944,.F.);
#317=ORIENTED_EDGE('',*,*,#1945,.T.);
#318=ORIENTED_EDGE('',*,*,#1946,.T.);
#319=ORIENTED_EDGE('',*,*,#1947,.F.);
#320=ORIENTED_EDGE('',*,*,#1948,.F.);
#321=ORIENTED_EDGE('',*,*,#1949,.T.);
#322=ORIENTED_EDGE('',*,*,#1950,.T.);
#323=ORIENTED_EDGE('',*,*,#1951,.F.);
#324=ORIENTED_EDGE('',*,*,#1952,.F.);
#325=ORIENTED_EDGE('',*,*,#1953,.F.);
#326=ORIENTED_EDGE('',*,*,#1954,.T.);
#327=ORIENTED_EDGE('',*,*,#1955,.T.);
#328=ORIENTED_EDGE('',*,*,#1956,.F.);
#329=ORIENTED_EDGE('',*,*,#1957,.F.);
#330=ORIENTED_EDGE('',*,*,#1958,.T.);
#331=ORIENTED_EDGE('',*,*,#1959,.T.);
#332=ORIENTED_EDGE('',*,*,#1960,.F.);
#333=ORIENTED_EDGE('',*,*,#1961,.T.);
#334=ORIENTED_EDGE('',*,*,#1962,.T.);
#335=ORIENTED_EDGE('',*,*,#1963,.F.);
#336=ORIENTED_EDGE('',*,*,#1964,.F.);
#337=ORIENTED_EDGE('',*,*,#1965,.T.);
#338=ORIENTED_EDGE('',*,*,#1966,.T.);
#339=ORIENTED_EDGE('',*,*,#1967,.F.);
#340=ORIENTED_EDGE('',*,*,#1968,.F.);
#341=ORIENTED_EDGE('',*,*,#1969,.T.);
#342=ORIENTED_EDGE('',*,*,#1970,.T.);
#343=ORIENTED_EDGE('',*,*,#1971,.F.);
#344=ORIENTED_EDGE('',*,*,#1972,.F.);
#345=ORIENTED_EDGE('',*,*,#1973,.T.);
#346=ORIENTED_EDGE('',*,*,#1974,.T.);
#347=ORIENTED_EDGE('',*,*,#1975,.F.);
#348=ORIENTED_EDGE('',*,*,#1976,.F.);
#349=ORIENTED_EDGE('',*,*,#1977,.T.);
#350=ORIENTED_EDGE('',*,*,#1978,.T.);
#351=ORIENTED_EDGE('',*,*,#1979,.F.);
#352=ORIENTED_EDGE('',*,*,#1980,.F.);
#353=ORIENTED_EDGE('',*,*,#1981,.T.);
#354=ORIENTED_EDGE('',*,*,#1982,.T.);
#355=ORIENTED_EDGE('',*,*,#1983,.F.);
#356=ORIENTED_EDGE('',*,*,#1984,.F.);
#357=ORIENTED_EDGE('',*,*,#1985,.T.);
#358=ORIENTED_EDGE('',*,*,#1986,.T.);
#359=ORIENTED_EDGE('',*,*,#1987,.F.);
#360=ORIENTED_EDGE('',*,*,#1988,.F.);
#361=ORIENTED_EDGE('',*,*,#1989,.T.);
#362=ORIENTED_EDGE('',*,*,#1990,.T.);
#363=ORIENTED_EDGE('',*,*,#1991,.F.);
#364=ORIENTED_EDGE('',*,*,#1992,.F.);
#365=ORIENTED_EDGE('',*,*,#1993,.T.);
#366=ORIENTED_EDGE('',*,*,#1994,.T.);
#367=ORIENTED_EDGE('',*,*,#1995,.F.);
#368=ORIENTED_EDGE('',*,*,#1996,.F.);
#369=ORIENTED_EDGE('',*,*,#1997,.T.);
#370=ORIENTED_EDGE('',*,*,#1998,.T.);
#371=ORIENTED_EDGE('',*,*,#1999,.F.);
#372=ORIENTED_EDGE('',*,*,#2000,.T.);
#373=ORIENTED_EDGE('',*,*,#2001,.T.);
#374=ORIENTED_EDGE('',*,*,#2002,.F.);
#375=ORIENTED_EDGE('',*,*,#2003,.T.);
#376=ORIENTED_EDGE('',*,*,#2004,.F.);
#377=ORIENTED_EDGE('',*,*,#2005,.T.);
#378=ORIENTED_EDGE('',*,*,#2006,.T.);
#379=ORIENTED_EDGE('',*,*,#2007,.T.);
#380=ORIENTED_EDGE('',*,*,#2008,.F.);
#381=ORIENTED_EDGE('',*,*,#2009,.F.);
#382=ORIENTED_EDGE('',*,*,#2010,.F.);
#383=ORIENTED_EDGE('',*,*,#2011,.F.);
#384=ORIENTED_EDGE('',*,*,#2012,.T.);
#385=ORIENTED_EDGE('',*,*,#2013,.T.);
#386=ORIENTED_EDGE('',*,*,#2014,.T.);
#387=ORIENTED_EDGE('',*,*,#2015,.T.);
#388=ORIENTED_EDGE('',*,*,#2016,.T.);
#389=ORIENTED_EDGE('',*,*,#2017,.T.);
#390=ORIENTED_EDGE('',*,*,#2018,.T.);
#391=ORIENTED_EDGE('',*,*,#2019,.T.);
#392=ORIENTED_EDGE('',*,*,#2020,.T.);
#393=ORIENTED_EDGE('',*,*,#2021,.T.);
#394=ORIENTED_EDGE('',*,*,#2022,.T.);
#395=ORIENTED_EDGE('',*,*,#2023,.T.);
#396=ORIENTED_EDGE('',*,*,#2024,.T.);
#397=ORIENTED_EDGE('',*,*,#2025,.T.);
#398=ORIENTED_EDGE('',*,*,#2026,.T.);
#399=ORIENTED_EDGE('',*,*,#2027,.T.);
#400=ORIENTED_EDGE('',*,*,#2028,.T.);
#401=ORIENTED_EDGE('',*,*,#2029,.T.);
#402=ORIENTED_EDGE('',*,*,#2030,.T.);
#403=ORIENTED_EDGE('',*,*,#2031,.T.);
#404=ORIENTED_EDGE('',*,*,#2032,.T.);
#405=ORIENTED_EDGE('',*,*,#2033,.T.);
#406=ORIENTED_EDGE('',*,*,#2034,.T.);
#407=ORIENTED_EDGE('',*,*,#2035,.T.);
#408=ORIENTED_EDGE('',*,*,#2036,.T.);
#409=ORIENTED_EDGE('',*,*,#2037,.T.);
#410=ORIENTED_EDGE('',*,*,#2038,.T.);
#411=ORIENTED_EDGE('',*,*,#2039,.T.);
#412=ORIENTED_EDGE('',*,*,#2040,.T.);
#413=ORIENTED_EDGE('',*,*,#2041,.T.);
#414=ORIENTED_EDGE('',*,*,#2042,.T.);
#415=ORIENTED_EDGE('',*,*,#2043,.T.);
#416=ORIENTED_EDGE('',*,*,#2004,.T.);
#417=ORIENTED_EDGE('',*,*,#2044,.T.);
#418=ORIENTED_EDGE('',*,*,#2045,.F.);
#419=ORIENTED_EDGE('',*,*,#2046,.T.);
#420=ORIENTED_EDGE('',*,*,#2006,.F.);
#421=ORIENTED_EDGE('',*,*,#2047,.T.);
#422=ORIENTED_EDGE('',*,*,#2048,.T.);
#423=ORIENTED_EDGE('',*,*,#2049,.T.);
#424=ORIENTED_EDGE('',*,*,#2050,.T.);
#425=ORIENTED_EDGE('',*,*,#2051,.T.);
#426=ORIENTED_EDGE('',*,*,#2000,.F.);
#427=ORIENTED_EDGE('',*,*,#2052,.T.);
#428=ORIENTED_EDGE('',*,*,#2053,.F.);
#429=ORIENTED_EDGE('',*,*,#2054,.F.);
#430=ORIENTED_EDGE('',*,*,#1996,.T.);
#431=ORIENTED_EDGE('',*,*,#2055,.T.);
#432=ORIENTED_EDGE('',*,*,#2056,.T.);
#433=ORIENTED_EDGE('',*,*,#2057,.F.);
#434=ORIENTED_EDGE('',*,*,#1997,.F.);
#435=ORIENTED_EDGE('',*,*,#2054,.T.);
#436=ORIENTED_EDGE('',*,*,#2058,.T.);
#437=ORIENTED_EDGE('',*,*,#2059,.F.);
#438=ORIENTED_EDGE('',*,*,#1998,.F.);
#439=ORIENTED_EDGE('',*,*,#2057,.T.);
#440=ORIENTED_EDGE('',*,*,#2060,.F.);
#441=ORIENTED_EDGE('',*,*,#2061,.F.);
#442=ORIENTED_EDGE('',*,*,#1992,.T.);
#443=ORIENTED_EDGE('',*,*,#2062,.T.);
#444=ORIENTED_EDGE('',*,*,#2063,.T.);
#445=ORIENTED_EDGE('',*,*,#2064,.F.);
#446=ORIENTED_EDGE('',*,*,#1993,.F.);
#447=ORIENTED_EDGE('',*,*,#2061,.T.);
#448=ORIENTED_EDGE('',*,*,#2065,.T.);
#449=ORIENTED_EDGE('',*,*,#2066,.F.);
#450=ORIENTED_EDGE('',*,*,#1994,.F.);
#451=ORIENTED_EDGE('',*,*,#2064,.T.);
#452=ORIENTED_EDGE('',*,*,#2067,.F.);
#453=ORIENTED_EDGE('',*,*,#2068,.F.);
#454=ORIENTED_EDGE('',*,*,#1988,.T.);
#455=ORIENTED_EDGE('',*,*,#2069,.T.);
#456=ORIENTED_EDGE('',*,*,#2070,.T.);
#457=ORIENTED_EDGE('',*,*,#2071,.F.);
#458=ORIENTED_EDGE('',*,*,#1989,.F.);
#459=ORIENTED_EDGE('',*,*,#2068,.T.);
#460=ORIENTED_EDGE('',*,*,#2072,.T.);
#461=ORIENTED_EDGE('',*,*,#2073,.F.);
#462=ORIENTED_EDGE('',*,*,#1990,.F.);
#463=ORIENTED_EDGE('',*,*,#2071,.T.);
#464=ORIENTED_EDGE('',*,*,#2074,.F.);
#465=ORIENTED_EDGE('',*,*,#2075,.F.);
#466=ORIENTED_EDGE('',*,*,#1984,.T.);
#467=ORIENTED_EDGE('',*,*,#2076,.T.);
#468=ORIENTED_EDGE('',*,*,#2077,.T.);
#469=ORIENTED_EDGE('',*,*,#2078,.F.);
#470=ORIENTED_EDGE('',*,*,#1985,.F.);
#471=ORIENTED_EDGE('',*,*,#2075,.T.);
#472=ORIENTED_EDGE('',*,*,#2079,.T.);
#473=ORIENTED_EDGE('',*,*,#2080,.F.);
#474=ORIENTED_EDGE('',*,*,#1986,.F.);
#475=ORIENTED_EDGE('',*,*,#2078,.T.);
#476=ORIENTED_EDGE('',*,*,#2081,.F.);
#477=ORIENTED_EDGE('',*,*,#2082,.F.);
#478=ORIENTED_EDGE('',*,*,#1980,.T.);
#479=ORIENTED_EDGE('',*,*,#2083,.T.);
#480=ORIENTED_EDGE('',*,*,#2084,.T.);
#481=ORIENTED_EDGE('',*,*,#2085,.F.);
#482=ORIENTED_EDGE('',*,*,#1981,.F.);
#483=ORIENTED_EDGE('',*,*,#2082,.T.);
#484=ORIENTED_EDGE('',*,*,#2086,.T.);
#485=ORIENTED_EDGE('',*,*,#2087,.F.);
#486=ORIENTED_EDGE('',*,*,#1982,.F.);
#487=ORIENTED_EDGE('',*,*,#2085,.T.);
#488=ORIENTED_EDGE('',*,*,#2088,.F.);
#489=ORIENTED_EDGE('',*,*,#2089,.F.);
#490=ORIENTED_EDGE('',*,*,#1976,.T.);
#491=ORIENTED_EDGE('',*,*,#2090,.T.);
#492=ORIENTED_EDGE('',*,*,#2091,.T.);
#493=ORIENTED_EDGE('',*,*,#2092,.F.);
#494=ORIENTED_EDGE('',*,*,#1977,.F.);
#495=ORIENTED_EDGE('',*,*,#2089,.T.);
#496=ORIENTED_EDGE('',*,*,#2093,.T.);
#497=ORIENTED_EDGE('',*,*,#2094,.F.);
#498=ORIENTED_EDGE('',*,*,#1978,.F.);
#499=ORIENTED_EDGE('',*,*,#2092,.T.);
#500=ORIENTED_EDGE('',*,*,#2095,.F.);
#501=ORIENTED_EDGE('',*,*,#2096,.F.);
#502=ORIENTED_EDGE('',*,*,#1972,.T.);
#503=ORIENTED_EDGE('',*,*,#2097,.T.);
#504=ORIENTED_EDGE('',*,*,#2098,.T.);
#505=ORIENTED_EDGE('',*,*,#2099,.F.);
#506=ORIENTED_EDGE('',*,*,#1973,.F.);
#507=ORIENTED_EDGE('',*,*,#2096,.T.);
#508=ORIENTED_EDGE('',*,*,#2100,.T.);
#509=ORIENTED_EDGE('',*,*,#2101,.F.);
#510=ORIENTED_EDGE('',*,*,#1974,.F.);
#511=ORIENTED_EDGE('',*,*,#2099,.T.);
#512=ORIENTED_EDGE('',*,*,#2102,.F.);
#513=ORIENTED_EDGE('',*,*,#2103,.F.);
#514=ORIENTED_EDGE('',*,*,#1968,.T.);
#515=ORIENTED_EDGE('',*,*,#2104,.T.);
#516=ORIENTED_EDGE('',*,*,#2105,.T.);
#517=ORIENTED_EDGE('',*,*,#2106,.F.);
#518=ORIENTED_EDGE('',*,*,#1969,.F.);
#519=ORIENTED_EDGE('',*,*,#2103,.T.);
#520=ORIENTED_EDGE('',*,*,#2107,.T.);
#521=ORIENTED_EDGE('',*,*,#2108,.F.);
#522=ORIENTED_EDGE('',*,*,#1970,.F.);
#523=ORIENTED_EDGE('',*,*,#2106,.T.);
#524=ORIENTED_EDGE('',*,*,#2109,.F.);
#525=ORIENTED_EDGE('',*,*,#2110,.F.);
#526=ORIENTED_EDGE('',*,*,#1964,.T.);
#527=ORIENTED_EDGE('',*,*,#2111,.T.);
#528=ORIENTED_EDGE('',*,*,#2112,.T.);
#529=ORIENTED_EDGE('',*,*,#2113,.F.);
#530=ORIENTED_EDGE('',*,*,#1965,.F.);
#531=ORIENTED_EDGE('',*,*,#2110,.T.);
#532=ORIENTED_EDGE('',*,*,#2114,.T.);
#533=ORIENTED_EDGE('',*,*,#2115,.F.);
#534=ORIENTED_EDGE('',*,*,#1966,.F.);
#535=ORIENTED_EDGE('',*,*,#2113,.T.);
#536=ORIENTED_EDGE('',*,*,#2116,.F.);
#537=ORIENTED_EDGE('',*,*,#2117,.F.);
#538=ORIENTED_EDGE('',*,*,#1960,.T.);
#539=ORIENTED_EDGE('',*,*,#2118,.T.);
#540=ORIENTED_EDGE('',*,*,#2119,.T.);
#541=ORIENTED_EDGE('',*,*,#2120,.F.);
#542=ORIENTED_EDGE('',*,*,#1961,.F.);
#543=ORIENTED_EDGE('',*,*,#2117,.T.);
#544=ORIENTED_EDGE('',*,*,#2121,.T.);
#545=ORIENTED_EDGE('',*,*,#2122,.F.);
#546=ORIENTED_EDGE('',*,*,#1962,.F.);
#547=ORIENTED_EDGE('',*,*,#2120,.T.);
#548=ORIENTED_EDGE('',*,*,#2123,.F.);
#549=ORIENTED_EDGE('',*,*,#2124,.F.);
#550=ORIENTED_EDGE('',*,*,#1956,.T.);
#551=ORIENTED_EDGE('',*,*,#2125,.T.);
#552=ORIENTED_EDGE('',*,*,#2126,.F.);
#553=ORIENTED_EDGE('',*,*,#2127,.F.);
#554=ORIENTED_EDGE('',*,*,#1957,.T.);
#555=ORIENTED_EDGE('',*,*,#2124,.T.);
#556=ORIENTED_EDGE('',*,*,#2128,.T.);
#557=ORIENTED_EDGE('',*,*,#2129,.F.);
#558=ORIENTED_EDGE('',*,*,#1958,.F.);
#559=ORIENTED_EDGE('',*,*,#2127,.T.);
#560=ORIENTED_EDGE('',*,*,#2130,.F.);
#561=ORIENTED_EDGE('',*,*,#2131,.F.);
#562=ORIENTED_EDGE('',*,*,#1952,.T.);
#563=ORIENTED_EDGE('',*,*,#2132,.T.);
#564=ORIENTED_EDGE('',*,*,#2133,.F.);
#565=ORIENTED_EDGE('',*,*,#2134,.F.);
#566=ORIENTED_EDGE('',*,*,#1953,.T.);
#567=ORIENTED_EDGE('',*,*,#2131,.T.);
#568=ORIENTED_EDGE('',*,*,#2135,.T.);
#569=ORIENTED_EDGE('',*,*,#2136,.F.);
#570=ORIENTED_EDGE('',*,*,#1954,.F.);
#571=ORIENTED_EDGE('',*,*,#2134,.T.);
#572=ORIENTED_EDGE('',*,*,#2137,.F.);
#573=ORIENTED_EDGE('',*,*,#2138,.F.);
#574=ORIENTED_EDGE('',*,*,#1948,.T.);
#575=ORIENTED_EDGE('',*,*,#2139,.T.);
#576=ORIENTED_EDGE('',*,*,#2140,.T.);
#577=ORIENTED_EDGE('',*,*,#2141,.F.);
#578=ORIENTED_EDGE('',*,*,#1949,.F.);
#579=ORIENTED_EDGE('',*,*,#2138,.T.);
#580=ORIENTED_EDGE('',*,*,#2142,.T.);
#581=ORIENTED_EDGE('',*,*,#2143,.F.);
#582=ORIENTED_EDGE('',*,*,#1950,.F.);
#583=ORIENTED_EDGE('',*,*,#2141,.T.);
#584=ORIENTED_EDGE('',*,*,#2144,.F.);
#585=ORIENTED_EDGE('',*,*,#2145,.F.);
#586=ORIENTED_EDGE('',*,*,#1944,.T.);
#587=ORIENTED_EDGE('',*,*,#2146,.T.);
#588=ORIENTED_EDGE('',*,*,#2147,.T.);
#589=ORIENTED_EDGE('',*,*,#2148,.F.);
#590=ORIENTED_EDGE('',*,*,#1945,.F.);
#591=ORIENTED_EDGE('',*,*,#2145,.T.);
#592=ORIENTED_EDGE('',*,*,#2149,.T.);
#593=ORIENTED_EDGE('',*,*,#2150,.F.);
#594=ORIENTED_EDGE('',*,*,#1946,.F.);
#595=ORIENTED_EDGE('',*,*,#2148,.T.);
#596=ORIENTED_EDGE('',*,*,#2151,.F.);
#597=ORIENTED_EDGE('',*,*,#2152,.F.);
#598=ORIENTED_EDGE('',*,*,#1940,.T.);
#599=ORIENTED_EDGE('',*,*,#2153,.T.);
#600=ORIENTED_EDGE('',*,*,#2154,.T.);
#601=ORIENTED_EDGE('',*,*,#2155,.F.);
#602=ORIENTED_EDGE('',*,*,#1941,.F.);
#603=ORIENTED_EDGE('',*,*,#2152,.T.);
#604=ORIENTED_EDGE('',*,*,#2156,.T.);
#605=ORIENTED_EDGE('',*,*,#2157,.F.);
#606=ORIENTED_EDGE('',*,*,#1942,.F.);
#607=ORIENTED_EDGE('',*,*,#2155,.T.);
#608=ORIENTED_EDGE('',*,*,#2158,.F.);
#609=ORIENTED_EDGE('',*,*,#2159,.F.);
#610=ORIENTED_EDGE('',*,*,#1936,.T.);
#611=ORIENTED_EDGE('',*,*,#2160,.T.);
#612=ORIENTED_EDGE('',*,*,#2161,.F.);
#613=ORIENTED_EDGE('',*,*,#2162,.F.);
#614=ORIENTED_EDGE('',*,*,#1937,.T.);
#615=ORIENTED_EDGE('',*,*,#2159,.T.);
#616=ORIENTED_EDGE('',*,*,#2163,.T.);
#617=ORIENTED_EDGE('',*,*,#2164,.F.);
#618=ORIENTED_EDGE('',*,*,#1938,.F.);
#619=ORIENTED_EDGE('',*,*,#2162,.T.);
#620=ORIENTED_EDGE('',*,*,#2165,.F.);
#621=ORIENTED_EDGE('',*,*,#2166,.F.);
#622=ORIENTED_EDGE('',*,*,#1932,.T.);
#623=ORIENTED_EDGE('',*,*,#2167,.T.);
#624=ORIENTED_EDGE('',*,*,#2168,.F.);
#625=ORIENTED_EDGE('',*,*,#2169,.F.);
#626=ORIENTED_EDGE('',*,*,#1933,.T.);
#627=ORIENTED_EDGE('',*,*,#2166,.T.);
#628=ORIENTED_EDGE('',*,*,#2170,.T.);
#629=ORIENTED_EDGE('',*,*,#2171,.F.);
#630=ORIENTED_EDGE('',*,*,#1934,.F.);
#631=ORIENTED_EDGE('',*,*,#2169,.T.);
#632=ORIENTED_EDGE('',*,*,#2172,.F.);
#633=ORIENTED_EDGE('',*,*,#2173,.F.);
#634=ORIENTED_EDGE('',*,*,#1928,.T.);
#635=ORIENTED_EDGE('',*,*,#2174,.T.);
#636=ORIENTED_EDGE('',*,*,#2175,.T.);
#637=ORIENTED_EDGE('',*,*,#2176,.F.);
#638=ORIENTED_EDGE('',*,*,#1929,.F.);
#639=ORIENTED_EDGE('',*,*,#2173,.T.);
#640=ORIENTED_EDGE('',*,*,#2177,.T.);
#641=ORIENTED_EDGE('',*,*,#2178,.F.);
#642=ORIENTED_EDGE('',*,*,#1930,.F.);
#643=ORIENTED_EDGE('',*,*,#2176,.T.);
#644=ORIENTED_EDGE('',*,*,#2179,.F.);
#645=ORIENTED_EDGE('',*,*,#2180,.F.);
#646=ORIENTED_EDGE('',*,*,#1924,.T.);
#647=ORIENTED_EDGE('',*,*,#2181,.T.);
#648=ORIENTED_EDGE('',*,*,#2182,.T.);
#649=ORIENTED_EDGE('',*,*,#2183,.F.);
#650=ORIENTED_EDGE('',*,*,#1925,.F.);
#651=ORIENTED_EDGE('',*,*,#2180,.T.);
#652=ORIENTED_EDGE('',*,*,#2184,.T.);
#653=ORIENTED_EDGE('',*,*,#2185,.F.);
#654=ORIENTED_EDGE('',*,*,#1926,.F.);
#655=ORIENTED_EDGE('',*,*,#2183,.T.);
#656=ORIENTED_EDGE('',*,*,#2186,.F.);
#657=ORIENTED_EDGE('',*,*,#2187,.F.);
#658=ORIENTED_EDGE('',*,*,#1920,.T.);
#659=ORIENTED_EDGE('',*,*,#2188,.T.);
#660=ORIENTED_EDGE('',*,*,#2189,.T.);
#661=ORIENTED_EDGE('',*,*,#2190,.F.);
#662=ORIENTED_EDGE('',*,*,#1921,.F.);
#663=ORIENTED_EDGE('',*,*,#2187,.T.);
#664=ORIENTED_EDGE('',*,*,#2191,.T.);
#665=ORIENTED_EDGE('',*,*,#2192,.F.);
#666=ORIENTED_EDGE('',*,*,#1922,.F.);
#667=ORIENTED_EDGE('',*,*,#2190,.T.);
#668=ORIENTED_EDGE('',*,*,#2193,.F.);
#669=ORIENTED_EDGE('',*,*,#2194,.F.);
#670=ORIENTED_EDGE('',*,*,#1916,.T.);
#671=ORIENTED_EDGE('',*,*,#2195,.T.);
#672=ORIENTED_EDGE('',*,*,#2196,.F.);
#673=ORIENTED_EDGE('',*,*,#2197,.F.);
#674=ORIENTED_EDGE('',*,*,#1917,.T.);
#675=ORIENTED_EDGE('',*,*,#2194,.T.);
#676=ORIENTED_EDGE('',*,*,#2198,.T.);
#677=ORIENTED_EDGE('',*,*,#2199,.F.);
#678=ORIENTED_EDGE('',*,*,#1918,.F.);
#679=ORIENTED_EDGE('',*,*,#2197,.T.);
#680=ORIENTED_EDGE('',*,*,#2200,.F.);
#681=ORIENTED_EDGE('',*,*,#2201,.F.);
#682=ORIENTED_EDGE('',*,*,#1912,.T.);
#683=ORIENTED_EDGE('',*,*,#2202,.T.);
#684=ORIENTED_EDGE('',*,*,#2203,.F.);
#685=ORIENTED_EDGE('',*,*,#2204,.F.);
#686=ORIENTED_EDGE('',*,*,#1913,.T.);
#687=ORIENTED_EDGE('',*,*,#2201,.T.);
#688=ORIENTED_EDGE('',*,*,#2205,.T.);
#689=ORIENTED_EDGE('',*,*,#2206,.F.);
#690=ORIENTED_EDGE('',*,*,#1914,.F.);
#691=ORIENTED_EDGE('',*,*,#2204,.T.);
#692=ORIENTED_EDGE('',*,*,#2207,.F.);
#693=ORIENTED_EDGE('',*,*,#2208,.F.);
#694=ORIENTED_EDGE('',*,*,#1908,.T.);
#695=ORIENTED_EDGE('',*,*,#2209,.T.);
#696=ORIENTED_EDGE('',*,*,#2210,.T.);
#697=ORIENTED_EDGE('',*,*,#2211,.F.);
#698=ORIENTED_EDGE('',*,*,#1909,.F.);
#699=ORIENTED_EDGE('',*,*,#2208,.T.);
#700=ORIENTED_EDGE('',*,*,#2212,.T.);
#701=ORIENTED_EDGE('',*,*,#2213,.F.);
#702=ORIENTED_EDGE('',*,*,#1910,.F.);
#703=ORIENTED_EDGE('',*,*,#2211,.T.);
#704=ORIENTED_EDGE('',*,*,#2214,.F.);
#705=ORIENTED_EDGE('',*,*,#2215,.F.);
#706=ORIENTED_EDGE('',*,*,#1904,.T.);
#707=ORIENTED_EDGE('',*,*,#2216,.T.);
#708=ORIENTED_EDGE('',*,*,#2217,.T.);
#709=ORIENTED_EDGE('',*,*,#2218,.F.);
#710=ORIENTED_EDGE('',*,*,#1905,.F.);
#711=ORIENTED_EDGE('',*,*,#2215,.T.);
#712=ORIENTED_EDGE('',*,*,#2219,.T.);
#713=ORIENTED_EDGE('',*,*,#2220,.F.);
#714=ORIENTED_EDGE('',*,*,#1906,.F.);
#715=ORIENTED_EDGE('',*,*,#2218,.T.);
#716=ORIENTED_EDGE('',*,*,#2221,.T.);
#717=ORIENTED_EDGE('',*,*,#2222,.F.);
#718=ORIENTED_EDGE('',*,*,#1899,.F.);
#719=ORIENTED_EDGE('',*,*,#2223,.T.);
#720=ORIENTED_EDGE('',*,*,#2224,.T.);
#721=ORIENTED_EDGE('',*,*,#2225,.F.);
#722=ORIENTED_EDGE('',*,*,#1900,.F.);
#723=ORIENTED_EDGE('',*,*,#2222,.T.);
#724=ORIENTED_EDGE('',*,*,#2226,.F.);
#725=ORIENTED_EDGE('',*,*,#2227,.F.);
#726=ORIENTED_EDGE('',*,*,#1901,.T.);
#727=ORIENTED_EDGE('',*,*,#2225,.T.);
#728=ORIENTED_EDGE('',*,*,#2228,.F.);
#729=ORIENTED_EDGE('',*,*,#2229,.F.);
#730=ORIENTED_EDGE('',*,*,#1895,.T.);
#731=ORIENTED_EDGE('',*,*,#2230,.T.);
#732=ORIENTED_EDGE('',*,*,#2231,.T.);
#733=ORIENTED_EDGE('',*,*,#2232,.F.);
#734=ORIENTED_EDGE('',*,*,#1896,.F.);
#735=ORIENTED_EDGE('',*,*,#2229,.T.);
#736=ORIENTED_EDGE('',*,*,#2233,.T.);
#737=ORIENTED_EDGE('',*,*,#2234,.F.);
#738=ORIENTED_EDGE('',*,*,#1897,.F.);
#739=ORIENTED_EDGE('',*,*,#2232,.T.);
#740=ORIENTED_EDGE('',*,*,#2235,.F.);
#741=ORIENTED_EDGE('',*,*,#2236,.F.);
#742=ORIENTED_EDGE('',*,*,#1891,.T.);
#743=ORIENTED_EDGE('',*,*,#2237,.T.);
#744=ORIENTED_EDGE('',*,*,#2238,.T.);
#745=ORIENTED_EDGE('',*,*,#2239,.F.);
#746=ORIENTED_EDGE('',*,*,#1892,.F.);
#747=ORIENTED_EDGE('',*,*,#2236,.T.);
#748=ORIENTED_EDGE('',*,*,#2240,.T.);
#749=ORIENTED_EDGE('',*,*,#2241,.F.);
#750=ORIENTED_EDGE('',*,*,#1893,.F.);
#751=ORIENTED_EDGE('',*,*,#2239,.T.);
#752=ORIENTED_EDGE('',*,*,#2242,.T.);
#753=ORIENTED_EDGE('',*,*,#2243,.F.);
#754=ORIENTED_EDGE('',*,*,#1887,.F.);
#755=ORIENTED_EDGE('',*,*,#2244,.T.);
#756=ORIENTED_EDGE('',*,*,#2245,.T.);
#757=ORIENTED_EDGE('',*,*,#2246,.F.);
#758=ORIENTED_EDGE('',*,*,#1888,.F.);
#759=ORIENTED_EDGE('',*,*,#2243,.T.);
#760=ORIENTED_EDGE('',*,*,#2247,.F.);
#761=ORIENTED_EDGE('',*,*,#2248,.F.);
#762=ORIENTED_EDGE('',*,*,#1889,.T.);
#763=ORIENTED_EDGE('',*,*,#2246,.T.);
#764=ORIENTED_EDGE('',*,*,#2249,.F.);
#765=ORIENTED_EDGE('',*,*,#2250,.F.);
#766=ORIENTED_EDGE('',*,*,#1883,.T.);
#767=ORIENTED_EDGE('',*,*,#2251,.T.);
#768=ORIENTED_EDGE('',*,*,#2252,.T.);
#769=ORIENTED_EDGE('',*,*,#2253,.F.);
#770=ORIENTED_EDGE('',*,*,#1884,.F.);
#771=ORIENTED_EDGE('',*,*,#2250,.T.);
#772=ORIENTED_EDGE('',*,*,#2254,.T.);
#773=ORIENTED_EDGE('',*,*,#2255,.F.);
#774=ORIENTED_EDGE('',*,*,#1885,.F.);
#775=ORIENTED_EDGE('',*,*,#2253,.T.);
#776=ORIENTED_EDGE('',*,*,#2256,.F.);
#777=ORIENTED_EDGE('',*,*,#2257,.F.);
#778=ORIENTED_EDGE('',*,*,#1879,.T.);
#779=ORIENTED_EDGE('',*,*,#2258,.T.);
#780=ORIENTED_EDGE('',*,*,#2259,.T.);
#781=ORIENTED_EDGE('',*,*,#2260,.F.);
#782=ORIENTED_EDGE('',*,*,#1880,.F.);
#783=ORIENTED_EDGE('',*,*,#2257,.T.);
#784=ORIENTED_EDGE('',*,*,#2261,.T.);
#785=ORIENTED_EDGE('',*,*,#2262,.F.);
#786=ORIENTED_EDGE('',*,*,#1881,.F.);
#787=ORIENTED_EDGE('',*,*,#2260,.T.);
#788=ORIENTED_EDGE('',*,*,#2263,.T.);
#789=ORIENTED_EDGE('',*,*,#2264,.F.);
#790=ORIENTED_EDGE('',*,*,#1875,.F.);
#791=ORIENTED_EDGE('',*,*,#2265,.T.);
#792=ORIENTED_EDGE('',*,*,#2266,.T.);
#793=ORIENTED_EDGE('',*,*,#2267,.F.);
#794=ORIENTED_EDGE('',*,*,#1876,.F.);
#795=ORIENTED_EDGE('',*,*,#2264,.T.);
#796=ORIENTED_EDGE('',*,*,#2268,.F.);
#797=ORIENTED_EDGE('',*,*,#2269,.F.);
#798=ORIENTED_EDGE('',*,*,#1877,.T.);
#799=ORIENTED_EDGE('',*,*,#2267,.T.);
#800=ORIENTED_EDGE('',*,*,#2270,.F.);
#801=ORIENTED_EDGE('',*,*,#2271,.F.);
#802=ORIENTED_EDGE('',*,*,#1871,.T.);
#803=ORIENTED_EDGE('',*,*,#2272,.T.);
#804=ORIENTED_EDGE('',*,*,#2273,.T.);
#805=ORIENTED_EDGE('',*,*,#2274,.F.);
#806=ORIENTED_EDGE('',*,*,#1872,.F.);
#807=ORIENTED_EDGE('',*,*,#2271,.T.);
#808=ORIENTED_EDGE('',*,*,#2275,.T.);
#809=ORIENTED_EDGE('',*,*,#2276,.F.);
#810=ORIENTED_EDGE('',*,*,#1873,.F.);
#811=ORIENTED_EDGE('',*,*,#2274,.T.);
#812=ORIENTED_EDGE('',*,*,#2277,.F.);
#813=ORIENTED_EDGE('',*,*,#2278,.F.);
#814=ORIENTED_EDGE('',*,*,#1867,.T.);
#815=ORIENTED_EDGE('',*,*,#2279,.T.);
#816=ORIENTED_EDGE('',*,*,#2280,.T.);
#817=ORIENTED_EDGE('',*,*,#2281,.F.);
#818=ORIENTED_EDGE('',*,*,#1868,.F.);
#819=ORIENTED_EDGE('',*,*,#2278,.T.);
#820=ORIENTED_EDGE('',*,*,#2282,.T.);
#821=ORIENTED_EDGE('',*,*,#2283,.F.);
#822=ORIENTED_EDGE('',*,*,#1869,.F.);
#823=ORIENTED_EDGE('',*,*,#2281,.T.);
#824=ORIENTED_EDGE('',*,*,#2284,.T.);
#825=ORIENTED_EDGE('',*,*,#2285,.F.);
#826=ORIENTED_EDGE('',*,*,#1863,.F.);
#827=ORIENTED_EDGE('',*,*,#2286,.T.);
#828=ORIENTED_EDGE('',*,*,#2287,.T.);
#829=ORIENTED_EDGE('',*,*,#2288,.F.);
#830=ORIENTED_EDGE('',*,*,#1864,.F.);
#831=ORIENTED_EDGE('',*,*,#2285,.T.);
#832=ORIENTED_EDGE('',*,*,#2289,.F.);
#833=ORIENTED_EDGE('',*,*,#2290,.F.);
#834=ORIENTED_EDGE('',*,*,#1865,.T.);
#835=ORIENTED_EDGE('',*,*,#2288,.T.);
#836=ORIENTED_EDGE('',*,*,#2291,.T.);
#837=ORIENTED_EDGE('',*,*,#2292,.F.);
#838=ORIENTED_EDGE('',*,*,#1859,.F.);
#839=ORIENTED_EDGE('',*,*,#2293,.T.);
#840=ORIENTED_EDGE('',*,*,#2294,.T.);
#841=ORIENTED_EDGE('',*,*,#2295,.F.);
#842=ORIENTED_EDGE('',*,*,#1860,.F.);
#843=ORIENTED_EDGE('',*,*,#2292,.T.);
#844=ORIENTED_EDGE('',*,*,#2296,.F.);
#845=ORIENTED_EDGE('',*,*,#2297,.F.);
#846=ORIENTED_EDGE('',*,*,#1861,.T.);
#847=ORIENTED_EDGE('',*,*,#2295,.T.);
#848=ORIENTED_EDGE('',*,*,#2298,.T.);
#849=ORIENTED_EDGE('',*,*,#2299,.F.);
#850=ORIENTED_EDGE('',*,*,#1855,.F.);
#851=ORIENTED_EDGE('',*,*,#2300,.T.);
#852=ORIENTED_EDGE('',*,*,#2301,.T.);
#853=ORIENTED_EDGE('',*,*,#2302,.F.);
#854=ORIENTED_EDGE('',*,*,#1856,.F.);
#855=ORIENTED_EDGE('',*,*,#2299,.T.);
#856=ORIENTED_EDGE('',*,*,#2303,.F.);
#857=ORIENTED_EDGE('',*,*,#2304,.F.);
#858=ORIENTED_EDGE('',*,*,#1857,.T.);
#859=ORIENTED_EDGE('',*,*,#2302,.T.);
#860=ORIENTED_EDGE('',*,*,#2305,.T.);
#861=ORIENTED_EDGE('',*,*,#2306,.F.);
#862=ORIENTED_EDGE('',*,*,#1851,.F.);
#863=ORIENTED_EDGE('',*,*,#2307,.T.);
#864=ORIENTED_EDGE('',*,*,#2308,.T.);
#865=ORIENTED_EDGE('',*,*,#2309,.F.);
#866=ORIENTED_EDGE('',*,*,#1852,.F.);
#867=ORIENTED_EDGE('',*,*,#2306,.T.);
#868=ORIENTED_EDGE('',*,*,#2310,.F.);
#869=ORIENTED_EDGE('',*,*,#2311,.F.);
#870=ORIENTED_EDGE('',*,*,#1853,.T.);
#871=ORIENTED_EDGE('',*,*,#2309,.T.);
#872=ORIENTED_EDGE('',*,*,#2312,.T.);
#873=ORIENTED_EDGE('',*,*,#2313,.F.);
#874=ORIENTED_EDGE('',*,*,#1847,.F.);
#875=ORIENTED_EDGE('',*,*,#2314,.T.);
#876=ORIENTED_EDGE('',*,*,#2315,.T.);
#877=ORIENTED_EDGE('',*,*,#2316,.F.);
#878=ORIENTED_EDGE('',*,*,#1848,.F.);
#879=ORIENTED_EDGE('',*,*,#2313,.T.);
#880=ORIENTED_EDGE('',*,*,#2317,.F.);
#881=ORIENTED_EDGE('',*,*,#2318,.F.);
#882=ORIENTED_EDGE('',*,*,#1849,.T.);
#883=ORIENTED_EDGE('',*,*,#2316,.T.);
#884=ORIENTED_EDGE('',*,*,#2319,.T.);
#885=ORIENTED_EDGE('',*,*,#2320,.F.);
#886=ORIENTED_EDGE('',*,*,#1843,.F.);
#887=ORIENTED_EDGE('',*,*,#2321,.T.);
#888=ORIENTED_EDGE('',*,*,#2322,.T.);
#889=ORIENTED_EDGE('',*,*,#2323,.F.);
#890=ORIENTED_EDGE('',*,*,#1844,.F.);
#891=ORIENTED_EDGE('',*,*,#2320,.T.);
#892=ORIENTED_EDGE('',*,*,#2324,.F.);
#893=ORIENTED_EDGE('',*,*,#2325,.F.);
#894=ORIENTED_EDGE('',*,*,#1845,.T.);
#895=ORIENTED_EDGE('',*,*,#2323,.T.);
#896=ORIENTED_EDGE('',*,*,#2326,.T.);
#897=ORIENTED_EDGE('',*,*,#2327,.F.);
#898=ORIENTED_EDGE('',*,*,#1839,.F.);
#899=ORIENTED_EDGE('',*,*,#2328,.T.);
#900=ORIENTED_EDGE('',*,*,#2329,.T.);
#901=ORIENTED_EDGE('',*,*,#2330,.F.);
#902=ORIENTED_EDGE('',*,*,#1840,.F.);
#903=ORIENTED_EDGE('',*,*,#2327,.T.);
#904=ORIENTED_EDGE('',*,*,#2331,.F.);
#905=ORIENTED_EDGE('',*,*,#2332,.F.);
#906=ORIENTED_EDGE('',*,*,#1841,.T.);
#907=ORIENTED_EDGE('',*,*,#2330,.T.);
#908=ORIENTED_EDGE('',*,*,#2010,.T.);
#909=ORIENTED_EDGE('',*,*,#2333,.F.);
#910=ORIENTED_EDGE('',*,*,#2009,.T.);
#911=ORIENTED_EDGE('',*,*,#2334,.F.);
#912=ORIENTED_EDGE('',*,*,#2008,.T.);
#913=ORIENTED_EDGE('',*,*,#2335,.F.);
#914=ORIENTED_EDGE('',*,*,#2002,.T.);
#915=ORIENTED_EDGE('',*,*,#2336,.T.);
#916=ORIENTED_EDGE('',*,*,#2337,.F.);
#917=ORIENTED_EDGE('',*,*,#2338,.T.);
#918=ORIENTED_EDGE('',*,*,#2339,.F.);
#919=ORIENTED_EDGE('',*,*,#2055,.F.);
#920=ORIENTED_EDGE('',*,*,#1999,.T.);
#921=ORIENTED_EDGE('',*,*,#2059,.T.);
#922=ORIENTED_EDGE('',*,*,#2340,.F.);
#923=ORIENTED_EDGE('',*,*,#2062,.F.);
#924=ORIENTED_EDGE('',*,*,#1995,.T.);
#925=ORIENTED_EDGE('',*,*,#2066,.T.);
#926=ORIENTED_EDGE('',*,*,#2341,.F.);
#927=ORIENTED_EDGE('',*,*,#2069,.F.);
#928=ORIENTED_EDGE('',*,*,#1991,.T.);
#929=ORIENTED_EDGE('',*,*,#2073,.T.);
#930=ORIENTED_EDGE('',*,*,#2342,.F.);
#931=ORIENTED_EDGE('',*,*,#2076,.F.);
#932=ORIENTED_EDGE('',*,*,#1987,.T.);
#933=ORIENTED_EDGE('',*,*,#2080,.T.);
#934=ORIENTED_EDGE('',*,*,#2343,.F.);
#935=ORIENTED_EDGE('',*,*,#2083,.F.);
#936=ORIENTED_EDGE('',*,*,#1983,.T.);
#937=ORIENTED_EDGE('',*,*,#2087,.T.);
#938=ORIENTED_EDGE('',*,*,#2344,.F.);
#939=ORIENTED_EDGE('',*,*,#2090,.F.);
#940=ORIENTED_EDGE('',*,*,#1979,.T.);
#941=ORIENTED_EDGE('',*,*,#2094,.T.);
#942=ORIENTED_EDGE('',*,*,#2345,.F.);
#943=ORIENTED_EDGE('',*,*,#2097,.F.);
#944=ORIENTED_EDGE('',*,*,#1975,.T.);
#945=ORIENTED_EDGE('',*,*,#2101,.T.);
#946=ORIENTED_EDGE('',*,*,#2346,.F.);
#947=ORIENTED_EDGE('',*,*,#2104,.F.);
#948=ORIENTED_EDGE('',*,*,#1971,.T.);
#949=ORIENTED_EDGE('',*,*,#2108,.T.);
#950=ORIENTED_EDGE('',*,*,#2347,.F.);
#951=ORIENTED_EDGE('',*,*,#2111,.F.);
#952=ORIENTED_EDGE('',*,*,#1967,.T.);
#953=ORIENTED_EDGE('',*,*,#2115,.T.);
#954=ORIENTED_EDGE('',*,*,#2348,.F.);
#955=ORIENTED_EDGE('',*,*,#2118,.F.);
#956=ORIENTED_EDGE('',*,*,#1963,.T.);
#957=ORIENTED_EDGE('',*,*,#2122,.T.);
#958=ORIENTED_EDGE('',*,*,#2349,.T.);
#959=ORIENTED_EDGE('',*,*,#2125,.F.);
#960=ORIENTED_EDGE('',*,*,#1959,.F.);
#961=ORIENTED_EDGE('',*,*,#2129,.T.);
#962=ORIENTED_EDGE('',*,*,#2350,.T.);
#963=ORIENTED_EDGE('',*,*,#2132,.F.);
#964=ORIENTED_EDGE('',*,*,#1955,.F.);
#965=ORIENTED_EDGE('',*,*,#2136,.T.);
#966=ORIENTED_EDGE('',*,*,#2351,.F.);
#967=ORIENTED_EDGE('',*,*,#2139,.F.);
#968=ORIENTED_EDGE('',*,*,#1951,.T.);
#969=ORIENTED_EDGE('',*,*,#2143,.T.);
#970=ORIENTED_EDGE('',*,*,#2352,.F.);
#971=ORIENTED_EDGE('',*,*,#2146,.F.);
#972=ORIENTED_EDGE('',*,*,#1947,.T.);
#973=ORIENTED_EDGE('',*,*,#2150,.T.);
#974=ORIENTED_EDGE('',*,*,#2353,.F.);
#975=ORIENTED_EDGE('',*,*,#2153,.F.);
#976=ORIENTED_EDGE('',*,*,#1943,.T.);
#977=ORIENTED_EDGE('',*,*,#2157,.T.);
#978=ORIENTED_EDGE('',*,*,#2354,.T.);
#979=ORIENTED_EDGE('',*,*,#2160,.F.);
#980=ORIENTED_EDGE('',*,*,#1939,.F.);
#981=ORIENTED_EDGE('',*,*,#2164,.T.);
#982=ORIENTED_EDGE('',*,*,#2355,.T.);
#983=ORIENTED_EDGE('',*,*,#2167,.F.);
#984=ORIENTED_EDGE('',*,*,#1935,.F.);
#985=ORIENTED_EDGE('',*,*,#2171,.T.);
#986=ORIENTED_EDGE('',*,*,#2356,.F.);
#987=ORIENTED_EDGE('',*,*,#2174,.F.);
#988=ORIENTED_EDGE('',*,*,#1931,.T.);
#989=ORIENTED_EDGE('',*,*,#2178,.T.);
#990=ORIENTED_EDGE('',*,*,#2357,.F.);
#991=ORIENTED_EDGE('',*,*,#2181,.F.);
#992=ORIENTED_EDGE('',*,*,#1927,.T.);
#993=ORIENTED_EDGE('',*,*,#2185,.T.);
#994=ORIENTED_EDGE('',*,*,#2358,.F.);
#995=ORIENTED_EDGE('',*,*,#2188,.F.);
#996=ORIENTED_EDGE('',*,*,#1923,.T.);
#997=ORIENTED_EDGE('',*,*,#2192,.T.);
#998=ORIENTED_EDGE('',*,*,#2359,.T.);
#999=ORIENTED_EDGE('',*,*,#2195,.F.);
#1000=ORIENTED_EDGE('',*,*,#1919,.F.);
#1001=ORIENTED_EDGE('',*,*,#2199,.T.);
#1002=ORIENTED_EDGE('',*,*,#2360,.T.);
#1003=ORIENTED_EDGE('',*,*,#2202,.F.);
#1004=ORIENTED_EDGE('',*,*,#1915,.F.);
#1005=ORIENTED_EDGE('',*,*,#2206,.T.);
#1006=ORIENTED_EDGE('',*,*,#2361,.F.);
#1007=ORIENTED_EDGE('',*,*,#2209,.F.);
#1008=ORIENTED_EDGE('',*,*,#1911,.T.);
#1009=ORIENTED_EDGE('',*,*,#2213,.T.);
#1010=ORIENTED_EDGE('',*,*,#2362,.F.);
#1011=ORIENTED_EDGE('',*,*,#2216,.F.);
#1012=ORIENTED_EDGE('',*,*,#1907,.T.);
#1013=ORIENTED_EDGE('',*,*,#2220,.T.);
#1014=ORIENTED_EDGE('',*,*,#1903,.T.);
#1015=ORIENTED_EDGE('',*,*,#2363,.F.);
#1016=ORIENTED_EDGE('',*,*,#2364,.F.);
#1017=ORIENTED_EDGE('',*,*,#2223,.F.);
#1018=ORIENTED_EDGE('',*,*,#1902,.T.);
#1019=ORIENTED_EDGE('',*,*,#2227,.T.);
#1020=ORIENTED_EDGE('',*,*,#2365,.F.);
#1021=ORIENTED_EDGE('',*,*,#2230,.F.);
#1022=ORIENTED_EDGE('',*,*,#1898,.T.);
#1023=ORIENTED_EDGE('',*,*,#2234,.T.);
#1024=ORIENTED_EDGE('',*,*,#2366,.F.);
#1025=ORIENTED_EDGE('',*,*,#2237,.F.);
#1026=ORIENTED_EDGE('',*,*,#1894,.T.);
#1027=ORIENTED_EDGE('',*,*,#2241,.T.);
#1028=ORIENTED_EDGE('',*,*,#2367,.F.);
#1029=ORIENTED_EDGE('',*,*,#2244,.F.);
#1030=ORIENTED_EDGE('',*,*,#1890,.T.);
#1031=ORIENTED_EDGE('',*,*,#2248,.T.);
#1032=ORIENTED_EDGE('',*,*,#2368,.F.);
#1033=ORIENTED_EDGE('',*,*,#2251,.F.);
#1034=ORIENTED_EDGE('',*,*,#1886,.T.);
#1035=ORIENTED_EDGE('',*,*,#2255,.T.);
#1036=ORIENTED_EDGE('',*,*,#2369,.F.);
#1037=ORIENTED_EDGE('',*,*,#2258,.F.);
#1038=ORIENTED_EDGE('',*,*,#1882,.T.);
#1039=ORIENTED_EDGE('',*,*,#2262,.T.);
#1040=ORIENTED_EDGE('',*,*,#2370,.F.);
#1041=ORIENTED_EDGE('',*,*,#2265,.F.);
#1042=ORIENTED_EDGE('',*,*,#1878,.T.);
#1043=ORIENTED_EDGE('',*,*,#2269,.T.);
#1044=ORIENTED_EDGE('',*,*,#2371,.F.);
#1045=ORIENTED_EDGE('',*,*,#2272,.F.);
#1046=ORIENTED_EDGE('',*,*,#1874,.T.);
#1047=ORIENTED_EDGE('',*,*,#2276,.T.);
#1048=ORIENTED_EDGE('',*,*,#2372,.F.);
#1049=ORIENTED_EDGE('',*,*,#2279,.F.);
#1050=ORIENTED_EDGE('',*,*,#1870,.T.);
#1051=ORIENTED_EDGE('',*,*,#2283,.T.);
#1052=ORIENTED_EDGE('',*,*,#2373,.F.);
#1053=ORIENTED_EDGE('',*,*,#2286,.F.);
#1054=ORIENTED_EDGE('',*,*,#1866,.T.);
#1055=ORIENTED_EDGE('',*,*,#2290,.T.);
#1056=ORIENTED_EDGE('',*,*,#2374,.F.);
#1057=ORIENTED_EDGE('',*,*,#2293,.F.);
#1058=ORIENTED_EDGE('',*,*,#1862,.T.);
#1059=ORIENTED_EDGE('',*,*,#2297,.T.);
#1060=ORIENTED_EDGE('',*,*,#2375,.F.);
#1061=ORIENTED_EDGE('',*,*,#2300,.F.);
#1062=ORIENTED_EDGE('',*,*,#1858,.T.);
#1063=ORIENTED_EDGE('',*,*,#2304,.T.);
#1064=ORIENTED_EDGE('',*,*,#2376,.F.);
#1065=ORIENTED_EDGE('',*,*,#2307,.F.);
#1066=ORIENTED_EDGE('',*,*,#1854,.T.);
#1067=ORIENTED_EDGE('',*,*,#2311,.T.);
#1068=ORIENTED_EDGE('',*,*,#2377,.F.);
#1069=ORIENTED_EDGE('',*,*,#2314,.F.);
#1070=ORIENTED_EDGE('',*,*,#1850,.T.);
#1071=ORIENTED_EDGE('',*,*,#2318,.T.);
#1072=ORIENTED_EDGE('',*,*,#2378,.F.);
#1073=ORIENTED_EDGE('',*,*,#2321,.F.);
#1074=ORIENTED_EDGE('',*,*,#1846,.T.);
#1075=ORIENTED_EDGE('',*,*,#2325,.T.);
#1076=ORIENTED_EDGE('',*,*,#2379,.F.);
#1077=ORIENTED_EDGE('',*,*,#2328,.F.);
#1078=ORIENTED_EDGE('',*,*,#1842,.T.);
#1079=ORIENTED_EDGE('',*,*,#2332,.T.);
#1080=ORIENTED_EDGE('',*,*,#2011,.T.);
#1081=ORIENTED_EDGE('',*,*,#2380,.F.);
#1082=ORIENTED_EDGE('',*,*,#2326,.F.);
#1083=ORIENTED_EDGE('',*,*,#2379,.T.);
#1084=ORIENTED_EDGE('',*,*,#2331,.T.);
#1085=ORIENTED_EDGE('',*,*,#2329,.F.);
#1086=ORIENTED_EDGE('',*,*,#2319,.F.);
#1087=ORIENTED_EDGE('',*,*,#2378,.T.);
#1088=ORIENTED_EDGE('',*,*,#2324,.T.);
#1089=ORIENTED_EDGE('',*,*,#2322,.F.);
#1090=ORIENTED_EDGE('',*,*,#2312,.F.);
#1091=ORIENTED_EDGE('',*,*,#2377,.T.);
#1092=ORIENTED_EDGE('',*,*,#2317,.T.);
#1093=ORIENTED_EDGE('',*,*,#2315,.F.);
#1094=ORIENTED_EDGE('',*,*,#2305,.F.);
#1095=ORIENTED_EDGE('',*,*,#2376,.T.);
#1096=ORIENTED_EDGE('',*,*,#2310,.T.);
#1097=ORIENTED_EDGE('',*,*,#2308,.F.);
#1098=ORIENTED_EDGE('',*,*,#2298,.F.);
#1099=ORIENTED_EDGE('',*,*,#2375,.T.);
#1100=ORIENTED_EDGE('',*,*,#2303,.T.);
#1101=ORIENTED_EDGE('',*,*,#2301,.F.);
#1102=ORIENTED_EDGE('',*,*,#2291,.F.);
#1103=ORIENTED_EDGE('',*,*,#2374,.T.);
#1104=ORIENTED_EDGE('',*,*,#2296,.T.);
#1105=ORIENTED_EDGE('',*,*,#2294,.F.);
#1106=ORIENTED_EDGE('',*,*,#2284,.F.);
#1107=ORIENTED_EDGE('',*,*,#2373,.T.);
#1108=ORIENTED_EDGE('',*,*,#2289,.T.);
#1109=ORIENTED_EDGE('',*,*,#2287,.F.);
#1110=ORIENTED_EDGE('',*,*,#2277,.T.);
#1111=ORIENTED_EDGE('',*,*,#2372,.T.);
#1112=ORIENTED_EDGE('',*,*,#2282,.F.);
#1113=ORIENTED_EDGE('',*,*,#2280,.F.);
#1114=ORIENTED_EDGE('',*,*,#2270,.T.);
#1115=ORIENTED_EDGE('',*,*,#2371,.T.);
#1116=ORIENTED_EDGE('',*,*,#2275,.F.);
#1117=ORIENTED_EDGE('',*,*,#2273,.F.);
#1118=ORIENTED_EDGE('',*,*,#2263,.F.);
#1119=ORIENTED_EDGE('',*,*,#2370,.T.);
#1120=ORIENTED_EDGE('',*,*,#2268,.T.);
#1121=ORIENTED_EDGE('',*,*,#2266,.F.);
#1122=ORIENTED_EDGE('',*,*,#2256,.T.);
#1123=ORIENTED_EDGE('',*,*,#2369,.T.);
#1124=ORIENTED_EDGE('',*,*,#2261,.F.);
#1125=ORIENTED_EDGE('',*,*,#2259,.F.);
#1126=ORIENTED_EDGE('',*,*,#2249,.T.);
#1127=ORIENTED_EDGE('',*,*,#2368,.T.);
#1128=ORIENTED_EDGE('',*,*,#2254,.F.);
#1129=ORIENTED_EDGE('',*,*,#2252,.F.);
#1130=ORIENTED_EDGE('',*,*,#2242,.F.);
#1131=ORIENTED_EDGE('',*,*,#2367,.T.);
#1132=ORIENTED_EDGE('',*,*,#2247,.T.);
#1133=ORIENTED_EDGE('',*,*,#2245,.F.);
#1134=ORIENTED_EDGE('',*,*,#2235,.T.);
#1135=ORIENTED_EDGE('',*,*,#2366,.T.);
#1136=ORIENTED_EDGE('',*,*,#2240,.F.);
#1137=ORIENTED_EDGE('',*,*,#2238,.F.);
#1138=ORIENTED_EDGE('',*,*,#2228,.T.);
#1139=ORIENTED_EDGE('',*,*,#2365,.T.);
#1140=ORIENTED_EDGE('',*,*,#2233,.F.);
#1141=ORIENTED_EDGE('',*,*,#2231,.F.);
#1142=ORIENTED_EDGE('',*,*,#2221,.F.);
#1143=ORIENTED_EDGE('',*,*,#2364,.T.);
#1144=ORIENTED_EDGE('',*,*,#2226,.T.);
#1145=ORIENTED_EDGE('',*,*,#2224,.F.);
#1146=ORIENTED_EDGE('',*,*,#2363,.T.);
#1147=ORIENTED_EDGE('',*,*,#2214,.T.);
#1148=ORIENTED_EDGE('',*,*,#2362,.T.);
#1149=ORIENTED_EDGE('',*,*,#2219,.F.);
#1150=ORIENTED_EDGE('',*,*,#2217,.F.);
#1151=ORIENTED_EDGE('',*,*,#2207,.T.);
#1152=ORIENTED_EDGE('',*,*,#2361,.T.);
#1153=ORIENTED_EDGE('',*,*,#2212,.F.);
#1154=ORIENTED_EDGE('',*,*,#2210,.F.);
#1155=ORIENTED_EDGE('',*,*,#2200,.T.);
#1156=ORIENTED_EDGE('',*,*,#2360,.F.);
#1157=ORIENTED_EDGE('',*,*,#2205,.F.);
#1158=ORIENTED_EDGE('',*,*,#2203,.T.);
#1159=ORIENTED_EDGE('',*,*,#2193,.T.);
#1160=ORIENTED_EDGE('',*,*,#2359,.F.);
#1161=ORIENTED_EDGE('',*,*,#2198,.F.);
#1162=ORIENTED_EDGE('',*,*,#2196,.T.);
#1163=ORIENTED_EDGE('',*,*,#2186,.T.);
#1164=ORIENTED_EDGE('',*,*,#2358,.T.);
#1165=ORIENTED_EDGE('',*,*,#2191,.F.);
#1166=ORIENTED_EDGE('',*,*,#2189,.F.);
#1167=ORIENTED_EDGE('',*,*,#2179,.T.);
#1168=ORIENTED_EDGE('',*,*,#2357,.T.);
#1169=ORIENTED_EDGE('',*,*,#2184,.F.);
#1170=ORIENTED_EDGE('',*,*,#2182,.F.);
#1171=ORIENTED_EDGE('',*,*,#2172,.T.);
#1172=ORIENTED_EDGE('',*,*,#2356,.T.);
#1173=ORIENTED_EDGE('',*,*,#2177,.F.);
#1174=ORIENTED_EDGE('',*,*,#2175,.F.);
#1175=ORIENTED_EDGE('',*,*,#2165,.T.);
#1176=ORIENTED_EDGE('',*,*,#2355,.F.);
#1177=ORIENTED_EDGE('',*,*,#2170,.F.);
#1178=ORIENTED_EDGE('',*,*,#2168,.T.);
#1179=ORIENTED_EDGE('',*,*,#2158,.T.);
#1180=ORIENTED_EDGE('',*,*,#2354,.F.);
#1181=ORIENTED_EDGE('',*,*,#2163,.F.);
#1182=ORIENTED_EDGE('',*,*,#2161,.T.);
#1183=ORIENTED_EDGE('',*,*,#2151,.T.);
#1184=ORIENTED_EDGE('',*,*,#2353,.T.);
#1185=ORIENTED_EDGE('',*,*,#2156,.F.);
#1186=ORIENTED_EDGE('',*,*,#2154,.F.);
#1187=ORIENTED_EDGE('',*,*,#2144,.T.);
#1188=ORIENTED_EDGE('',*,*,#2352,.T.);
#1189=ORIENTED_EDGE('',*,*,#2149,.F.);
#1190=ORIENTED_EDGE('',*,*,#2147,.F.);
#1191=ORIENTED_EDGE('',*,*,#2137,.T.);
#1192=ORIENTED_EDGE('',*,*,#2351,.T.);
#1193=ORIENTED_EDGE('',*,*,#2142,.F.);
#1194=ORIENTED_EDGE('',*,*,#2140,.F.);
#1195=ORIENTED_EDGE('',*,*,#2130,.T.);
#1196=ORIENTED_EDGE('',*,*,#2350,.F.);
#1197=ORIENTED_EDGE('',*,*,#2135,.F.);
#1198=ORIENTED_EDGE('',*,*,#2133,.T.);
#1199=ORIENTED_EDGE('',*,*,#2123,.T.);
#1200=ORIENTED_EDGE('',*,*,#2349,.F.);
#1201=ORIENTED_EDGE('',*,*,#2128,.F.);
#1202=ORIENTED_EDGE('',*,*,#2126,.T.);
#1203=ORIENTED_EDGE('',*,*,#2116,.T.);
#1204=ORIENTED_EDGE('',*,*,#2348,.T.);
#1205=ORIENTED_EDGE('',*,*,#2121,.F.);
#1206=ORIENTED_EDGE('',*,*,#2119,.F.);
#1207=ORIENTED_EDGE('',*,*,#2109,.T.);
#1208=ORIENTED_EDGE('',*,*,#2347,.T.);
#1209=ORIENTED_EDGE('',*,*,#2114,.F.);
#1210=ORIENTED_EDGE('',*,*,#2112,.F.);
#1211=ORIENTED_EDGE('',*,*,#2102,.T.);
#1212=ORIENTED_EDGE('',*,*,#2346,.T.);
#1213=ORIENTED_EDGE('',*,*,#2107,.F.);
#1214=ORIENTED_EDGE('',*,*,#2105,.F.);
#1215=ORIENTED_EDGE('',*,*,#2095,.T.);
#1216=ORIENTED_EDGE('',*,*,#2345,.T.);
#1217=ORIENTED_EDGE('',*,*,#2100,.F.);
#1218=ORIENTED_EDGE('',*,*,#2098,.F.);
#1219=ORIENTED_EDGE('',*,*,#2088,.T.);
#1220=ORIENTED_EDGE('',*,*,#2344,.T.);
#1221=ORIENTED_EDGE('',*,*,#2093,.F.);
#1222=ORIENTED_EDGE('',*,*,#2091,.F.);
#1223=ORIENTED_EDGE('',*,*,#2081,.T.);
#1224=ORIENTED_EDGE('',*,*,#2343,.T.);
#1225=ORIENTED_EDGE('',*,*,#2086,.F.);
#1226=ORIENTED_EDGE('',*,*,#2084,.F.);
#1227=ORIENTED_EDGE('',*,*,#2074,.T.);
#1228=ORIENTED_EDGE('',*,*,#2342,.T.);
#1229=ORIENTED_EDGE('',*,*,#2079,.F.);
#1230=ORIENTED_EDGE('',*,*,#2077,.F.);
#1231=ORIENTED_EDGE('',*,*,#2067,.T.);
#1232=ORIENTED_EDGE('',*,*,#2341,.T.);
#1233=ORIENTED_EDGE('',*,*,#2072,.F.);
#1234=ORIENTED_EDGE('',*,*,#2070,.F.);
#1235=ORIENTED_EDGE('',*,*,#2060,.T.);
#1236=ORIENTED_EDGE('',*,*,#2340,.T.);
#1237=ORIENTED_EDGE('',*,*,#2065,.F.);
#1238=ORIENTED_EDGE('',*,*,#2063,.F.);
#1239=ORIENTED_EDGE('',*,*,#2053,.T.);
#1240=ORIENTED_EDGE('',*,*,#2339,.T.);
#1241=ORIENTED_EDGE('',*,*,#2058,.F.);
#1242=ORIENTED_EDGE('',*,*,#2056,.F.);
#1243=ORIENTED_EDGE('',*,*,#2337,.T.);
#1244=ORIENTED_EDGE('',*,*,#2381,.T.);
#1245=ORIENTED_EDGE('',*,*,#2050,.F.);
#1246=ORIENTED_EDGE('',*,*,#2382,.T.);
#1247=ORIENTED_EDGE('',*,*,#2048,.F.);
#1248=ORIENTED_EDGE('',*,*,#2383,.T.);
#1249=ORIENTED_EDGE('',*,*,#2045,.T.);
#1250=ORIENTED_EDGE('',*,*,#2384,.T.);
#1251=ORIENTED_EDGE('',*,*,#2335,.T.);
#1252=ORIENTED_EDGE('',*,*,#2334,.T.);
#1253=ORIENTED_EDGE('',*,*,#2333,.T.);
#1254=ORIENTED_EDGE('',*,*,#2380,.T.);
#1255=ORIENTED_EDGE('',*,*,#2001,.F.);
#1256=ORIENTED_EDGE('',*,*,#2051,.F.);
#1257=ORIENTED_EDGE('',*,*,#2381,.F.);
#1258=ORIENTED_EDGE('',*,*,#2336,.F.);
#1259=ORIENTED_EDGE('',*,*,#2003,.F.);
#1260=ORIENTED_EDGE('',*,*,#2338,.F.);
#1261=ORIENTED_EDGE('',*,*,#2384,.F.);
#1262=ORIENTED_EDGE('',*,*,#2044,.F.);
#1263=ORIENTED_EDGE('',*,*,#2005,.F.);
#1264=ORIENTED_EDGE('',*,*,#2046,.F.);
#1265=ORIENTED_EDGE('',*,*,#2383,.F.);
#1266=ORIENTED_EDGE('',*,*,#2047,.F.);
#1267=ORIENTED_EDGE('',*,*,#2007,.F.);
#1268=ORIENTED_EDGE('',*,*,#2049,.F.);
#1269=ORIENTED_EDGE('',*,*,#2382,.F.);
#1270=ORIENTED_EDGE('',*,*,#2052,.F.);
#1271=ORIENTED_EDGE('',*,*,#2385,.F.);
#1272=ORIENTED_EDGE('',*,*,#2386,.F.);
#1273=ORIENTED_EDGE('',*,*,#2387,.T.);
#1274=ORIENTED_EDGE('',*,*,#2388,.T.);
#1275=ORIENTED_EDGE('',*,*,#2389,.F.);
#1276=ORIENTED_EDGE('',*,*,#2390,.F.);
#1277=ORIENTED_EDGE('',*,*,#2391,.T.);
#1278=ORIENTED_EDGE('',*,*,#2386,.T.);
#1279=ORIENTED_EDGE('',*,*,#2392,.F.);
#1280=ORIENTED_EDGE('',*,*,#2393,.F.);
#1281=ORIENTED_EDGE('',*,*,#2394,.T.);
#1282=ORIENTED_EDGE('',*,*,#2390,.T.);
#1283=ORIENTED_EDGE('',*,*,#2395,.F.);
#1284=ORIENTED_EDGE('',*,*,#2396,.F.);
#1285=ORIENTED_EDGE('',*,*,#2397,.T.);
#1286=ORIENTED_EDGE('',*,*,#2393,.T.);
#1287=ORIENTED_EDGE('',*,*,#2398,.F.);
#1288=ORIENTED_EDGE('',*,*,#2399,.F.);
#1289=ORIENTED_EDGE('',*,*,#2400,.T.);
#1290=ORIENTED_EDGE('',*,*,#2396,.T.);
#1291=ORIENTED_EDGE('',*,*,#2401,.F.);
#1292=ORIENTED_EDGE('',*,*,#2402,.F.);
#1293=ORIENTED_EDGE('',*,*,#2403,.T.);
#1294=ORIENTED_EDGE('',*,*,#2399,.T.);
#1295=ORIENTED_EDGE('',*,*,#2404,.F.);
#1296=ORIENTED_EDGE('',*,*,#2405,.F.);
#1297=ORIENTED_EDGE('',*,*,#2406,.T.);
#1298=ORIENTED_EDGE('',*,*,#2402,.T.);
#1299=ORIENTED_EDGE('',*,*,#1826,.F.);
#1300=ORIENTED_EDGE('',*,*,#2407,.F.);
#1301=ORIENTED_EDGE('',*,*,#2408,.T.);
#1302=ORIENTED_EDGE('',*,*,#2409,.T.);
#1303=ORIENTED_EDGE('',*,*,#1825,.F.);
#1304=ORIENTED_EDGE('',*,*,#2410,.F.);
#1305=ORIENTED_EDGE('',*,*,#2411,.T.);
#1306=ORIENTED_EDGE('',*,*,#2407,.T.);
#1307=ORIENTED_EDGE('',*,*,#1838,.F.);
#1308=ORIENTED_EDGE('',*,*,#2412,.F.);
#1309=ORIENTED_EDGE('',*,*,#2413,.T.);
#1310=ORIENTED_EDGE('',*,*,#2410,.T.);
#1311=ORIENTED_EDGE('',*,*,#1837,.F.);
#1312=ORIENTED_EDGE('',*,*,#2414,.F.);
#1313=ORIENTED_EDGE('',*,*,#2415,.T.);
#1314=ORIENTED_EDGE('',*,*,#2412,.T.);
#1315=ORIENTED_EDGE('',*,*,#1836,.F.);
#1316=ORIENTED_EDGE('',*,*,#2416,.F.);
#1317=ORIENTED_EDGE('',*,*,#2417,.T.);
#1318=ORIENTED_EDGE('',*,*,#2414,.T.);
#1319=ORIENTED_EDGE('',*,*,#1835,.F.);
#1320=ORIENTED_EDGE('',*,*,#2418,.F.);
#1321=ORIENTED_EDGE('',*,*,#2419,.T.);
#1322=ORIENTED_EDGE('',*,*,#2416,.T.);
#1323=ORIENTED_EDGE('',*,*,#1834,.F.);
#1324=ORIENTED_EDGE('',*,*,#2420,.F.);
#1325=ORIENTED_EDGE('',*,*,#2421,.T.);
#1326=ORIENTED_EDGE('',*,*,#2418,.T.);
#1327=ORIENTED_EDGE('',*,*,#1833,.F.);
#1328=ORIENTED_EDGE('',*,*,#2422,.F.);
#1329=ORIENTED_EDGE('',*,*,#2423,.T.);
#1330=ORIENTED_EDGE('',*,*,#2420,.T.);
#1331=ORIENTED_EDGE('',*,*,#1832,.F.);
#1332=ORIENTED_EDGE('',*,*,#2424,.F.);
#1333=ORIENTED_EDGE('',*,*,#2425,.T.);
#1334=ORIENTED_EDGE('',*,*,#2422,.T.);
#1335=ORIENTED_EDGE('',*,*,#1831,.F.);
#1336=ORIENTED_EDGE('',*,*,#2426,.F.);
#1337=ORIENTED_EDGE('',*,*,#2427,.T.);
#1338=ORIENTED_EDGE('',*,*,#2424,.T.);
#1339=ORIENTED_EDGE('',*,*,#1830,.F.);
#1340=ORIENTED_EDGE('',*,*,#2428,.F.);
#1341=ORIENTED_EDGE('',*,*,#2429,.T.);
#1342=ORIENTED_EDGE('',*,*,#2426,.T.);
#1343=ORIENTED_EDGE('',*,*,#1829,.F.);
#1344=ORIENTED_EDGE('',*,*,#2430,.F.);
#1345=ORIENTED_EDGE('',*,*,#2431,.T.);
#1346=ORIENTED_EDGE('',*,*,#2428,.T.);
#1347=ORIENTED_EDGE('',*,*,#1828,.F.);
#1348=ORIENTED_EDGE('',*,*,#2432,.F.);
#1349=ORIENTED_EDGE('',*,*,#2433,.T.);
#1350=ORIENTED_EDGE('',*,*,#2430,.T.);
#1351=ORIENTED_EDGE('',*,*,#1827,.F.);
#1352=ORIENTED_EDGE('',*,*,#2409,.F.);
#1353=ORIENTED_EDGE('',*,*,#2434,.T.);
#1354=ORIENTED_EDGE('',*,*,#2432,.T.);
#1355=ORIENTED_EDGE('',*,*,#2435,.F.);
#1356=ORIENTED_EDGE('',*,*,#2388,.F.);
#1357=ORIENTED_EDGE('',*,*,#2436,.T.);
#1358=ORIENTED_EDGE('',*,*,#2405,.T.);
#1359=ORIENTED_EDGE('',*,*,#2408,.F.);
#1360=ORIENTED_EDGE('',*,*,#2411,.F.);
#1361=ORIENTED_EDGE('',*,*,#2413,.F.);
#1362=ORIENTED_EDGE('',*,*,#2415,.F.);
#1363=ORIENTED_EDGE('',*,*,#2417,.F.);
#1364=ORIENTED_EDGE('',*,*,#2419,.F.);
#1365=ORIENTED_EDGE('',*,*,#2421,.F.);
#1366=ORIENTED_EDGE('',*,*,#2423,.F.);
#1367=ORIENTED_EDGE('',*,*,#2425,.F.);
#1368=ORIENTED_EDGE('',*,*,#2427,.F.);
#1369=ORIENTED_EDGE('',*,*,#2429,.F.);
#1370=ORIENTED_EDGE('',*,*,#2431,.F.);
#1371=ORIENTED_EDGE('',*,*,#2433,.F.);
#1372=ORIENTED_EDGE('',*,*,#2434,.F.);
#1373=ORIENTED_EDGE('',*,*,#2387,.F.);
#1374=ORIENTED_EDGE('',*,*,#2391,.F.);
#1375=ORIENTED_EDGE('',*,*,#2394,.F.);
#1376=ORIENTED_EDGE('',*,*,#2397,.F.);
#1377=ORIENTED_EDGE('',*,*,#2400,.F.);
#1378=ORIENTED_EDGE('',*,*,#2403,.F.);
#1379=ORIENTED_EDGE('',*,*,#2406,.F.);
#1380=ORIENTED_EDGE('',*,*,#2436,.F.);
#1381=ORIENTED_EDGE('',*,*,#2437,.F.);
#1382=ORIENTED_EDGE('',*,*,#2438,.F.);
#1383=ORIENTED_EDGE('',*,*,#2439,.T.);
#1384=ORIENTED_EDGE('',*,*,#2440,.T.);
#1385=ORIENTED_EDGE('',*,*,#2441,.F.);
#1386=ORIENTED_EDGE('',*,*,#2442,.F.);
#1387=ORIENTED_EDGE('',*,*,#2443,.T.);
#1388=ORIENTED_EDGE('',*,*,#2438,.T.);
#1389=ORIENTED_EDGE('',*,*,#2444,.F.);
#1390=ORIENTED_EDGE('',*,*,#2445,.F.);
#1391=ORIENTED_EDGE('',*,*,#2446,.T.);
#1392=ORIENTED_EDGE('',*,*,#2442,.T.);
#1393=ORIENTED_EDGE('',*,*,#2447,.F.);
#1394=ORIENTED_EDGE('',*,*,#2448,.F.);
#1395=ORIENTED_EDGE('',*,*,#2449,.T.);
#1396=ORIENTED_EDGE('',*,*,#2445,.T.);
#1397=ORIENTED_EDGE('',*,*,#2450,.F.);
#1398=ORIENTED_EDGE('',*,*,#2451,.F.);
#1399=ORIENTED_EDGE('',*,*,#2452,.T.);
#1400=ORIENTED_EDGE('',*,*,#2448,.T.);
#1401=ORIENTED_EDGE('',*,*,#2453,.F.);
#1402=ORIENTED_EDGE('',*,*,#2454,.F.);
#1403=ORIENTED_EDGE('',*,*,#2455,.T.);
#1404=ORIENTED_EDGE('',*,*,#2451,.T.);
#1405=ORIENTED_EDGE('',*,*,#2456,.F.);
#1406=ORIENTED_EDGE('',*,*,#2457,.F.);
#1407=ORIENTED_EDGE('',*,*,#2458,.T.);
#1408=ORIENTED_EDGE('',*,*,#2454,.T.);
#1409=ORIENTED_EDGE('',*,*,#2459,.F.);
#1410=ORIENTED_EDGE('',*,*,#2460,.F.);
#1411=ORIENTED_EDGE('',*,*,#2461,.T.);
#1412=ORIENTED_EDGE('',*,*,#2457,.T.);
#1413=ORIENTED_EDGE('',*,*,#2462,.F.);
#1414=ORIENTED_EDGE('',*,*,#2463,.F.);
#1415=ORIENTED_EDGE('',*,*,#2464,.T.);
#1416=ORIENTED_EDGE('',*,*,#2460,.T.);
#1417=ORIENTED_EDGE('',*,*,#2465,.F.);
#1418=ORIENTED_EDGE('',*,*,#2466,.F.);
#1419=ORIENTED_EDGE('',*,*,#2467,.T.);
#1420=ORIENTED_EDGE('',*,*,#2463,.T.);
#1421=ORIENTED_EDGE('',*,*,#2468,.F.);
#1422=ORIENTED_EDGE('',*,*,#2469,.F.);
#1423=ORIENTED_EDGE('',*,*,#2470,.T.);
#1424=ORIENTED_EDGE('',*,*,#2466,.T.);
#1425=ORIENTED_EDGE('',*,*,#2013,.F.);
#1426=ORIENTED_EDGE('',*,*,#2471,.F.);
#1427=ORIENTED_EDGE('',*,*,#2472,.T.);
#1428=ORIENTED_EDGE('',*,*,#2473,.T.);
#1429=ORIENTED_EDGE('',*,*,#2012,.F.);
#1430=ORIENTED_EDGE('',*,*,#2474,.F.);
#1431=ORIENTED_EDGE('',*,*,#2475,.T.);
#1432=ORIENTED_EDGE('',*,*,#2471,.T.);
#1433=ORIENTED_EDGE('',*,*,#2021,.F.);
#1434=ORIENTED_EDGE('',*,*,#2476,.F.);
#1435=ORIENTED_EDGE('',*,*,#2477,.T.);
#1436=ORIENTED_EDGE('',*,*,#2474,.T.);
#1437=ORIENTED_EDGE('',*,*,#2020,.F.);
#1438=ORIENTED_EDGE('',*,*,#2478,.F.);
#1439=ORIENTED_EDGE('',*,*,#2479,.T.);
#1440=ORIENTED_EDGE('',*,*,#2476,.T.);
#1441=ORIENTED_EDGE('',*,*,#2019,.F.);
#1442=ORIENTED_EDGE('',*,*,#2480,.F.);
#1443=ORIENTED_EDGE('',*,*,#2481,.T.);
#1444=ORIENTED_EDGE('',*,*,#2478,.T.);
#1445=ORIENTED_EDGE('',*,*,#2018,.F.);
#1446=ORIENTED_EDGE('',*,*,#2482,.F.);
#1447=ORIENTED_EDGE('',*,*,#2483,.T.);
#1448=ORIENTED_EDGE('',*,*,#2480,.T.);
#1449=ORIENTED_EDGE('',*,*,#2017,.F.);
#1450=ORIENTED_EDGE('',*,*,#2484,.F.);
#1451=ORIENTED_EDGE('',*,*,#2485,.T.);
#1452=ORIENTED_EDGE('',*,*,#2482,.T.);
#1453=ORIENTED_EDGE('',*,*,#2016,.F.);
#1454=ORIENTED_EDGE('',*,*,#2486,.F.);
#1455=ORIENTED_EDGE('',*,*,#2487,.T.);
#1456=ORIENTED_EDGE('',*,*,#2484,.T.);
#1457=ORIENTED_EDGE('',*,*,#2015,.F.);
#1458=ORIENTED_EDGE('',*,*,#2488,.F.);
#1459=ORIENTED_EDGE('',*,*,#2489,.T.);
#1460=ORIENTED_EDGE('',*,*,#2486,.T.);
#1461=ORIENTED_EDGE('',*,*,#2014,.F.);
#1462=ORIENTED_EDGE('',*,*,#2473,.F.);
#1463=ORIENTED_EDGE('',*,*,#2490,.T.);
#1464=ORIENTED_EDGE('',*,*,#2488,.T.);
#1465=ORIENTED_EDGE('',*,*,#2491,.F.);
#1466=ORIENTED_EDGE('',*,*,#2440,.F.);
#1467=ORIENTED_EDGE('',*,*,#2492,.T.);
#1468=ORIENTED_EDGE('',*,*,#2469,.T.);
#1469=ORIENTED_EDGE('',*,*,#2472,.F.);
#1470=ORIENTED_EDGE('',*,*,#2475,.F.);
#1471=ORIENTED_EDGE('',*,*,#2477,.F.);
#1472=ORIENTED_EDGE('',*,*,#2479,.F.);
#1473=ORIENTED_EDGE('',*,*,#2481,.F.);
#1474=ORIENTED_EDGE('',*,*,#2483,.F.);
#1475=ORIENTED_EDGE('',*,*,#2485,.F.);
#1476=ORIENTED_EDGE('',*,*,#2487,.F.);
#1477=ORIENTED_EDGE('',*,*,#2489,.F.);
#1478=ORIENTED_EDGE('',*,*,#2490,.F.);
#1479=ORIENTED_EDGE('',*,*,#2439,.F.);
#1480=ORIENTED_EDGE('',*,*,#2443,.F.);
#1481=ORIENTED_EDGE('',*,*,#2446,.F.);
#1482=ORIENTED_EDGE('',*,*,#2449,.F.);
#1483=ORIENTED_EDGE('',*,*,#2452,.F.);
#1484=ORIENTED_EDGE('',*,*,#2455,.F.);
#1485=ORIENTED_EDGE('',*,*,#2458,.F.);
#1486=ORIENTED_EDGE('',*,*,#2461,.F.);
#1487=ORIENTED_EDGE('',*,*,#2464,.F.);
#1488=ORIENTED_EDGE('',*,*,#2467,.F.);
#1489=ORIENTED_EDGE('',*,*,#2470,.F.);
#1490=ORIENTED_EDGE('',*,*,#2492,.F.);
#1491=ORIENTED_EDGE('',*,*,#2023,.F.);
#1492=ORIENTED_EDGE('',*,*,#2493,.F.);
#1493=ORIENTED_EDGE('',*,*,#2494,.T.);
#1494=ORIENTED_EDGE('',*,*,#2495,.T.);
#1495=ORIENTED_EDGE('',*,*,#2022,.F.);
#1496=ORIENTED_EDGE('',*,*,#2496,.F.);
#1497=ORIENTED_EDGE('',*,*,#2497,.T.);
#1498=ORIENTED_EDGE('',*,*,#2493,.T.);
#1499=ORIENTED_EDGE('',*,*,#2031,.F.);
#1500=ORIENTED_EDGE('',*,*,#2498,.F.);
#1501=ORIENTED_EDGE('',*,*,#2499,.T.);
#1502=ORIENTED_EDGE('',*,*,#2496,.T.);
#1503=ORIENTED_EDGE('',*,*,#2030,.F.);
#1504=ORIENTED_EDGE('',*,*,#2500,.F.);
#1505=ORIENTED_EDGE('',*,*,#2501,.T.);
#1506=ORIENTED_EDGE('',*,*,#2498,.T.);
#1507=ORIENTED_EDGE('',*,*,#2029,.F.);
#1508=ORIENTED_EDGE('',*,*,#2502,.F.);
#1509=ORIENTED_EDGE('',*,*,#2503,.T.);
#1510=ORIENTED_EDGE('',*,*,#2500,.T.);
#1511=ORIENTED_EDGE('',*,*,#2028,.F.);
#1512=ORIENTED_EDGE('',*,*,#2504,.F.);
#1513=ORIENTED_EDGE('',*,*,#2505,.T.);
#1514=ORIENTED_EDGE('',*,*,#2502,.T.);
#1515=ORIENTED_EDGE('',*,*,#2027,.F.);
#1516=ORIENTED_EDGE('',*,*,#2506,.F.);
#1517=ORIENTED_EDGE('',*,*,#2507,.T.);
#1518=ORIENTED_EDGE('',*,*,#2504,.T.);
#1519=ORIENTED_EDGE('',*,*,#2026,.F.);
#1520=ORIENTED_EDGE('',*,*,#2508,.F.);
#1521=ORIENTED_EDGE('',*,*,#2509,.T.);
#1522=ORIENTED_EDGE('',*,*,#2506,.T.);
#1523=ORIENTED_EDGE('',*,*,#2025,.F.);
#1524=ORIENTED_EDGE('',*,*,#2510,.F.);
#1525=ORIENTED_EDGE('',*,*,#2511,.T.);
#1526=ORIENTED_EDGE('',*,*,#2508,.T.);
#1527=ORIENTED_EDGE('',*,*,#2024,.F.);
#1528=ORIENTED_EDGE('',*,*,#2495,.F.);
#1529=ORIENTED_EDGE('',*,*,#2512,.T.);
#1530=ORIENTED_EDGE('',*,*,#2510,.T.);
#1531=ORIENTED_EDGE('',*,*,#2494,.F.);
#1532=ORIENTED_EDGE('',*,*,#2497,.F.);
#1533=ORIENTED_EDGE('',*,*,#2499,.F.);
#1534=ORIENTED_EDGE('',*,*,#2501,.F.);
#1535=ORIENTED_EDGE('',*,*,#2503,.F.);
#1536=ORIENTED_EDGE('',*,*,#2505,.F.);
#1537=ORIENTED_EDGE('',*,*,#2507,.F.);
#1538=ORIENTED_EDGE('',*,*,#2509,.F.);
#1539=ORIENTED_EDGE('',*,*,#2511,.F.);
#1540=ORIENTED_EDGE('',*,*,#2512,.F.);
#1541=ORIENTED_EDGE('',*,*,#2513,.F.);
#1542=ORIENTED_EDGE('',*,*,#2514,.F.);
#1543=ORIENTED_EDGE('',*,*,#2515,.T.);
#1544=ORIENTED_EDGE('',*,*,#2516,.T.);
#1545=ORIENTED_EDGE('',*,*,#2517,.F.);
#1546=ORIENTED_EDGE('',*,*,#2518,.F.);
#1547=ORIENTED_EDGE('',*,*,#2519,.T.);
#1548=ORIENTED_EDGE('',*,*,#2514,.T.);
#1549=ORIENTED_EDGE('',*,*,#2520,.F.);
#1550=ORIENTED_EDGE('',*,*,#2521,.F.);
#1551=ORIENTED_EDGE('',*,*,#2522,.T.);
#1552=ORIENTED_EDGE('',*,*,#2518,.T.);
#1553=ORIENTED_EDGE('',*,*,#2523,.F.);
#1554=ORIENTED_EDGE('',*,*,#2524,.F.);
#1555=ORIENTED_EDGE('',*,*,#2525,.T.);
#1556=ORIENTED_EDGE('',*,*,#2521,.T.);
#1557=ORIENTED_EDGE('',*,*,#2526,.F.);
#1558=ORIENTED_EDGE('',*,*,#2527,.F.);
#1559=ORIENTED_EDGE('',*,*,#2528,.T.);
#1560=ORIENTED_EDGE('',*,*,#2524,.T.);
#1561=ORIENTED_EDGE('',*,*,#2529,.F.);
#1562=ORIENTED_EDGE('',*,*,#2530,.F.);
#1563=ORIENTED_EDGE('',*,*,#2531,.T.);
#1564=ORIENTED_EDGE('',*,*,#2527,.T.);
#1565=ORIENTED_EDGE('',*,*,#2532,.F.);
#1566=ORIENTED_EDGE('',*,*,#2533,.F.);
#1567=ORIENTED_EDGE('',*,*,#2534,.T.);
#1568=ORIENTED_EDGE('',*,*,#2530,.T.);
#1569=ORIENTED_EDGE('',*,*,#1812,.F.);
#1570=ORIENTED_EDGE('',*,*,#2535,.F.);
#1571=ORIENTED_EDGE('',*,*,#2536,.T.);
#1572=ORIENTED_EDGE('',*,*,#2537,.T.);
#1573=ORIENTED_EDGE('',*,*,#1811,.F.);
#1574=ORIENTED_EDGE('',*,*,#2538,.F.);
#1575=ORIENTED_EDGE('',*,*,#2539,.T.);
#1576=ORIENTED_EDGE('',*,*,#2535,.T.);
#1577=ORIENTED_EDGE('',*,*,#1824,.F.);
#1578=ORIENTED_EDGE('',*,*,#2540,.F.);
#1579=ORIENTED_EDGE('',*,*,#2541,.T.);
#1580=ORIENTED_EDGE('',*,*,#2538,.T.);
#1581=ORIENTED_EDGE('',*,*,#1823,.F.);
#1582=ORIENTED_EDGE('',*,*,#2542,.F.);
#1583=ORIENTED_EDGE('',*,*,#2543,.T.);
#1584=ORIENTED_EDGE('',*,*,#2540,.T.);
#1585=ORIENTED_EDGE('',*,*,#1822,.F.);
#1586=ORIENTED_EDGE('',*,*,#2544,.F.);
#1587=ORIENTED_EDGE('',*,*,#2545,.T.);
#1588=ORIENTED_EDGE('',*,*,#2542,.T.);
#1589=ORIENTED_EDGE('',*,*,#1821,.F.);
#1590=ORIENTED_EDGE('',*,*,#2546,.F.);
#1591=ORIENTED_EDGE('',*,*,#2547,.T.);
#1592=ORIENTED_EDGE('',*,*,#2544,.T.);
#1593=ORIENTED_EDGE('',*,*,#1820,.F.);
#1594=ORIENTED_EDGE('',*,*,#2548,.F.);
#1595=ORIENTED_EDGE('',*,*,#2549,.T.);
#1596=ORIENTED_EDGE('',*,*,#2546,.T.);
#1597=ORIENTED_EDGE('',*,*,#1819,.F.);
#1598=ORIENTED_EDGE('',*,*,#2550,.F.);
#1599=ORIENTED_EDGE('',*,*,#2551,.T.);
#1600=ORIENTED_EDGE('',*,*,#2548,.T.);
#1601=ORIENTED_EDGE('',*,*,#1818,.F.);
#1602=ORIENTED_EDGE('',*,*,#2552,.F.);
#1603=ORIENTED_EDGE('',*,*,#2553,.T.);
#1604=ORIENTED_EDGE('',*,*,#2550,.T.);
#1605=ORIENTED_EDGE('',*,*,#1817,.F.);
#1606=ORIENTED_EDGE('',*,*,#2554,.F.);
#1607=ORIENTED_EDGE('',*,*,#2555,.T.);
#1608=ORIENTED_EDGE('',*,*,#2552,.T.);
#1609=ORIENTED_EDGE('',*,*,#1816,.F.);
#1610=ORIENTED_EDGE('',*,*,#2556,.F.);
#1611=ORIENTED_EDGE('',*,*,#2557,.T.);
#1612=ORIENTED_EDGE('',*,*,#2554,.T.);
#1613=ORIENTED_EDGE('',*,*,#1815,.F.);
#1614=ORIENTED_EDGE('',*,*,#2558,.F.);
#1615=ORIENTED_EDGE('',*,*,#2559,.T.);
#1616=ORIENTED_EDGE('',*,*,#2556,.T.);
#1617=ORIENTED_EDGE('',*,*,#1814,.F.);
#1618=ORIENTED_EDGE('',*,*,#2560,.F.);
#1619=ORIENTED_EDGE('',*,*,#2561,.T.);
#1620=ORIENTED_EDGE('',*,*,#2558,.T.);
#1621=ORIENTED_EDGE('',*,*,#1813,.F.);
#1622=ORIENTED_EDGE('',*,*,#2537,.F.);
#1623=ORIENTED_EDGE('',*,*,#2562,.T.);
#1624=ORIENTED_EDGE('',*,*,#2560,.T.);
#1625=ORIENTED_EDGE('',*,*,#2563,.F.);
#1626=ORIENTED_EDGE('',*,*,#2516,.F.);
#1627=ORIENTED_EDGE('',*,*,#2564,.T.);
#1628=ORIENTED_EDGE('',*,*,#2533,.T.);
#1629=ORIENTED_EDGE('',*,*,#2536,.F.);
#1630=ORIENTED_EDGE('',*,*,#2539,.F.);
#1631=ORIENTED_EDGE('',*,*,#2541,.F.);
#1632=ORIENTED_EDGE('',*,*,#2543,.F.);
#1633=ORIENTED_EDGE('',*,*,#2545,.F.);
#1634=ORIENTED_EDGE('',*,*,#2547,.F.);
#1635=ORIENTED_EDGE('',*,*,#2549,.F.);
#1636=ORIENTED_EDGE('',*,*,#2551,.F.);
#1637=ORIENTED_EDGE('',*,*,#2553,.F.);
#1638=ORIENTED_EDGE('',*,*,#2555,.F.);
#1639=ORIENTED_EDGE('',*,*,#2557,.F.);
#1640=ORIENTED_EDGE('',*,*,#2559,.F.);
#1641=ORIENTED_EDGE('',*,*,#2561,.F.);
#1642=ORIENTED_EDGE('',*,*,#2562,.F.);
#1643=ORIENTED_EDGE('',*,*,#2515,.F.);
#1644=ORIENTED_EDGE('',*,*,#2519,.F.);
#1645=ORIENTED_EDGE('',*,*,#2522,.F.);
#1646=ORIENTED_EDGE('',*,*,#2525,.F.);
#1647=ORIENTED_EDGE('',*,*,#2528,.F.);
#1648=ORIENTED_EDGE('',*,*,#2531,.F.);
#1649=ORIENTED_EDGE('',*,*,#2534,.F.);
#1650=ORIENTED_EDGE('',*,*,#2564,.F.);
#1651=ORIENTED_EDGE('',*,*,#2565,.F.);
#1652=ORIENTED_EDGE('',*,*,#2566,.F.);
#1653=ORIENTED_EDGE('',*,*,#2567,.T.);
#1654=ORIENTED_EDGE('',*,*,#2568,.T.);
#1655=ORIENTED_EDGE('',*,*,#2569,.F.);
#1656=ORIENTED_EDGE('',*,*,#2570,.F.);
#1657=ORIENTED_EDGE('',*,*,#2571,.T.);
#1658=ORIENTED_EDGE('',*,*,#2566,.T.);
#1659=ORIENTED_EDGE('',*,*,#2572,.F.);
#1660=ORIENTED_EDGE('',*,*,#2573,.F.);
#1661=ORIENTED_EDGE('',*,*,#2574,.T.);
#1662=ORIENTED_EDGE('',*,*,#2570,.T.);
#1663=ORIENTED_EDGE('',*,*,#2575,.F.);
#1664=ORIENTED_EDGE('',*,*,#2576,.F.);
#1665=ORIENTED_EDGE('',*,*,#2577,.T.);
#1666=ORIENTED_EDGE('',*,*,#2573,.T.);
#1667=ORIENTED_EDGE('',*,*,#2578,.F.);
#1668=ORIENTED_EDGE('',*,*,#2579,.F.);
#1669=ORIENTED_EDGE('',*,*,#2580,.T.);
#1670=ORIENTED_EDGE('',*,*,#2576,.T.);
#1671=ORIENTED_EDGE('',*,*,#2581,.F.);
#1672=ORIENTED_EDGE('',*,*,#2582,.F.);
#1673=ORIENTED_EDGE('',*,*,#2583,.T.);
#1674=ORIENTED_EDGE('',*,*,#2579,.T.);
#1675=ORIENTED_EDGE('',*,*,#2584,.F.);
#1676=ORIENTED_EDGE('',*,*,#2585,.F.);
#1677=ORIENTED_EDGE('',*,*,#2586,.T.);
#1678=ORIENTED_EDGE('',*,*,#2582,.T.);
#1679=ORIENTED_EDGE('',*,*,#2587,.F.);
#1680=ORIENTED_EDGE('',*,*,#2588,.F.);
#1681=ORIENTED_EDGE('',*,*,#2589,.T.);
#1682=ORIENTED_EDGE('',*,*,#2585,.T.);
#1683=ORIENTED_EDGE('',*,*,#2590,.F.);
#1684=ORIENTED_EDGE('',*,*,#2591,.F.);
#1685=ORIENTED_EDGE('',*,*,#2592,.T.);
#1686=ORIENTED_EDGE('',*,*,#2588,.T.);
#1687=ORIENTED_EDGE('',*,*,#2593,.F.);
#1688=ORIENTED_EDGE('',*,*,#2594,.F.);
#1689=ORIENTED_EDGE('',*,*,#2595,.T.);
#1690=ORIENTED_EDGE('',*,*,#2591,.T.);
#1691=ORIENTED_EDGE('',*,*,#2596,.F.);
#1692=ORIENTED_EDGE('',*,*,#2597,.F.);
#1693=ORIENTED_EDGE('',*,*,#2598,.T.);
#1694=ORIENTED_EDGE('',*,*,#2594,.T.);
#1695=ORIENTED_EDGE('',*,*,#2033,.F.);
#1696=ORIENTED_EDGE('',*,*,#2599,.F.);
#1697=ORIENTED_EDGE('',*,*,#2600,.T.);
#1698=ORIENTED_EDGE('',*,*,#2601,.T.);
#1699=ORIENTED_EDGE('',*,*,#2032,.F.);
#1700=ORIENTED_EDGE('',*,*,#2602,.F.);
#1701=ORIENTED_EDGE('',*,*,#2603,.T.);
#1702=ORIENTED_EDGE('',*,*,#2599,.T.);
#1703=ORIENTED_EDGE('',*,*,#2043,.F.);
#1704=ORIENTED_EDGE('',*,*,#2604,.F.);
#1705=ORIENTED_EDGE('',*,*,#2605,.T.);
#1706=ORIENTED_EDGE('',*,*,#2602,.T.);
#1707=ORIENTED_EDGE('',*,*,#2042,.F.);
#1708=ORIENTED_EDGE('',*,*,#2606,.F.);
#1709=ORIENTED_EDGE('',*,*,#2607,.T.);
#1710=ORIENTED_EDGE('',*,*,#2604,.T.);
#1711=ORIENTED_EDGE('',*,*,#2041,.F.);
#1712=ORIENTED_EDGE('',*,*,#2608,.F.);
#1713=ORIENTED_EDGE('',*,*,#2609,.T.);
#1714=ORIENTED_EDGE('',*,*,#2606,.T.);
#1715=ORIENTED_EDGE('',*,*,#2040,.F.);
#1716=ORIENTED_EDGE('',*,*,#2610,.F.);
#1717=ORIENTED_EDGE('',*,*,#2611,.T.);
#1718=ORIENTED_EDGE('',*,*,#2608,.T.);
#1719=ORIENTED_EDGE('',*,*,#2039,.F.);
#1720=ORIENTED_EDGE('',*,*,#2612,.F.);
#1721=ORIENTED_EDGE('',*,*,#2613,.T.);
#1722=ORIENTED_EDGE('',*,*,#2610,.T.);
#1723=ORIENTED_EDGE('',*,*,#2038,.F.);
#1724=ORIENTED_EDGE('',*,*,#2614,.F.);
#1725=ORIENTED_EDGE('',*,*,#2615,.T.);
#1726=ORIENTED_EDGE('',*,*,#2612,.T.);
#1727=ORIENTED_EDGE('',*,*,#2037,.F.);
#1728=ORIENTED_EDGE('',*,*,#2616,.F.);
#1729=ORIENTED_EDGE('',*,*,#2617,.T.);
#1730=ORIENTED_EDGE('',*,*,#2614,.T.);
#1731=ORIENTED_EDGE('',*,*,#2036,.F.);
#1732=ORIENTED_EDGE('',*,*,#2618,.F.);
#1733=ORIENTED_EDGE('',*,*,#2619,.T.);
#1734=ORIENTED_EDGE('',*,*,#2616,.T.);
#1735=ORIENTED_EDGE('',*,*,#2035,.F.);
#1736=ORIENTED_EDGE('',*,*,#2620,.F.);
#1737=ORIENTED_EDGE('',*,*,#2621,.T.);
#1738=ORIENTED_EDGE('',*,*,#2618,.T.);
#1739=ORIENTED_EDGE('',*,*,#2034,.F.);
#1740=ORIENTED_EDGE('',*,*,#2601,.F.);
#1741=ORIENTED_EDGE('',*,*,#2622,.T.);
#1742=ORIENTED_EDGE('',*,*,#2620,.T.);
#1743=ORIENTED_EDGE('',*,*,#2623,.F.);
#1744=ORIENTED_EDGE('',*,*,#2568,.F.);
#1745=ORIENTED_EDGE('',*,*,#2624,.T.);
#1746=ORIENTED_EDGE('',*,*,#2597,.T.);
#1747=ORIENTED_EDGE('',*,*,#2600,.F.);
#1748=ORIENTED_EDGE('',*,*,#2603,.F.);
#1749=ORIENTED_EDGE('',*,*,#2605,.F.);
#1750=ORIENTED_EDGE('',*,*,#2607,.F.);
#1751=ORIENTED_EDGE('',*,*,#2609,.F.);
#1752=ORIENTED_EDGE('',*,*,#2611,.F.);
#1753=ORIENTED_EDGE('',*,*,#2613,.F.);
#1754=ORIENTED_EDGE('',*,*,#2615,.F.);
#1755=ORIENTED_EDGE('',*,*,#2617,.F.);
#1756=ORIENTED_EDGE('',*,*,#2619,.F.);
#1757=ORIENTED_EDGE('',*,*,#2621,.F.);
#1758=ORIENTED_EDGE('',*,*,#2622,.F.);
#1759=ORIENTED_EDGE('',*,*,#2567,.F.);
#1760=ORIENTED_EDGE('',*,*,#2571,.F.);
#1761=ORIENTED_EDGE('',*,*,#2574,.F.);
#1762=ORIENTED_EDGE('',*,*,#2577,.F.);
#1763=ORIENTED_EDGE('',*,*,#2580,.F.);
#1764=ORIENTED_EDGE('',*,*,#2583,.F.);
#1765=ORIENTED_EDGE('',*,*,#2586,.F.);
#1766=ORIENTED_EDGE('',*,*,#2589,.F.);
#1767=ORIENTED_EDGE('',*,*,#2592,.F.);
#1768=ORIENTED_EDGE('',*,*,#2595,.F.);
#1769=ORIENTED_EDGE('',*,*,#2598,.F.);
#1770=ORIENTED_EDGE('',*,*,#2624,.F.);
#1771=ORIENTED_EDGE('',*,*,#2389,.T.);
#1772=ORIENTED_EDGE('',*,*,#2385,.T.);
#1773=ORIENTED_EDGE('',*,*,#2435,.T.);
#1774=ORIENTED_EDGE('',*,*,#2404,.T.);
#1775=ORIENTED_EDGE('',*,*,#2401,.T.);
#1776=ORIENTED_EDGE('',*,*,#2398,.T.);
#1777=ORIENTED_EDGE('',*,*,#2395,.T.);
#1778=ORIENTED_EDGE('',*,*,#2392,.T.);
#1779=ORIENTED_EDGE('',*,*,#2441,.T.);
#1780=ORIENTED_EDGE('',*,*,#2437,.T.);
#1781=ORIENTED_EDGE('',*,*,#2491,.T.);
#1782=ORIENTED_EDGE('',*,*,#2468,.T.);
#1783=ORIENTED_EDGE('',*,*,#2465,.T.);
#1784=ORIENTED_EDGE('',*,*,#2462,.T.);
#1785=ORIENTED_EDGE('',*,*,#2459,.T.);
#1786=ORIENTED_EDGE('',*,*,#2456,.T.);
#1787=ORIENTED_EDGE('',*,*,#2453,.T.);
#1788=ORIENTED_EDGE('',*,*,#2450,.T.);
#1789=ORIENTED_EDGE('',*,*,#2447,.T.);
#1790=ORIENTED_EDGE('',*,*,#2444,.T.);
#1791=ORIENTED_EDGE('',*,*,#2517,.T.);
#1792=ORIENTED_EDGE('',*,*,#2513,.T.);
#1793=ORIENTED_EDGE('',*,*,#2563,.T.);
#1794=ORIENTED_EDGE('',*,*,#2532,.T.);
#1795=ORIENTED_EDGE('',*,*,#2529,.T.);
#1796=ORIENTED_EDGE('',*,*,#2526,.T.);
#1797=ORIENTED_EDGE('',*,*,#2523,.T.);
#1798=ORIENTED_EDGE('',*,*,#2520,.T.);
#1799=ORIENTED_EDGE('',*,*,#2569,.T.);
#1800=ORIENTED_EDGE('',*,*,#2565,.T.);
#1801=ORIENTED_EDGE('',*,*,#2623,.T.);
#1802=ORIENTED_EDGE('',*,*,#2596,.T.);
#1803=ORIENTED_EDGE('',*,*,#2593,.T.);
#1804=ORIENTED_EDGE('',*,*,#2590,.T.);
#1805=ORIENTED_EDGE('',*,*,#2587,.T.);
#1806=ORIENTED_EDGE('',*,*,#2584,.T.);
#1807=ORIENTED_EDGE('',*,*,#2581,.T.);
#1808=ORIENTED_EDGE('',*,*,#2578,.T.);
#1809=ORIENTED_EDGE('',*,*,#2575,.T.);
#1810=ORIENTED_EDGE('',*,*,#2572,.T.);
#1811=EDGE_CURVE('',#2625,#2626,#3171,.T.);
#1812=EDGE_CURVE('',#2626,#2627,#3172,.T.);
#1813=EDGE_CURVE('',#2627,#2628,#69,.F.);
#1814=EDGE_CURVE('',#2628,#2629,#70,.F.);
#1815=EDGE_CURVE('',#2629,#2630,#71,.F.);
#1816=EDGE_CURVE('',#2630,#2631,#3173,.T.);
#1817=EDGE_CURVE('',#2631,#2632,#72,.F.);
#1818=EDGE_CURVE('',#2632,#2633,#73,.F.);
#1819=EDGE_CURVE('',#2633,#2634,#74,.F.);
#1820=EDGE_CURVE('',#2634,#2635,#3174,.T.);
#1821=EDGE_CURVE('',#2635,#2636,#3175,.T.);
#1822=EDGE_CURVE('',#2636,#2637,#3176,.T.);
#1823=EDGE_CURVE('',#2637,#2638,#3177,.T.);
#1824=EDGE_CURVE('',#2638,#2625,#3178,.T.);
#1825=EDGE_CURVE('',#2639,#2640,#3179,.T.);
#1826=EDGE_CURVE('',#2640,#2641,#3180,.T.);
#1827=EDGE_CURVE('',#2641,#2642,#75,.F.);
#1828=EDGE_CURVE('',#2642,#2643,#76,.F.);
#1829=EDGE_CURVE('',#2643,#2644,#77,.F.);
#1830=EDGE_CURVE('',#2644,#2645,#3181,.T.);
#1831=EDGE_CURVE('',#2645,#2646,#78,.F.);
#1832=EDGE_CURVE('',#2646,#2647,#79,.F.);
#1833=EDGE_CURVE('',#2647,#2648,#80,.F.);
#1834=EDGE_CURVE('',#2648,#2649,#3182,.T.);
#1835=EDGE_CURVE('',#2649,#2650,#3183,.T.);
#1836=EDGE_CURVE('',#2650,#2651,#3184,.T.);
#1837=EDGE_CURVE('',#2651,#2652,#3185,.T.);
#1838=EDGE_CURVE('',#2652,#2639,#3186,.T.);
#1839=EDGE_CURVE('',#2653,#2654,#3187,.T.);
#1840=EDGE_CURVE('',#2654,#2655,#3188,.T.);
#1841=EDGE_CURVE('',#2656,#2655,#3189,.T.);
#1842=EDGE_CURVE('',#2653,#2656,#3190,.T.);
#1843=EDGE_CURVE('',#2657,#2658,#3191,.T.);
#1844=EDGE_CURVE('',#2658,#2659,#3192,.T.);
#1845=EDGE_CURVE('',#2660,#2659,#3193,.T.);
#1846=EDGE_CURVE('',#2657,#2660,#3194,.T.);
#1847=EDGE_CURVE('',#2661,#2662,#3195,.T.);
#1848=EDGE_CURVE('',#2662,#2663,#3196,.T.);
#1849=EDGE_CURVE('',#2664,#2663,#3197,.T.);
#1850=EDGE_CURVE('',#2661,#2664,#3198,.T.);
#1851=EDGE_CURVE('',#2665,#2666,#3199,.T.);
#1852=EDGE_CURVE('',#2666,#2667,#3200,.T.);
#1853=EDGE_CURVE('',#2668,#2667,#3201,.T.);
#1854=EDGE_CURVE('',#2665,#2668,#3202,.T.);
#1855=EDGE_CURVE('',#2669,#2670,#3203,.T.);
#1856=EDGE_CURVE('',#2670,#2671,#3204,.T.);
#1857=EDGE_CURVE('',#2672,#2671,#3205,.T.);
#1858=EDGE_CURVE('',#2669,#2672,#3206,.T.);
#1859=EDGE_CURVE('',#2673,#2674,#3207,.T.);
#1860=EDGE_CURVE('',#2674,#2675,#3208,.T.);
#1861=EDGE_CURVE('',#2676,#2675,#3209,.T.);
#1862=EDGE_CURVE('',#2673,#2676,#3210,.T.);
#1863=EDGE_CURVE('',#2677,#2678,#3211,.T.);
#1864=EDGE_CURVE('',#2678,#2679,#3212,.T.);
#1865=EDGE_CURVE('',#2680,#2679,#3213,.T.);
#1866=EDGE_CURVE('',#2677,#2680,#3214,.T.);
#1867=EDGE_CURVE('',#2681,#2682,#3215,.T.);
#1868=EDGE_CURVE('',#2681,#2683,#3216,.T.);
#1869=EDGE_CURVE('',#2683,#2684,#3217,.T.);
#1870=EDGE_CURVE('',#2682,#2684,#3218,.T.);
#1871=EDGE_CURVE('',#2685,#2686,#3219,.T.);
#1872=EDGE_CURVE('',#2685,#2687,#3220,.T.);
#1873=EDGE_CURVE('',#2687,#2688,#3221,.T.);
#1874=EDGE_CURVE('',#2686,#2688,#3222,.T.);
#1875=EDGE_CURVE('',#2689,#2690,#3223,.T.);
#1876=EDGE_CURVE('',#2690,#2691,#3224,.T.);
#1877=EDGE_CURVE('',#2692,#2691,#3225,.T.);
#1878=EDGE_CURVE('',#2689,#2692,#3226,.T.);
#1879=EDGE_CURVE('',#2693,#2694,#3227,.T.);
#1880=EDGE_CURVE('',#2693,#2695,#3228,.T.);
#1881=EDGE_CURVE('',#2695,#2696,#3229,.T.);
#1882=EDGE_CURVE('',#2694,#2696,#3230,.T.);
#1883=EDGE_CURVE('',#2697,#2698,#3231,.T.);
#1884=EDGE_CURVE('',#2697,#2699,#3232,.T.);
#1885=EDGE_CURVE('',#2699,#2700,#3233,.T.);
#1886=EDGE_CURVE('',#2698,#2700,#3234,.T.);
#1887=EDGE_CURVE('',#2701,#2702,#3235,.T.);
#1888=EDGE_CURVE('',#2702,#2703,#3236,.T.);
#1889=EDGE_CURVE('',#2704,#2703,#3237,.T.);
#1890=EDGE_CURVE('',#2701,#2704,#3238,.T.);
#1891=EDGE_CURVE('',#2705,#2706,#3239,.T.);
#1892=EDGE_CURVE('',#2705,#2707,#3240,.T.);
#1893=EDGE_CURVE('',#2707,#2708,#3241,.T.);
#1894=EDGE_CURVE('',#2706,#2708,#3242,.T.);
#1895=EDGE_CURVE('',#2709,#2710,#3243,.T.);
#1896=EDGE_CURVE('',#2709,#2711,#3244,.T.);
#1897=EDGE_CURVE('',#2711,#2712,#3245,.T.);
#1898=EDGE_CURVE('',#2710,#2712,#3246,.T.);
#1899=EDGE_CURVE('',#2713,#2714,#3247,.T.);
#1900=EDGE_CURVE('',#2714,#2715,#3248,.T.);
#1901=EDGE_CURVE('',#2716,#2715,#3249,.T.);
#1902=EDGE_CURVE('',#2713,#2716,#3250,.T.);
#1903=EDGE_CURVE('',#2717,#2717,#81,.T.);
#1904=EDGE_CURVE('',#2718,#2719,#3251,.T.);
#1905=EDGE_CURVE('',#2718,#2720,#3252,.T.);
#1906=EDGE_CURVE('',#2720,#2721,#3253,.T.);
#1907=EDGE_CURVE('',#2719,#2721,#3254,.T.);
#1908=EDGE_CURVE('',#2722,#2723,#3255,.T.);
#1909=EDGE_CURVE('',#2722,#2724,#3256,.T.);
#1910=EDGE_CURVE('',#2724,#2725,#3257,.T.);
#1911=EDGE_CURVE('',#2723,#2725,#3258,.T.);
#1912=EDGE_CURVE('',#2726,#2727,#3259,.T.);
#1913=EDGE_CURVE('',#2728,#2726,#3260,.T.);
#1914=EDGE_CURVE('',#2728,#2729,#3261,.T.);
#1915=EDGE_CURVE('',#2729,#2727,#3262,.T.);
#1916=EDGE_CURVE('',#2730,#2731,#3263,.T.);
#1917=EDGE_CURVE('',#2732,#2730,#3264,.T.);
#1918=EDGE_CURVE('',#2732,#2733,#3265,.T.);
#1919=EDGE_CURVE('',#2733,#2731,#3266,.T.);
#1920=EDGE_CURVE('',#2734,#2735,#3267,.T.);
#1921=EDGE_CURVE('',#2734,#2736,#3268,.T.);
#1922=EDGE_CURVE('',#2736,#2737,#3269,.T.);
#1923=EDGE_CURVE('',#2735,#2737,#3270,.T.);
#1924=EDGE_CURVE('',#2738,#2739,#3271,.T.);
#1925=EDGE_CURVE('',#2738,#2740,#3272,.T.);
#1926=EDGE_CURVE('',#2740,#2741,#3273,.T.);
#1927=EDGE_CURVE('',#2739,#2741,#3274,.T.);
#1928=EDGE_CURVE('',#2742,#2743,#3275,.T.);
#1929=EDGE_CURVE('',#2742,#2744,#3276,.T.);
#1930=EDGE_CURVE('',#2744,#2745,#3277,.T.);
#1931=EDGE_CURVE('',#2743,#2745,#3278,.T.);
#1932=EDGE_CURVE('',#2746,#2747,#3279,.T.);
#1933=EDGE_CURVE('',#2748,#2746,#3280,.T.);
#1934=EDGE_CURVE('',#2748,#2749,#3281,.T.);
#1935=EDGE_CURVE('',#2749,#2747,#3282,.T.);
#1936=EDGE_CURVE('',#2750,#2751,#3283,.T.);
#1937=EDGE_CURVE('',#2752,#2750,#3284,.T.);
#1938=EDGE_CURVE('',#2752,#2753,#3285,.T.);
#1939=EDGE_CURVE('',#2753,#2751,#3286,.T.);
#1940=EDGE_CURVE('',#2754,#2755,#3287,.T.);
#1941=EDGE_CURVE('',#2754,#2756,#3288,.T.);
#1942=EDGE_CURVE('',#2756,#2757,#3289,.T.);
#1943=EDGE_CURVE('',#2755,#2757,#3290,.T.);
#1944=EDGE_CURVE('',#2758,#2759,#3291,.T.);
#1945=EDGE_CURVE('',#2758,#2760,#3292,.T.);
#1946=EDGE_CURVE('',#2760,#2761,#3293,.T.);
#1947=EDGE_CURVE('',#2759,#2761,#3294,.T.);
#1948=EDGE_CURVE('',#2762,#2763,#3295,.T.);
#1949=EDGE_CURVE('',#2762,#2764,#3296,.T.);
#1950=EDGE_CURVE('',#2764,#2765,#3297,.T.);
#1951=EDGE_CURVE('',#2763,#2765,#3298,.T.);
#1952=EDGE_CURVE('',#2766,#2767,#3299,.T.);
#1953=EDGE_CURVE('',#2768,#2766,#3300,.T.);
#1954=EDGE_CURVE('',#2768,#2769,#3301,.T.);
#1955=EDGE_CURVE('',#2769,#2767,#3302,.T.);
#1956=EDGE_CURVE('',#2770,#2771,#3303,.T.);
#1957=EDGE_CURVE('',#2772,#2770,#3304,.T.);
#1958=EDGE_CURVE('',#2772,#2773,#3305,.T.);
#1959=EDGE_CURVE('',#2773,#2771,#3306,.T.);
#1960=EDGE_CURVE('',#2774,#2775,#3307,.T.);
#1961=EDGE_CURVE('',#2774,#2776,#3308,.T.);
#1962=EDGE_CURVE('',#2776,#2777,#3309,.T.);
#1963=EDGE_CURVE('',#2775,#2777,#3310,.T.);
#1964=EDGE_CURVE('',#2778,#2779,#3311,.T.);
#1965=EDGE_CURVE('',#2778,#2780,#3312,.T.);
#1966=EDGE_CURVE('',#2780,#2781,#3313,.T.);
#1967=EDGE_CURVE('',#2779,#2781,#3314,.T.);
#1968=EDGE_CURVE('',#2782,#2783,#3315,.T.);
#1969=EDGE_CURVE('',#2782,#2784,#3316,.T.);
#1970=EDGE_CURVE('',#2784,#2785,#3317,.T.);
#1971=EDGE_CURVE('',#2783,#2785,#3318,.T.);
#1972=EDGE_CURVE('',#2786,#2787,#3319,.T.);
#1973=EDGE_CURVE('',#2786,#2788,#3320,.T.);
#1974=EDGE_CURVE('',#2788,#2789,#3321,.T.);
#1975=EDGE_CURVE('',#2787,#2789,#3322,.T.);
#1976=EDGE_CURVE('',#2790,#2791,#3323,.T.);
#1977=EDGE_CURVE('',#2790,#2792,#3324,.T.);
#1978=EDGE_CURVE('',#2792,#2793,#3325,.T.);
#1979=EDGE_CURVE('',#2791,#2793,#3326,.T.);
#1980=EDGE_CURVE('',#2794,#2795,#3327,.T.);
#1981=EDGE_CURVE('',#2794,#2796,#3328,.T.);
#1982=EDGE_CURVE('',#2796,#2797,#3329,.T.);
#1983=EDGE_CURVE('',#2795,#2797,#3330,.T.);
#1984=EDGE_CURVE('',#2798,#2799,#3331,.T.);
#1985=EDGE_CURVE('',#2798,#2800,#3332,.T.);
#1986=EDGE_CURVE('',#2800,#2801,#3333,.T.);
#1987=EDGE_CURVE('',#2799,#2801,#3334,.T.);
#1988=EDGE_CURVE('',#2802,#2803,#3335,.T.);
#1989=EDGE_CURVE('',#2802,#2804,#3336,.T.);
#1990=EDGE_CURVE('',#2804,#2805,#3337,.T.);
#1991=EDGE_CURVE('',#2803,#2805,#3338,.T.);
#1992=EDGE_CURVE('',#2806,#2807,#3339,.T.);
#1993=EDGE_CURVE('',#2806,#2808,#3340,.T.);
#1994=EDGE_CURVE('',#2808,#2809,#3341,.T.);
#1995=EDGE_CURVE('',#2807,#2809,#3342,.T.);
#1996=EDGE_CURVE('',#2810,#2811,#3343,.T.);
#1997=EDGE_CURVE('',#2810,#2812,#3344,.T.);
#1998=EDGE_CURVE('',#2812,#2813,#3345,.T.);
#1999=EDGE_CURVE('',#2811,#2813,#3346,.T.);
#2000=EDGE_CURVE('',#2814,#2815,#3347,.T.);
#2001=EDGE_CURVE('',#2815,#2816,#82,.T.);
#2002=EDGE_CURVE('',#2817,#2816,#3348,.T.);
#2003=EDGE_CURVE('',#2817,#2818,#83,.T.);
#2004=EDGE_CURVE('',#2819,#2818,#3349,.T.);
#2005=EDGE_CURVE('',#2819,#2820,#84,.T.);
#2006=EDGE_CURVE('',#2820,#2821,#3350,.T.);
#2007=EDGE_CURVE('',#2821,#2814,#85,.T.);
#2008=EDGE_CURVE('',#2822,#2822,#86,.T.);
#2009=EDGE_CURVE('',#2823,#2823,#87,.T.);
#2010=EDGE_CURVE('',#2824,#2824,#88,.T.);
#2011=EDGE_CURVE('',#2825,#2825,#89,.T.);
#2012=EDGE_CURVE('',#2826,#2827,#3351,.T.);
#2013=EDGE_CURVE('',#2827,#2828,#3352,.T.);
#2014=EDGE_CURVE('',#2828,#2829,#3353,.T.);
#2015=EDGE_CURVE('',#2829,#2830,#90,.F.);
#2016=EDGE_CURVE('',#2830,#2831,#91,.F.);
#2017=EDGE_CURVE('',#2831,#2832,#92,.F.);
#2018=EDGE_CURVE('',#2832,#2833,#3354,.T.);
#2019=EDGE_CURVE('',#2833,#2834,#93,.F.);
#2020=EDGE_CURVE('',#2834,#2835,#94,.F.);
#2021=EDGE_CURVE('',#2835,#2826,#95,.F.);
#2022=EDGE_CURVE('',#2836,#2837,#3355,.T.);
#2023=EDGE_CURVE('',#2837,#2838,#3356,.T.);
#2024=EDGE_CURVE('',#2838,#2839,#3357,.T.);
#2025=EDGE_CURVE('',#2839,#2840,#3358,.T.);
#2026=EDGE_CURVE('',#2840,#2841,#3359,.T.);
#2027=EDGE_CURVE('',#2841,#2842,#3360,.T.);
#2028=EDGE_CURVE('',#2842,#2843,#3361,.T.);
#2029=EDGE_CURVE('',#2843,#2844,#3362,.T.);
#2030=EDGE_CURVE('',#2844,#2845,#3363,.T.);
#2031=EDGE_CURVE('',#2845,#2836,#3364,.T.);
#2032=EDGE_CURVE('',#2846,#2847,#3365,.T.);
#2033=EDGE_CURVE('',#2847,#2848,#3366,.T.);
#2034=EDGE_CURVE('',#2848,#2849,#3367,.T.);
#2035=EDGE_CURVE('',#2849,#2850,#96,.F.);
#2036=EDGE_CURVE('',#2850,#2851,#97,.F.);
#2037=EDGE_CURVE('',#2851,#2852,#98,.F.);
#2038=EDGE_CURVE('',#2852,#2853,#3368,.T.);
#2039=EDGE_CURVE('',#2853,#2854,#99,.F.);
#2040=EDGE_CURVE('',#2854,#2855,#100,.F.);
#2041=EDGE_CURVE('',#2855,#2856,#101,.F.);
#2042=EDGE_CURVE('',#2856,#2857,#3369,.T.);
#2043=EDGE_CURVE('',#2857,#2846,#3370,.T.);
#2044=EDGE_CURVE('',#2818,#2858,#3371,.T.);
#2045=EDGE_CURVE('',#2859,#2858,#3372,.T.);
#2046=EDGE_CURVE('',#2859,#2819,#3373,.F.);
#2047=EDGE_CURVE('',#2820,#2860,#3374,.T.);
#2048=EDGE_CURVE('',#2860,#2861,#3375,.T.);
#2049=EDGE_CURVE('',#2861,#2821,#3376,.F.);
#2050=EDGE_CURVE('',#2862,#2863,#3377,.T.);
#2051=EDGE_CURVE('',#2863,#2815,#3378,.F.);
#2052=EDGE_CURVE('',#2814,#2862,#3379,.T.);
#2053=EDGE_CURVE('',#2864,#2865,#3380,.T.);
#2054=EDGE_CURVE('',#2810,#2864,#3381,.T.);
#2055=EDGE_CURVE('',#2811,#2865,#3382,.T.);
#2056=EDGE_CURVE('',#2864,#2866,#3383,.T.);
#2057=EDGE_CURVE('',#2812,#2866,#3384,.T.);
#2058=EDGE_CURVE('',#2866,#2867,#3385,.T.);
#2059=EDGE_CURVE('',#2813,#2867,#3386,.T.);
#2060=EDGE_CURVE('',#2868,#2869,#3387,.T.);
#2061=EDGE_CURVE('',#2806,#2868,#3388,.T.);
#2062=EDGE_CURVE('',#2807,#2869,#3389,.T.);
#2063=EDGE_CURVE('',#2868,#2870,#3390,.T.);
#2064=EDGE_CURVE('',#2808,#2870,#3391,.T.);
#2065=EDGE_CURVE('',#2870,#2871,#3392,.T.);
#2066=EDGE_CURVE('',#2809,#2871,#3393,.T.);
#2067=EDGE_CURVE('',#2872,#2873,#3394,.T.);
#2068=EDGE_CURVE('',#2802,#2872,#3395,.T.);
#2069=EDGE_CURVE('',#2803,#2873,#3396,.T.);
#2070=EDGE_CURVE('',#2872,#2874,#3397,.T.);
#2071=EDGE_CURVE('',#2804,#2874,#3398,.T.);
#2072=EDGE_CURVE('',#2874,#2875,#3399,.T.);
#2073=EDGE_CURVE('',#2805,#2875,#3400,.T.);
#2074=EDGE_CURVE('',#2876,#2877,#3401,.T.);
#2075=EDGE_CURVE('',#2798,#2876,#3402,.T.);
#2076=EDGE_CURVE('',#2799,#2877,#3403,.T.);
#2077=EDGE_CURVE('',#2876,#2878,#3404,.T.);
#2078=EDGE_CURVE('',#2800,#2878,#3405,.T.);
#2079=EDGE_CURVE('',#2878,#2879,#3406,.T.);
#2080=EDGE_CURVE('',#2801,#2879,#3407,.T.);
#2081=EDGE_CURVE('',#2880,#2881,#3408,.T.);
#2082=EDGE_CURVE('',#2794,#2880,#3409,.T.);
#2083=EDGE_CURVE('',#2795,#2881,#3410,.T.);
#2084=EDGE_CURVE('',#2880,#2882,#3411,.T.);
#2085=EDGE_CURVE('',#2796,#2882,#3412,.T.);
#2086=EDGE_CURVE('',#2882,#2883,#3413,.T.);
#2087=EDGE_CURVE('',#2797,#2883,#3414,.T.);
#2088=EDGE_CURVE('',#2884,#2885,#3415,.T.);
#2089=EDGE_CURVE('',#2790,#2884,#3416,.T.);
#2090=EDGE_CURVE('',#2791,#2885,#3417,.T.);
#2091=EDGE_CURVE('',#2884,#2886,#3418,.T.);
#2092=EDGE_CURVE('',#2792,#2886,#3419,.T.);
#2093=EDGE_CURVE('',#2886,#2887,#3420,.T.);
#2094=EDGE_CURVE('',#2793,#2887,#3421,.T.);
#2095=EDGE_CURVE('',#2888,#2889,#3422,.T.);
#2096=EDGE_CURVE('',#2786,#2888,#3423,.T.);
#2097=EDGE_CURVE('',#2787,#2889,#3424,.T.);
#2098=EDGE_CURVE('',#2888,#2890,#3425,.T.);
#2099=EDGE_CURVE('',#2788,#2890,#3426,.T.);
#2100=EDGE_CURVE('',#2890,#2891,#3427,.T.);
#2101=EDGE_CURVE('',#2789,#2891,#3428,.T.);
#2102=EDGE_CURVE('',#2892,#2893,#3429,.T.);
#2103=EDGE_CURVE('',#2782,#2892,#3430,.T.);
#2104=EDGE_CURVE('',#2783,#2893,#3431,.T.);
#2105=EDGE_CURVE('',#2892,#2894,#3432,.T.);
#2106=EDGE_CURVE('',#2784,#2894,#3433,.T.);
#2107=EDGE_CURVE('',#2894,#2895,#3434,.T.);
#2108=EDGE_CURVE('',#2785,#2895,#3435,.T.);
#2109=EDGE_CURVE('',#2896,#2897,#3436,.T.);
#2110=EDGE_CURVE('',#2778,#2896,#3437,.T.);
#2111=EDGE_CURVE('',#2779,#2897,#3438,.T.);
#2112=EDGE_CURVE('',#2896,#2898,#3439,.T.);
#2113=EDGE_CURVE('',#2780,#2898,#3440,.T.);
#2114=EDGE_CURVE('',#2898,#2899,#3441,.T.);
#2115=EDGE_CURVE('',#2781,#2899,#3442,.T.);
#2116=EDGE_CURVE('',#2900,#2901,#3443,.T.);
#2117=EDGE_CURVE('',#2774,#2900,#3444,.T.);
#2118=EDGE_CURVE('',#2775,#2901,#3445,.T.);
#2119=EDGE_CURVE('',#2900,#2902,#3446,.T.);
#2120=EDGE_CURVE('',#2776,#2902,#3447,.T.);
#2121=EDGE_CURVE('',#2902,#2903,#3448,.T.);
#2122=EDGE_CURVE('',#2777,#2903,#3449,.T.);
#2123=EDGE_CURVE('',#2904,#2905,#3450,.T.);
#2124=EDGE_CURVE('',#2770,#2904,#3451,.T.);
#2125=EDGE_CURVE('',#2771,#2905,#3452,.T.);
#2126=EDGE_CURVE('',#2906,#2904,#3453,.T.);
#2127=EDGE_CURVE('',#2772,#2906,#3454,.T.);
#2128=EDGE_CURVE('',#2906,#2907,#3455,.T.);
#2129=EDGE_CURVE('',#2773,#2907,#3456,.T.);
#2130=EDGE_CURVE('',#2908,#2909,#3457,.T.);
#2131=EDGE_CURVE('',#2766,#2908,#3458,.T.);
#2132=EDGE_CURVE('',#2767,#2909,#3459,.T.);
#2133=EDGE_CURVE('',#2910,#2908,#3460,.T.);
#2134=EDGE_CURVE('',#2768,#2910,#3461,.T.);
#2135=EDGE_CURVE('',#2910,#2911,#3462,.T.);
#2136=EDGE_CURVE('',#2769,#2911,#3463,.T.);
#2137=EDGE_CURVE('',#2912,#2913,#3464,.T.);
#2138=EDGE_CURVE('',#2762,#2912,#3465,.T.);
#2139=EDGE_CURVE('',#2763,#2913,#3466,.T.);
#2140=EDGE_CURVE('',#2912,#2914,#3467,.T.);
#2141=EDGE_CURVE('',#2764,#2914,#3468,.T.);
#2142=EDGE_CURVE('',#2914,#2915,#3469,.T.);
#2143=EDGE_CURVE('',#2765,#2915,#3470,.T.);
#2144=EDGE_CURVE('',#2916,#2917,#3471,.T.);
#2145=EDGE_CURVE('',#2758,#2916,#3472,.T.);
#2146=EDGE_CURVE('',#2759,#2917,#3473,.T.);
#2147=EDGE_CURVE('',#2916,#2918,#3474,.T.);
#2148=EDGE_CURVE('',#2760,#2918,#3475,.T.);
#2149=EDGE_CURVE('',#2918,#2919,#3476,.T.);
#2150=EDGE_CURVE('',#2761,#2919,#3477,.T.);
#2151=EDGE_CURVE('',#2920,#2921,#3478,.T.);
#2152=EDGE_CURVE('',#2754,#2920,#3479,.T.);
#2153=EDGE_CURVE('',#2755,#2921,#3480,.T.);
#2154=EDGE_CURVE('',#2920,#2922,#3481,.T.);
#2155=EDGE_CURVE('',#2756,#2922,#3482,.T.);
#2156=EDGE_CURVE('',#2922,#2923,#3483,.T.);
#2157=EDGE_CURVE('',#2757,#2923,#3484,.T.);
#2158=EDGE_CURVE('',#2924,#2925,#3485,.T.);
#2159=EDGE_CURVE('',#2750,#2924,#3486,.T.);
#2160=EDGE_CURVE('',#2751,#2925,#3487,.T.);
#2161=EDGE_CURVE('',#2926,#2924,#3488,.T.);
#2162=EDGE_CURVE('',#2752,#2926,#3489,.T.);
#2163=EDGE_CURVE('',#2926,#2927,#3490,.T.);
#2164=EDGE_CURVE('',#2753,#2927,#3491,.T.);
#2165=EDGE_CURVE('',#2928,#2929,#3492,.T.);
#2166=EDGE_CURVE('',#2746,#2928,#3493,.T.);
#2167=EDGE_CURVE('',#2747,#2929,#3494,.T.);
#2168=EDGE_CURVE('',#2930,#2928,#3495,.T.);
#2169=EDGE_CURVE('',#2748,#2930,#3496,.T.);
#2170=EDGE_CURVE('',#2930,#2931,#3497,.T.);
#2171=EDGE_CURVE('',#2749,#2931,#3498,.T.);
#2172=EDGE_CURVE('',#2932,#2933,#3499,.T.);
#2173=EDGE_CURVE('',#2742,#2932,#3500,.T.);
#2174=EDGE_CURVE('',#2743,#2933,#3501,.T.);
#2175=EDGE_CURVE('',#2932,#2934,#3502,.T.);
#2176=EDGE_CURVE('',#2744,#2934,#3503,.T.);
#2177=EDGE_CURVE('',#2934,#2935,#3504,.T.);
#2178=EDGE_CURVE('',#2745,#2935,#3505,.T.);
#2179=EDGE_CURVE('',#2936,#2937,#3506,.T.);
#2180=EDGE_CURVE('',#2738,#2936,#3507,.T.);
#2181=EDGE_CURVE('',#2739,#2937,#3508,.T.);
#2182=EDGE_CURVE('',#2936,#2938,#3509,.T.);
#2183=EDGE_CURVE('',#2740,#2938,#3510,.T.);
#2184=EDGE_CURVE('',#2938,#2939,#3511,.T.);
#2185=EDGE_CURVE('',#2741,#2939,#3512,.T.);
#2186=EDGE_CURVE('',#2940,#2941,#3513,.T.);
#2187=EDGE_CURVE('',#2734,#2940,#3514,.T.);
#2188=EDGE_CURVE('',#2735,#2941,#3515,.T.);
#2189=EDGE_CURVE('',#2940,#2942,#3516,.T.);
#2190=EDGE_CURVE('',#2736,#2942,#3517,.T.);
#2191=EDGE_CURVE('',#2942,#2943,#3518,.T.);
#2192=EDGE_CURVE('',#2737,#2943,#3519,.T.);
#2193=EDGE_CURVE('',#2944,#2945,#3520,.T.);
#2194=EDGE_CURVE('',#2730,#2944,#3521,.T.);
#2195=EDGE_CURVE('',#2731,#2945,#3522,.T.);
#2196=EDGE_CURVE('',#2946,#2944,#3523,.T.);
#2197=EDGE_CURVE('',#2732,#2946,#3524,.T.);
#2198=EDGE_CURVE('',#2946,#2947,#3525,.T.);
#2199=EDGE_CURVE('',#2733,#2947,#3526,.T.);
#2200=EDGE_CURVE('',#2948,#2949,#3527,.T.);
#2201=EDGE_CURVE('',#2726,#2948,#3528,.T.);
#2202=EDGE_CURVE('',#2727,#2949,#3529,.T.);
#2203=EDGE_CURVE('',#2950,#2948,#3530,.T.);
#2204=EDGE_CURVE('',#2728,#2950,#3531,.T.);
#2205=EDGE_CURVE('',#2950,#2951,#3532,.T.);
#2206=EDGE_CURVE('',#2729,#2951,#3533,.T.);
#2207=EDGE_CURVE('',#2952,#2953,#3534,.T.);
#2208=EDGE_CURVE('',#2722,#2952,#3535,.T.);
#2209=EDGE_CURVE('',#2723,#2953,#3536,.T.);
#2210=EDGE_CURVE('',#2952,#2954,#3537,.T.);
#2211=EDGE_CURVE('',#2724,#2954,#3538,.T.);
#2212=EDGE_CURVE('',#2954,#2955,#3539,.T.);
#2213=EDGE_CURVE('',#2725,#2955,#3540,.T.);
#2214=EDGE_CURVE('',#2956,#2957,#3541,.T.);
#2215=EDGE_CURVE('',#2718,#2956,#3542,.T.);
#2216=EDGE_CURVE('',#2719,#2957,#3543,.T.);
#2217=EDGE_CURVE('',#2956,#2958,#3544,.T.);
#2218=EDGE_CURVE('',#2720,#2958,#3545,.T.);
#2219=EDGE_CURVE('',#2958,#2959,#3546,.T.);
#2220=EDGE_CURVE('',#2721,#2959,#3547,.T.);
#2221=EDGE_CURVE('',#2960,#2961,#3548,.T.);
#2222=EDGE_CURVE('',#2714,#2961,#3549,.T.);
#2223=EDGE_CURVE('',#2713,#2960,#3550,.T.);
#2224=EDGE_CURVE('',#2961,#2962,#3551,.T.);
#2225=EDGE_CURVE('',#2715,#2962,#3552,.T.);
#2226=EDGE_CURVE('',#2963,#2962,#3553,.T.);
#2227=EDGE_CURVE('',#2716,#2963,#3554,.T.);
#2228=EDGE_CURVE('',#2964,#2965,#3555,.T.);
#2229=EDGE_CURVE('',#2709,#2964,#3556,.T.);
#2230=EDGE_CURVE('',#2710,#2965,#3557,.T.);
#2231=EDGE_CURVE('',#2964,#2966,#3558,.T.);
#2232=EDGE_CURVE('',#2711,#2966,#3559,.T.);
#2233=EDGE_CURVE('',#2966,#2967,#3560,.T.);
#2234=EDGE_CURVE('',#2712,#2967,#3561,.T.);
#2235=EDGE_CURVE('',#2968,#2969,#3562,.T.);
#2236=EDGE_CURVE('',#2705,#2968,#3563,.T.);
#2237=EDGE_CURVE('',#2706,#2969,#3564,.T.);
#2238=EDGE_CURVE('',#2968,#2970,#3565,.T.);
#2239=EDGE_CURVE('',#2707,#2970,#3566,.T.);
#2240=EDGE_CURVE('',#2970,#2971,#3567,.T.);
#2241=EDGE_CURVE('',#2708,#2971,#3568,.T.);
#2242=EDGE_CURVE('',#2972,#2973,#3569,.T.);
#2243=EDGE_CURVE('',#2702,#2973,#3570,.T.);
#2244=EDGE_CURVE('',#2701,#2972,#3571,.T.);
#2245=EDGE_CURVE('',#2973,#2974,#3572,.T.);
#2246=EDGE_CURVE('',#2703,#2974,#3573,.T.);
#2247=EDGE_CURVE('',#2975,#2974,#3574,.T.);
#2248=EDGE_CURVE('',#2704,#2975,#3575,.T.);
#2249=EDGE_CURVE('',#2976,#2977,#3576,.T.);
#2250=EDGE_CURVE('',#2697,#2976,#3577,.T.);
#2251=EDGE_CURVE('',#2698,#2977,#3578,.T.);
#2252=EDGE_CURVE('',#2976,#2978,#3579,.T.);
#2253=EDGE_CURVE('',#2699,#2978,#3580,.T.);
#2254=EDGE_CURVE('',#2978,#2979,#3581,.T.);
#2255=EDGE_CURVE('',#2700,#2979,#3582,.T.);
#2256=EDGE_CURVE('',#2980,#2981,#3583,.T.);
#2257=EDGE_CURVE('',#2693,#2980,#3584,.T.);
#2258=EDGE_CURVE('',#2694,#2981,#3585,.T.);
#2259=EDGE_CURVE('',#2980,#2982,#3586,.T.);
#2260=EDGE_CURVE('',#2695,#2982,#3587,.T.);
#2261=EDGE_CURVE('',#2982,#2983,#3588,.T.);
#2262=EDGE_CURVE('',#2696,#2983,#3589,.T.);
#2263=EDGE_CURVE('',#2984,#2985,#3590,.T.);
#2264=EDGE_CURVE('',#2690,#2985,#3591,.T.);
#2265=EDGE_CURVE('',#2689,#2984,#3592,.T.);
#2266=EDGE_CURVE('',#2985,#2986,#3593,.T.);
#2267=EDGE_CURVE('',#2691,#2986,#3594,.T.);
#2268=EDGE_CURVE('',#2987,#2986,#3595,.T.);
#2269=EDGE_CURVE('',#2692,#2987,#3596,.T.);
#2270=EDGE_CURVE('',#2988,#2989,#3597,.T.);
#2271=EDGE_CURVE('',#2685,#2988,#3598,.T.);
#2272=EDGE_CURVE('',#2686,#2989,#3599,.T.);
#2273=EDGE_CURVE('',#2988,#2990,#3600,.T.);
#2274=EDGE_CURVE('',#2687,#2990,#3601,.T.);
#2275=EDGE_CURVE('',#2990,#2991,#3602,.T.);
#2276=EDGE_CURVE('',#2688,#2991,#3603,.T.);
#2277=EDGE_CURVE('',#2992,#2993,#3604,.T.);
#2278=EDGE_CURVE('',#2681,#2992,#3605,.T.);
#2279=EDGE_CURVE('',#2682,#2993,#3606,.T.);
#2280=EDGE_CURVE('',#2992,#2994,#3607,.T.);
#2281=EDGE_CURVE('',#2683,#2994,#3608,.T.);
#2282=EDGE_CURVE('',#2994,#2995,#3609,.T.);
#2283=EDGE_CURVE('',#2684,#2995,#3610,.T.);
#2284=EDGE_CURVE('',#2996,#2997,#3611,.T.);
#2285=EDGE_CURVE('',#2678,#2997,#3612,.T.);
#2286=EDGE_CURVE('',#2677,#2996,#3613,.T.);
#2287=EDGE_CURVE('',#2997,#2998,#3614,.T.);
#2288=EDGE_CURVE('',#2679,#2998,#3615,.T.);
#2289=EDGE_CURVE('',#2999,#2998,#3616,.T.);
#2290=EDGE_CURVE('',#2680,#2999,#3617,.T.);
#2291=EDGE_CURVE('',#3000,#3001,#3618,.T.);
#2292=EDGE_CURVE('',#2674,#3001,#3619,.T.);
#2293=EDGE_CURVE('',#2673,#3000,#3620,.T.);
#2294=EDGE_CURVE('',#3001,#3002,#3621,.T.);
#2295=EDGE_CURVE('',#2675,#3002,#3622,.T.);
#2296=EDGE_CURVE('',#3003,#3002,#3623,.T.);
#2297=EDGE_CURVE('',#2676,#3003,#3624,.T.);
#2298=EDGE_CURVE('',#3004,#3005,#3625,.T.);
#2299=EDGE_CURVE('',#2670,#3005,#3626,.T.);
#2300=EDGE_CURVE('',#2669,#3004,#3627,.T.);
#2301=EDGE_CURVE('',#3005,#3006,#3628,.T.);
#2302=EDGE_CURVE('',#2671,#3006,#3629,.T.);
#2303=EDGE_CURVE('',#3007,#3006,#3630,.T.);
#2304=EDGE_CURVE('',#2672,#3007,#3631,.T.);
#2305=EDGE_CURVE('',#3008,#3009,#3632,.T.);
#2306=EDGE_CURVE('',#2666,#3009,#3633,.T.);
#2307=EDGE_CURVE('',#2665,#3008,#3634,.T.);
#2308=EDGE_CURVE('',#3009,#3010,#3635,.T.);
#2309=EDGE_CURVE('',#2667,#3010,#3636,.T.);
#2310=EDGE_CURVE('',#3011,#3010,#3637,.T.);
#2311=EDGE_CURVE('',#2668,#3011,#3638,.T.);
#2312=EDGE_CURVE('',#3012,#3013,#3639,.T.);
#2313=EDGE_CURVE('',#2662,#3013,#3640,.T.);
#2314=EDGE_CURVE('',#2661,#3012,#3641,.T.);
#2315=EDGE_CURVE('',#3013,#3014,#3642,.T.);
#2316=EDGE_CURVE('',#2663,#3014,#3643,.T.);
#2317=EDGE_CURVE('',#3015,#3014,#3644,.T.);
#2318=EDGE_CURVE('',#2664,#3015,#3645,.T.);
#2319=EDGE_CURVE('',#3016,#3017,#3646,.T.);
#2320=EDGE_CURVE('',#2658,#3017,#3647,.T.);
#2321=EDGE_CURVE('',#2657,#3016,#3648,.T.);
#2322=EDGE_CURVE('',#3017,#3018,#3649,.T.);
#2323=EDGE_CURVE('',#2659,#3018,#3650,.T.);
#2324=EDGE_CURVE('',#3019,#3018,#3651,.T.);
#2325=EDGE_CURVE('',#2660,#3019,#3652,.T.);
#2326=EDGE_CURVE('',#3020,#3021,#3653,.T.);
#2327=EDGE_CURVE('',#2654,#3021,#3654,.T.);
#2328=EDGE_CURVE('',#2653,#3020,#3655,.T.);
#2329=EDGE_CURVE('',#3021,#3022,#3656,.T.);
#2330=EDGE_CURVE('',#2655,#3022,#3657,.T.);
#2331=EDGE_CURVE('',#3023,#3022,#3658,.T.);
#2332=EDGE_CURVE('',#2656,#3023,#3659,.T.);
#2333=EDGE_CURVE('',#3024,#3024,#102,.T.);
#2334=EDGE_CURVE('',#3025,#3025,#103,.T.);
#2335=EDGE_CURVE('',#3026,#3026,#104,.T.);
#2336=EDGE_CURVE('',#2816,#3027,#3660,.T.);
#2337=EDGE_CURVE('',#3028,#3027,#3661,.T.);
#2338=EDGE_CURVE('',#3028,#2817,#3662,.F.);
#2339=EDGE_CURVE('',#2865,#2867,#3663,.T.);
#2340=EDGE_CURVE('',#2869,#2871,#3664,.T.);
#2341=EDGE_CURVE('',#2873,#2875,#3665,.T.);
#2342=EDGE_CURVE('',#2877,#2879,#3666,.T.);
#2343=EDGE_CURVE('',#2881,#2883,#3667,.T.);
#2344=EDGE_CURVE('',#2885,#2887,#3668,.T.);
#2345=EDGE_CURVE('',#2889,#2891,#3669,.T.);
#2346=EDGE_CURVE('',#2893,#2895,#3670,.T.);
#2347=EDGE_CURVE('',#2897,#2899,#3671,.T.);
#2348=EDGE_CURVE('',#2901,#2903,#3672,.T.);
#2349=EDGE_CURVE('',#2907,#2905,#3673,.T.);
#2350=EDGE_CURVE('',#2911,#2909,#3674,.T.);
#2351=EDGE_CURVE('',#2913,#2915,#3675,.T.);
#2352=EDGE_CURVE('',#2917,#2919,#3676,.T.);
#2353=EDGE_CURVE('',#2921,#2923,#3677,.T.);
#2354=EDGE_CURVE('',#2927,#2925,#3678,.T.);
#2355=EDGE_CURVE('',#2931,#2929,#3679,.T.);
#2356=EDGE_CURVE('',#2933,#2935,#3680,.T.);
#2357=EDGE_CURVE('',#2937,#2939,#3681,.T.);
#2358=EDGE_CURVE('',#2941,#2943,#3682,.T.);
#2359=EDGE_CURVE('',#2947,#2945,#3683,.T.);
#2360=EDGE_CURVE('',#2951,#2949,#3684,.T.);
#2361=EDGE_CURVE('',#2953,#2955,#3685,.T.);
#2362=EDGE_CURVE('',#2957,#2959,#3686,.T.);
#2363=EDGE_CURVE('',#3029,#3029,#105,.T.);
#2364=EDGE_CURVE('',#2960,#2963,#3687,.T.);
#2365=EDGE_CURVE('',#2965,#2967,#3688,.T.);
#2366=EDGE_CURVE('',#2969,#2971,#3689,.T.);
#2367=EDGE_CURVE('',#2972,#2975,#3690,.T.);
#2368=EDGE_CURVE('',#2977,#2979,#3691,.T.);
#2369=EDGE_CURVE('',#2981,#2983,#3692,.T.);
#2370=EDGE_CURVE('',#2984,#2987,#3693,.T.);
#2371=EDGE_CURVE('',#2989,#2991,#3694,.T.);
#2372=EDGE_CURVE('',#2993,#2995,#3695,.T.);
#2373=EDGE_CURVE('',#2996,#2999,#3696,.T.);
#2374=EDGE_CURVE('',#3000,#3003,#3697,.T.);
#2375=EDGE_CURVE('',#3004,#3007,#3698,.T.);
#2376=EDGE_CURVE('',#3008,#3011,#3699,.T.);
#2377=EDGE_CURVE('',#3012,#3015,#3700,.T.);
#2378=EDGE_CURVE('',#3016,#3019,#3701,.T.);
#2379=EDGE_CURVE('',#3020,#3023,#3702,.T.);
#2380=EDGE_CURVE('',#3030,#3030,#106,.T.);
#2381=EDGE_CURVE('',#3027,#2863,#107,.F.);
#2382=EDGE_CURVE('',#2862,#2861,#108,.F.);
#2383=EDGE_CURVE('',#2860,#2859,#109,.F.);
#2384=EDGE_CURVE('',#2858,#3028,#110,.F.);
#2385=EDGE_CURVE('',#3031,#3032,#3703,.T.);
#2386=EDGE_CURVE('',#3033,#3031,#3704,.T.);
#2387=EDGE_CURVE('',#3033,#3034,#3705,.T.);
#2388=EDGE_CURVE('',#3034,#3032,#3706,.T.);
#2389=EDGE_CURVE('',#3035,#3031,#3707,.T.);
#2390=EDGE_CURVE('',#3036,#3035,#3708,.T.);
#2391=EDGE_CURVE('',#3036,#3033,#3709,.T.);
#2392=EDGE_CURVE('',#3037,#3035,#111,.T.);
#2393=EDGE_CURVE('',#3038,#3037,#3710,.T.);
#2394=EDGE_CURVE('',#3038,#3036,#112,.T.);
#2395=EDGE_CURVE('',#3039,#3037,#113,.T.);
#2396=EDGE_CURVE('',#3040,#3039,#3711,.T.);
#2397=EDGE_CURVE('',#3040,#3038,#114,.T.);
#2398=EDGE_CURVE('',#3041,#3039,#3712,.T.);
#2399=EDGE_CURVE('',#3042,#3041,#3713,.T.);
#2400=EDGE_CURVE('',#3042,#3040,#3714,.T.);
#2401=EDGE_CURVE('',#3043,#3041,#115,.T.);
#2402=EDGE_CURVE('',#3044,#3043,#3715,.T.);
#2403=EDGE_CURVE('',#3044,#3042,#116,.T.);
#2404=EDGE_CURVE('',#3045,#3043,#117,.T.);
#2405=EDGE_CURVE('',#3046,#3045,#3716,.T.);
#2406=EDGE_CURVE('',#3046,#3044,#118,.T.);
#2407=EDGE_CURVE('',#3047,#2640,#3717,.T.);
#2408=EDGE_CURVE('',#3047,#3048,#3718,.T.);
#2409=EDGE_CURVE('',#3048,#2641,#3719,.T.);
#2410=EDGE_CURVE('',#3049,#2639,#3720,.T.);
#2411=EDGE_CURVE('',#3049,#3047,#3721,.T.);
#2412=EDGE_CURVE('',#3050,#2652,#3722,.T.);
#2413=EDGE_CURVE('',#3050,#3049,#3723,.T.);
#2414=EDGE_CURVE('',#3051,#2651,#3724,.T.);
#2415=EDGE_CURVE('',#3051,#3050,#3725,.T.);
#2416=EDGE_CURVE('',#3052,#2650,#3726,.T.);
#2417=EDGE_CURVE('',#3052,#3051,#3727,.T.);
#2418=EDGE_CURVE('',#3053,#2649,#3728,.T.);
#2419=EDGE_CURVE('',#3053,#3052,#3729,.T.);
#2420=EDGE_CURVE('',#3054,#2648,#3730,.T.);
#2421=EDGE_CURVE('',#3054,#3053,#3731,.T.);
#2422=EDGE_CURVE('',#3055,#2647,#3732,.T.);
#2423=EDGE_CURVE('',#3055,#3054,#119,.F.);
#2424=EDGE_CURVE('',#3056,#2646,#3733,.T.);
#2425=EDGE_CURVE('',#3056,#3055,#120,.F.);
#2426=EDGE_CURVE('',#3057,#2645,#3734,.T.);
#2427=EDGE_CURVE('',#3057,#3056,#121,.F.);
#2428=EDGE_CURVE('',#3058,#2644,#3735,.T.);
#2429=EDGE_CURVE('',#3058,#3057,#3736,.T.);
#2430=EDGE_CURVE('',#3059,#2643,#3737,.T.);
#2431=EDGE_CURVE('',#3059,#3058,#122,.F.);
#2432=EDGE_CURVE('',#3060,#2642,#3738,.T.);
#2433=EDGE_CURVE('',#3060,#3059,#123,.F.);
#2434=EDGE_CURVE('',#3048,#3060,#124,.F.);
#2435=EDGE_CURVE('',#3032,#3045,#3739,.T.);
#2436=EDGE_CURVE('',#3034,#3046,#3740,.T.);
#2437=EDGE_CURVE('',#3061,#3062,#3741,.T.);
#2438=EDGE_CURVE('',#3063,#3061,#3742,.T.);
#2439=EDGE_CURVE('',#3063,#3064,#3743,.T.);
#2440=EDGE_CURVE('',#3064,#3062,#3744,.T.);
#2441=EDGE_CURVE('',#3065,#3061,#125,.T.);
#2442=EDGE_CURVE('',#3066,#3065,#3745,.T.);
#2443=EDGE_CURVE('',#3066,#3063,#126,.T.);
#2444=EDGE_CURVE('',#3067,#3065,#127,.T.);
#2445=EDGE_CURVE('',#3068,#3067,#3746,.T.);
#2446=EDGE_CURVE('',#3068,#3066,#128,.T.);
#2447=EDGE_CURVE('',#3069,#3067,#3747,.T.);
#2448=EDGE_CURVE('',#3070,#3069,#3748,.T.);
#2449=EDGE_CURVE('',#3070,#3068,#3749,.T.);
#2450=EDGE_CURVE('',#3071,#3069,#129,.T.);
#2451=EDGE_CURVE('',#3072,#3071,#3750,.T.);
#2452=EDGE_CURVE('',#3072,#3070,#130,.T.);
#2453=EDGE_CURVE('',#3073,#3071,#131,.T.);
#2454=EDGE_CURVE('',#3074,#3073,#3751,.T.);
#2455=EDGE_CURVE('',#3074,#3072,#132,.T.);
#2456=EDGE_CURVE('',#3075,#3073,#3752,.T.);
#2457=EDGE_CURVE('',#3076,#3075,#3753,.T.);
#2458=EDGE_CURVE('',#3076,#3074,#3754,.T.);
#2459=EDGE_CURVE('',#3077,#3075,#133,.T.);
#2460=EDGE_CURVE('',#3078,#3077,#3755,.T.);
#2461=EDGE_CURVE('',#3078,#3076,#134,.T.);
#2462=EDGE_CURVE('',#3079,#3077,#135,.T.);
#2463=EDGE_CURVE('',#3080,#3079,#3756,.T.);
#2464=EDGE_CURVE('',#3080,#3078,#136,.T.);
#2465=EDGE_CURVE('',#3081,#3079,#3757,.T.);
#2466=EDGE_CURVE('',#3082,#3081,#3758,.T.);
#2467=EDGE_CURVE('',#3082,#3080,#3759,.T.);
#2468=EDGE_CURVE('',#3083,#3081,#137,.T.);
#2469=EDGE_CURVE('',#3084,#3083,#3760,.T.);
#2470=EDGE_CURVE('',#3084,#3082,#138,.T.);
#2471=EDGE_CURVE('',#3085,#2827,#3761,.T.);
#2472=EDGE_CURVE('',#3085,#3086,#3762,.T.);
#2473=EDGE_CURVE('',#3086,#2828,#3763,.T.);
#2474=EDGE_CURVE('',#3087,#2826,#3764,.T.);
#2475=EDGE_CURVE('',#3087,#3085,#3765,.T.);
#2476=EDGE_CURVE('',#3088,#2835,#3766,.T.);
#2477=EDGE_CURVE('',#3088,#3087,#139,.F.);
#2478=EDGE_CURVE('',#3089,#2834,#3767,.T.);
#2479=EDGE_CURVE('',#3089,#3088,#140,.F.);
#2480=EDGE_CURVE('',#3090,#2833,#3768,.T.);
#2481=EDGE_CURVE('',#3090,#3089,#141,.F.);
#2482=EDGE_CURVE('',#3091,#2832,#3769,.T.);
#2483=EDGE_CURVE('',#3091,#3090,#3770,.T.);
#2484=EDGE_CURVE('',#3092,#2831,#3771,.T.);
#2485=EDGE_CURVE('',#3092,#3091,#142,.F.);
#2486=EDGE_CURVE('',#3093,#2830,#3772,.T.);
#2487=EDGE_CURVE('',#3093,#3092,#143,.F.);
#2488=EDGE_CURVE('',#3094,#2829,#3773,.T.);
#2489=EDGE_CURVE('',#3094,#3093,#144,.F.);
#2490=EDGE_CURVE('',#3086,#3094,#3774,.T.);
#2491=EDGE_CURVE('',#3062,#3083,#145,.T.);
#2492=EDGE_CURVE('',#3064,#3084,#146,.T.);
#2493=EDGE_CURVE('',#3095,#2837,#3775,.T.);
#2494=EDGE_CURVE('',#3095,#3096,#3776,.T.);
#2495=EDGE_CURVE('',#3096,#2838,#3777,.T.);
#2496=EDGE_CURVE('',#3097,#2836,#3778,.T.);
#2497=EDGE_CURVE('',#3097,#3095,#3779,.T.);
#2498=EDGE_CURVE('',#3098,#2845,#3780,.T.);
#2499=EDGE_CURVE('',#3098,#3097,#3781,.T.);
#2500=EDGE_CURVE('',#3099,#2844,#3782,.T.);
#2501=EDGE_CURVE('',#3099,#3098,#3783,.T.);
#2502=EDGE_CURVE('',#3100,#2843,#3784,.T.);
#2503=EDGE_CURVE('',#3100,#3099,#3785,.T.);
#2504=EDGE_CURVE('',#3101,#2842,#3786,.T.);
#2505=EDGE_CURVE('',#3101,#3100,#3787,.T.);
#2506=EDGE_CURVE('',#3102,#2841,#3788,.T.);
#2507=EDGE_CURVE('',#3102,#3101,#3789,.T.);
#2508=EDGE_CURVE('',#3103,#2840,#3790,.T.);
#2509=EDGE_CURVE('',#3103,#3102,#3791,.T.);
#2510=EDGE_CURVE('',#3104,#2839,#3792,.T.);
#2511=EDGE_CURVE('',#3104,#3103,#3793,.T.);
#2512=EDGE_CURVE('',#3096,#3104,#3794,.T.);
#2513=EDGE_CURVE('',#3105,#3106,#3795,.T.);
#2514=EDGE_CURVE('',#3107,#3105,#3796,.T.);
#2515=EDGE_CURVE('',#3107,#3108,#3797,.T.);
#2516=EDGE_CURVE('',#3108,#3106,#3798,.T.);
#2517=EDGE_CURVE('',#3109,#3105,#3799,.T.);
#2518=EDGE_CURVE('',#3110,#3109,#3800,.T.);
#2519=EDGE_CURVE('',#3110,#3107,#3801,.T.);
#2520=EDGE_CURVE('',#3111,#3109,#147,.T.);
#2521=EDGE_CURVE('',#3112,#3111,#3802,.T.);
#2522=EDGE_CURVE('',#3112,#3110,#148,.T.);
#2523=EDGE_CURVE('',#3113,#3111,#149,.T.);
#2524=EDGE_CURVE('',#3114,#3113,#3803,.T.);
#2525=EDGE_CURVE('',#3114,#3112,#150,.T.);
#2526=EDGE_CURVE('',#3115,#3113,#3804,.T.);
#2527=EDGE_CURVE('',#3116,#3115,#3805,.T.);
#2528=EDGE_CURVE('',#3116,#3114,#3806,.T.);
#2529=EDGE_CURVE('',#3117,#3115,#151,.T.);
#2530=EDGE_CURVE('',#3118,#3117,#3807,.T.);
#2531=EDGE_CURVE('',#3118,#3116,#152,.T.);
#2532=EDGE_CURVE('',#3119,#3117,#153,.T.);
#2533=EDGE_CURVE('',#3120,#3119,#3808,.T.);
#2534=EDGE_CURVE('',#3120,#3118,#154,.T.);
#2535=EDGE_CURVE('',#3121,#2626,#3809,.T.);
#2536=EDGE_CURVE('',#3121,#3122,#3810,.T.);
#2537=EDGE_CURVE('',#3122,#2627,#3811,.T.);
#2538=EDGE_CURVE('',#3123,#2625,#3812,.T.);
#2539=EDGE_CURVE('',#3123,#3121,#3813,.T.);
#2540=EDGE_CURVE('',#3124,#2638,#3814,.T.);
#2541=EDGE_CURVE('',#3124,#3123,#3815,.T.);
#2542=EDGE_CURVE('',#3125,#2637,#3816,.T.);
#2543=EDGE_CURVE('',#3125,#3124,#3817,.T.);
#2544=EDGE_CURVE('',#3126,#2636,#3818,.T.);
#2545=EDGE_CURVE('',#3126,#3125,#3819,.T.);
#2546=EDGE_CURVE('',#3127,#2635,#3820,.T.);
#2547=EDGE_CURVE('',#3127,#3126,#3821,.T.);
#2548=EDGE_CURVE('',#3128,#2634,#3822,.T.);
#2549=EDGE_CURVE('',#3128,#3127,#3823,.T.);
#2550=EDGE_CURVE('',#3129,#2633,#3824,.T.);
#2551=EDGE_CURVE('',#3129,#3128,#155,.F.);
#2552=EDGE_CURVE('',#3130,#2632,#3825,.T.);
#2553=EDGE_CURVE('',#3130,#3129,#156,.F.);
#2554=EDGE_CURVE('',#3131,#2631,#3826,.T.);
#2555=EDGE_CURVE('',#3131,#3130,#157,.F.);
#2556=EDGE_CURVE('',#3132,#2630,#3827,.T.);
#2557=EDGE_CURVE('',#3132,#3131,#3828,.T.);
#2558=EDGE_CURVE('',#3133,#2629,#3829,.T.);
#2559=EDGE_CURVE('',#3133,#3132,#158,.F.);
#2560=EDGE_CURVE('',#3134,#2628,#3830,.T.);
#2561=EDGE_CURVE('',#3134,#3133,#159,.F.);
#2562=EDGE_CURVE('',#3122,#3134,#160,.F.);
#2563=EDGE_CURVE('',#3106,#3119,#3831,.T.);
#2564=EDGE_CURVE('',#3108,#3120,#3832,.T.);
#2565=EDGE_CURVE('',#3135,#3136,#3833,.T.);
#2566=EDGE_CURVE('',#3137,#3135,#3834,.T.);
#2567=EDGE_CURVE('',#3137,#3138,#3835,.T.);
#2568=EDGE_CURVE('',#3138,#3136,#3836,.T.);
#2569=EDGE_CURVE('',#3139,#3135,#161,.T.);
#2570=EDGE_CURVE('',#3140,#3139,#3837,.T.);
#2571=EDGE_CURVE('',#3140,#3137,#162,.T.);
#2572=EDGE_CURVE('',#3141,#3139,#163,.T.);
#2573=EDGE_CURVE('',#3142,#3141,#3838,.T.);
#2574=EDGE_CURVE('',#3142,#3140,#164,.T.);
#2575=EDGE_CURVE('',#3143,#3141,#3839,.T.);
#2576=EDGE_CURVE('',#3144,#3143,#3840,.T.);
#2577=EDGE_CURVE('',#3144,#3142,#3841,.T.);
#2578=EDGE_CURVE('',#3145,#3143,#165,.T.);
#2579=EDGE_CURVE('',#3146,#3145,#3842,.T.);
#2580=EDGE_CURVE('',#3146,#3144,#166,.T.);
#2581=EDGE_CURVE('',#3147,#3145,#167,.T.);
#2582=EDGE_CURVE('',#3148,#3147,#3843,.T.);
#2583=EDGE_CURVE('',#3148,#3146,#168,.T.);
#2584=EDGE_CURVE('',#3149,#3147,#3844,.T.);
#2585=EDGE_CURVE('',#3150,#3149,#3845,.T.);
#2586=EDGE_CURVE('',#3150,#3148,#3846,.T.);
#2587=EDGE_CURVE('',#3151,#3149,#169,.T.);
#2588=EDGE_CURVE('',#3152,#3151,#3847,.T.);
#2589=EDGE_CURVE('',#3152,#3150,#170,.T.);
#2590=EDGE_CURVE('',#3153,#3151,#171,.T.);
#2591=EDGE_CURVE('',#3154,#3153,#3848,.T.);
#2592=EDGE_CURVE('',#3154,#3152,#172,.T.);
#2593=EDGE_CURVE('',#3155,#3153,#3849,.T.);
#2594=EDGE_CURVE('',#3156,#3155,#3850,.T.);
#2595=EDGE_CURVE('',#3156,#3154,#3851,.T.);
#2596=EDGE_CURVE('',#3157,#3155,#173,.T.);
#2597=EDGE_CURVE('',#3158,#3157,#3852,.T.);
#2598=EDGE_CURVE('',#3158,#3156,#174,.T.);
#2599=EDGE_CURVE('',#3159,#2847,#3853,.T.);
#2600=EDGE_CURVE('',#3159,#3160,#3854,.T.);
#2601=EDGE_CURVE('',#3160,#2848,#3855,.T.);
#2602=EDGE_CURVE('',#3161,#2846,#3856,.T.);
#2603=EDGE_CURVE('',#3161,#3159,#3857,.T.);
#2604=EDGE_CURVE('',#3162,#2857,#3858,.T.);
#2605=EDGE_CURVE('',#3162,#3161,#3859,.T.);
#2606=EDGE_CURVE('',#3163,#2856,#3860,.T.);
#2607=EDGE_CURVE('',#3163,#3162,#3861,.T.);
#2608=EDGE_CURVE('',#3164,#2855,#3862,.T.);
#2609=EDGE_CURVE('',#3164,#3163,#175,.F.);
#2610=EDGE_CURVE('',#3165,#2854,#3863,.T.);
#2611=EDGE_CURVE('',#3165,#3164,#176,.F.);
#2612=EDGE_CURVE('',#3166,#2853,#3864,.T.);
#2613=EDGE_CURVE('',#3166,#3165,#177,.F.);
#2614=EDGE_CURVE('',#3167,#2852,#3865,.T.);
#2615=EDGE_CURVE('',#3167,#3166,#3866,.T.);
#2616=EDGE_CURVE('',#3168,#2851,#3867,.T.);
#2617=EDGE_CURVE('',#3168,#3167,#178,.F.);
#2618=EDGE_CURVE('',#3169,#2850,#3868,.T.);
#2619=EDGE_CURVE('',#3169,#3168,#179,.F.);
#2620=EDGE_CURVE('',#3170,#2849,#3869,.T.);
#2621=EDGE_CURVE('',#3170,#3169,#180,.F.);
#2622=EDGE_CURVE('',#3160,#3170,#3870,.T.);
#2623=EDGE_CURVE('',#3136,#3157,#181,.T.);
#2624=EDGE_CURVE('',#3138,#3158,#182,.T.);
#2625=VERTEX_POINT('',#7770);
#2626=VERTEX_POINT('',#7771);
#2627=VERTEX_POINT('',#7773);
#2628=VERTEX_POINT('',#7775);
#2629=VERTEX_POINT('',#7777);
#2630=VERTEX_POINT('',#7779);
#2631=VERTEX_POINT('',#7781);
#2632=VERTEX_POINT('',#7783);
#2633=VERTEX_POINT('',#7785);
#2634=VERTEX_POINT('',#7787);
#2635=VERTEX_POINT('',#7789);
#2636=VERTEX_POINT('',#7791);
#2637=VERTEX_POINT('',#7793);
#2638=VERTEX_POINT('',#7795);
#2639=VERTEX_POINT('',#7798);
#2640=VERTEX_POINT('',#7799);
#2641=VERTEX_POINT('',#7801);
#2642=VERTEX_POINT('',#7803);
#2643=VERTEX_POINT('',#7805);
#2644=VERTEX_POINT('',#7807);
#2645=VERTEX_POINT('',#7809);
#2646=VERTEX_POINT('',#7811);
#2647=VERTEX_POINT('',#7813);
#2648=VERTEX_POINT('',#7815);
#2649=VERTEX_POINT('',#7817);
#2650=VERTEX_POINT('',#7819);
#2651=VERTEX_POINT('',#7821);
#2652=VERTEX_POINT('',#7823);
#2653=VERTEX_POINT('',#7826);
#2654=VERTEX_POINT('',#7827);
#2655=VERTEX_POINT('',#7829);
#2656=VERTEX_POINT('',#7831);
#2657=VERTEX_POINT('',#7834);
#2658=VERTEX_POINT('',#7835);
#2659=VERTEX_POINT('',#7837);
#2660=VERTEX_POINT('',#7839);
#2661=VERTEX_POINT('',#7842);
#2662=VERTEX_POINT('',#7843);
#2663=VERTEX_POINT('',#7845);
#2664=VERTEX_POINT('',#7847);
#2665=VERTEX_POINT('',#7850);
#2666=VERTEX_POINT('',#7851);
#2667=VERTEX_POINT('',#7853);
#2668=VERTEX_POINT('',#7855);
#2669=VERTEX_POINT('',#7858);
#2670=VERTEX_POINT('',#7859);
#2671=VERTEX_POINT('',#7861);
#2672=VERTEX_POINT('',#7863);
#2673=VERTEX_POINT('',#7866);
#2674=VERTEX_POINT('',#7867);
#2675=VERTEX_POINT('',#7869);
#2676=VERTEX_POINT('',#7871);
#2677=VERTEX_POINT('',#7874);
#2678=VERTEX_POINT('',#7875);
#2679=VERTEX_POINT('',#7877);
#2680=VERTEX_POINT('',#7879);
#2681=VERTEX_POINT('',#7882);
#2682=VERTEX_POINT('',#7883);
#2683=VERTEX_POINT('',#7885);
#2684=VERTEX_POINT('',#7887);
#2685=VERTEX_POINT('',#7890);
#2686=VERTEX_POINT('',#7891);
#2687=VERTEX_POINT('',#7893);
#2688=VERTEX_POINT('',#7895);
#2689=VERTEX_POINT('',#7898);
#2690=VERTEX_POINT('',#7899);
#2691=VERTEX_POINT('',#7901);
#2692=VERTEX_POINT('',#7903);
#2693=VERTEX_POINT('',#7906);
#2694=VERTEX_POINT('',#7907);
#2695=VERTEX_POINT('',#7909);
#2696=VERTEX_POINT('',#7911);
#2697=VERTEX_POINT('',#7914);
#2698=VERTEX_POINT('',#7915);
#2699=VERTEX_POINT('',#7917);
#2700=VERTEX_POINT('',#7919);
#2701=VERTEX_POINT('',#7922);
#2702=VERTEX_POINT('',#7923);
#2703=VERTEX_POINT('',#7925);
#2704=VERTEX_POINT('',#7927);
#2705=VERTEX_POINT('',#7930);
#2706=VERTEX_POINT('',#7931);
#2707=VERTEX_POINT('',#7933);
#2708=VERTEX_POINT('',#7935);
#2709=VERTEX_POINT('',#7938);
#2710=VERTEX_POINT('',#7939);
#2711=VERTEX_POINT('',#7941);
#2712=VERTEX_POINT('',#7943);
#2713=VERTEX_POINT('',#7946);
#2714=VERTEX_POINT('',#7947);
#2715=VERTEX_POINT('',#7949);
#2716=VERTEX_POINT('',#7951);
#2717=VERTEX_POINT('',#7954);
#2718=VERTEX_POINT('',#7956);
#2719=VERTEX_POINT('',#7957);
#2720=VERTEX_POINT('',#7959);
#2721=VERTEX_POINT('',#7961);
#2722=VERTEX_POINT('',#7964);
#2723=VERTEX_POINT('',#7965);
#2724=VERTEX_POINT('',#7967);
#2725=VERTEX_POINT('',#7969);
#2726=VERTEX_POINT('',#7972);
#2727=VERTEX_POINT('',#7973);
#2728=VERTEX_POINT('',#7975);
#2729=VERTEX_POINT('',#7977);
#2730=VERTEX_POINT('',#7980);
#2731=VERTEX_POINT('',#7981);
#2732=VERTEX_POINT('',#7983);
#2733=VERTEX_POINT('',#7985);
#2734=VERTEX_POINT('',#7988);
#2735=VERTEX_POINT('',#7989);
#2736=VERTEX_POINT('',#7991);
#2737=VERTEX_POINT('',#7993);
#2738=VERTEX_POINT('',#7996);
#2739=VERTEX_POINT('',#7997);
#2740=VERTEX_POINT('',#7999);
#2741=VERTEX_POINT('',#8001);
#2742=VERTEX_POINT('',#8004);
#2743=VERTEX_POINT('',#8005);
#2744=VERTEX_POINT('',#8007);
#2745=VERTEX_POINT('',#8009);
#2746=VERTEX_POINT('',#8012);
#2747=VERTEX_POINT('',#8013);
#2748=VERTEX_POINT('',#8015);
#2749=VERTEX_POINT('',#8017);
#2750=VERTEX_POINT('',#8020);
#2751=VERTEX_POINT('',#8021);
#2752=VERTEX_POINT('',#8023);
#2753=VERTEX_POINT('',#8025);
#2754=VERTEX_POINT('',#8028);
#2755=VERTEX_POINT('',#8029);
#2756=VERTEX_POINT('',#8031);
#2757=VERTEX_POINT('',#8033);
#2758=VERTEX_POINT('',#8036);
#2759=VERTEX_POINT('',#8037);
#2760=VERTEX_POINT('',#8039);
#2761=VERTEX_POINT('',#8041);
#2762=VERTEX_POINT('',#8044);
#2763=VERTEX_POINT('',#8045);
#2764=VERTEX_POINT('',#8047);
#2765=VERTEX_POINT('',#8049);
#2766=VERTEX_POINT('',#8052);
#2767=VERTEX_POINT('',#8053);
#2768=VERTEX_POINT('',#8055);
#2769=VERTEX_POINT('',#8057);
#2770=VERTEX_POINT('',#8060);
#2771=VERTEX_POINT('',#8061);
#2772=VERTEX_POINT('',#8063);
#2773=VERTEX_POINT('',#8065);
#2774=VERTEX_POINT('',#8068);
#2775=VERTEX_POINT('',#8069);
#2776=VERTEX_POINT('',#8071);
#2777=VERTEX_POINT('',#8073);
#2778=VERTEX_POINT('',#8076);
#2779=VERTEX_POINT('',#8077);
#2780=VERTEX_POINT('',#8079);
#2781=VERTEX_POINT('',#8081);
#2782=VERTEX_POINT('',#8084);
#2783=VERTEX_POINT('',#8085);
#2784=VERTEX_POINT('',#8087);
#2785=VERTEX_POINT('',#8089);
#2786=VERTEX_POINT('',#8092);
#2787=VERTEX_POINT('',#8093);
#2788=VERTEX_POINT('',#8095);
#2789=VERTEX_POINT('',#8097);
#2790=VERTEX_POINT('',#8100);
#2791=VERTEX_POINT('',#8101);
#2792=VERTEX_POINT('',#8103);
#2793=VERTEX_POINT('',#8105);
#2794=VERTEX_POINT('',#8108);
#2795=VERTEX_POINT('',#8109);
#2796=VERTEX_POINT('',#8111);
#2797=VERTEX_POINT('',#8113);
#2798=VERTEX_POINT('',#8116);
#2799=VERTEX_POINT('',#8117);
#2800=VERTEX_POINT('',#8119);
#2801=VERTEX_POINT('',#8121);
#2802=VERTEX_POINT('',#8124);
#2803=VERTEX_POINT('',#8125);
#2804=VERTEX_POINT('',#8127);
#2805=VERTEX_POINT('',#8129);
#2806=VERTEX_POINT('',#8132);
#2807=VERTEX_POINT('',#8133);
#2808=VERTEX_POINT('',#8135);
#2809=VERTEX_POINT('',#8137);
#2810=VERTEX_POINT('',#8140);
#2811=VERTEX_POINT('',#8141);
#2812=VERTEX_POINT('',#8143);
#2813=VERTEX_POINT('',#8145);
#2814=VERTEX_POINT('',#8148);
#2815=VERTEX_POINT('',#8149);
#2816=VERTEX_POINT('',#8151);
#2817=VERTEX_POINT('',#8153);
#2818=VERTEX_POINT('',#8155);
#2819=VERTEX_POINT('',#8157);
#2820=VERTEX_POINT('',#8159);
#2821=VERTEX_POINT('',#8161);
#2822=VERTEX_POINT('',#8164);
#2823=VERTEX_POINT('',#8166);
#2824=VERTEX_POINT('',#8168);
#2825=VERTEX_POINT('',#8170);
#2826=VERTEX_POINT('',#8172);
#2827=VERTEX_POINT('',#8173);
#2828=VERTEX_POINT('',#8175);
#2829=VERTEX_POINT('',#8177);
#2830=VERTEX_POINT('',#8179);
#2831=VERTEX_POINT('',#8181);
#2832=VERTEX_POINT('',#8183);
#2833=VERTEX_POINT('',#8185);
#2834=VERTEX_POINT('',#8187);
#2835=VERTEX_POINT('',#8189);
#2836=VERTEX_POINT('',#8192);
#2837=VERTEX_POINT('',#8193);
#2838=VERTEX_POINT('',#8195);
#2839=VERTEX_POINT('',#8197);
#2840=VERTEX_POINT('',#8199);
#2841=VERTEX_POINT('',#8201);
#2842=VERTEX_POINT('',#8203);
#2843=VERTEX_POINT('',#8205);
#2844=VERTEX_POINT('',#8207);
#2845=VERTEX_POINT('',#8209);
#2846=VERTEX_POINT('',#8212);
#2847=VERTEX_POINT('',#8213);
#2848=VERTEX_POINT('',#8215);
#2849=VERTEX_POINT('',#8217);
#2850=VERTEX_POINT('',#8219);
#2851=VERTEX_POINT('',#8221);
#2852=VERTEX_POINT('',#8223);
#2853=VERTEX_POINT('',#8225);
#2854=VERTEX_POINT('',#8227);
#2855=VERTEX_POINT('',#8229);
#2856=VERTEX_POINT('',#8231);
#2857=VERTEX_POINT('',#8233);
#2858=VERTEX_POINT('',#8237);
#2859=VERTEX_POINT('',#8239);
#2860=VERTEX_POINT('',#8243);
#2861=VERTEX_POINT('',#8245);
#2862=VERTEX_POINT('',#8249);
#2863=VERTEX_POINT('',#8250);
#2864=VERTEX_POINT('',#8255);
#2865=VERTEX_POINT('',#8256);
#2866=VERTEX_POINT('',#8261);
#2867=VERTEX_POINT('',#8265);
#2868=VERTEX_POINT('',#8269);
#2869=VERTEX_POINT('',#8270);
#2870=VERTEX_POINT('',#8275);
#2871=VERTEX_POINT('',#8279);
#2872=VERTEX_POINT('',#8283);
#2873=VERTEX_POINT('',#8284);
#2874=VERTEX_POINT('',#8289);
#2875=VERTEX_POINT('',#8293);
#2876=VERTEX_POINT('',#8297);
#2877=VERTEX_POINT('',#8298);
#2878=VERTEX_POINT('',#8303);
#2879=VERTEX_POINT('',#8307);
#2880=VERTEX_POINT('',#8311);
#2881=VERTEX_POINT('',#8312);
#2882=VERTEX_POINT('',#8317);
#2883=VERTEX_POINT('',#8321);
#2884=VERTEX_POINT('',#8325);
#2885=VERTEX_POINT('',#8326);
#2886=VERTEX_POINT('',#8331);
#2887=VERTEX_POINT('',#8335);
#2888=VERTEX_POINT('',#8339);
#2889=VERTEX_POINT('',#8340);
#2890=VERTEX_POINT('',#8345);
#2891=VERTEX_POINT('',#8349);
#2892=VERTEX_POINT('',#8353);
#2893=VERTEX_POINT('',#8354);
#2894=VERTEX_POINT('',#8359);
#2895=VERTEX_POINT('',#8363);
#2896=VERTEX_POINT('',#8367);
#2897=VERTEX_POINT('',#8368);
#2898=VERTEX_POINT('',#8373);
#2899=VERTEX_POINT('',#8377);
#2900=VERTEX_POINT('',#8381);
#2901=VERTEX_POINT('',#8382);
#2902=VERTEX_POINT('',#8387);
#2903=VERTEX_POINT('',#8391);
#2904=VERTEX_POINT('',#8395);
#2905=VERTEX_POINT('',#8396);
#2906=VERTEX_POINT('',#8401);
#2907=VERTEX_POINT('',#8405);
#2908=VERTEX_POINT('',#8409);
#2909=VERTEX_POINT('',#8410);
#2910=VERTEX_POINT('',#8415);
#2911=VERTEX_POINT('',#8419);
#2912=VERTEX_POINT('',#8423);
#2913=VERTEX_POINT('',#8424);
#2914=VERTEX_POINT('',#8429);
#2915=VERTEX_POINT('',#8433);
#2916=VERTEX_POINT('',#8437);
#2917=VERTEX_POINT('',#8438);
#2918=VERTEX_POINT('',#8443);
#2919=VERTEX_POINT('',#8447);
#2920=VERTEX_POINT('',#8451);
#2921=VERTEX_POINT('',#8452);
#2922=VERTEX_POINT('',#8457);
#2923=VERTEX_POINT('',#8461);
#2924=VERTEX_POINT('',#8465);
#2925=VERTEX_POINT('',#8466);
#2926=VERTEX_POINT('',#8471);
#2927=VERTEX_POINT('',#8475);
#2928=VERTEX_POINT('',#8479);
#2929=VERTEX_POINT('',#8480);
#2930=VERTEX_POINT('',#8485);
#2931=VERTEX_POINT('',#8489);
#2932=VERTEX_POINT('',#8493);
#2933=VERTEX_POINT('',#8494);
#2934=VERTEX_POINT('',#8499);
#2935=VERTEX_POINT('',#8503);
#2936=VERTEX_POINT('',#8507);
#2937=VERTEX_POINT('',#8508);
#2938=VERTEX_POINT('',#8513);
#2939=VERTEX_POINT('',#8517);
#2940=VERTEX_POINT('',#8521);
#2941=VERTEX_POINT('',#8522);
#2942=VERTEX_POINT('',#8527);
#2943=VERTEX_POINT('',#8531);
#2944=VERTEX_POINT('',#8535);
#2945=VERTEX_POINT('',#8536);
#2946=VERTEX_POINT('',#8541);
#2947=VERTEX_POINT('',#8545);
#2948=VERTEX_POINT('',#8549);
#2949=VERTEX_POINT('',#8550);
#2950=VERTEX_POINT('',#8555);
#2951=VERTEX_POINT('',#8559);
#2952=VERTEX_POINT('',#8563);
#2953=VERTEX_POINT('',#8564);
#2954=VERTEX_POINT('',#8569);
#2955=VERTEX_POINT('',#8573);
#2956=VERTEX_POINT('',#8577);
#2957=VERTEX_POINT('',#8578);
#2958=VERTEX_POINT('',#8583);
#2959=VERTEX_POINT('',#8587);
#2960=VERTEX_POINT('',#8591);
#2961=VERTEX_POINT('',#8592);
#2962=VERTEX_POINT('',#8597);
#2963=VERTEX_POINT('',#8601);
#2964=VERTEX_POINT('',#8605);
#2965=VERTEX_POINT('',#8606);
#2966=VERTEX_POINT('',#8611);
#2967=VERTEX_POINT('',#8615);
#2968=VERTEX_POINT('',#8619);
#2969=VERTEX_POINT('',#8620);
#2970=VERTEX_POINT('',#8625);
#2971=VERTEX_POINT('',#8629);
#2972=VERTEX_POINT('',#8633);
#2973=VERTEX_POINT('',#8634);
#2974=VERTEX_POINT('',#8639);
#2975=VERTEX_POINT('',#8643);
#2976=VERTEX_POINT('',#8647);
#2977=VERTEX_POINT('',#8648);
#2978=VERTEX_POINT('',#8653);
#2979=VERTEX_POINT('',#8657);
#2980=VERTEX_POINT('',#8661);
#2981=VERTEX_POINT('',#8662);
#2982=VERTEX_POINT('',#8667);
#2983=VERTEX_POINT('',#8671);
#2984=VERTEX_POINT('',#8675);
#2985=VERTEX_POINT('',#8676);
#2986=VERTEX_POINT('',#8681);
#2987=VERTEX_POINT('',#8685);
#2988=VERTEX_POINT('',#8689);
#2989=VERTEX_POINT('',#8690);
#2990=VERTEX_POINT('',#8695);
#2991=VERTEX_POINT('',#8699);
#2992=VERTEX_POINT('',#8703);
#2993=VERTEX_POINT('',#8704);
#2994=VERTEX_POINT('',#8709);
#2995=VERTEX_POINT('',#8713);
#2996=VERTEX_POINT('',#8717);
#2997=VERTEX_POINT('',#8718);
#2998=VERTEX_POINT('',#8723);
#2999=VERTEX_POINT('',#8727);
#3000=VERTEX_POINT('',#8731);
#3001=VERTEX_POINT('',#8732);
#3002=VERTEX_POINT('',#8737);
#3003=VERTEX_POINT('',#8741);
#3004=VERTEX_POINT('',#8745);
#3005=VERTEX_POINT('',#8746);
#3006=VERTEX_POINT('',#8751);
#3007=VERTEX_POINT('',#8755);
#3008=VERTEX_POINT('',#8759);
#3009=VERTEX_POINT('',#8760);
#3010=VERTEX_POINT('',#8765);
#3011=VERTEX_POINT('',#8769);
#3012=VERTEX_POINT('',#8773);
#3013=VERTEX_POINT('',#8774);
#3014=VERTEX_POINT('',#8779);
#3015=VERTEX_POINT('',#8783);
#3016=VERTEX_POINT('',#8787);
#3017=VERTEX_POINT('',#8788);
#3018=VERTEX_POINT('',#8793);
#3019=VERTEX_POINT('',#8797);
#3020=VERTEX_POINT('',#8801);
#3021=VERTEX_POINT('',#8802);
#3022=VERTEX_POINT('',#8807);
#3023=VERTEX_POINT('',#8811);
#3024=VERTEX_POINT('',#8815);
#3025=VERTEX_POINT('',#8818);
#3026=VERTEX_POINT('',#8821);
#3027=VERTEX_POINT('',#8824);
#3028=VERTEX_POINT('',#8826);
#3029=VERTEX_POINT('',#8878);
#3030=VERTEX_POINT('',#8913);
#3031=VERTEX_POINT('',#8925);
#3032=VERTEX_POINT('',#8926);
#3033=VERTEX_POINT('',#8928);
#3034=VERTEX_POINT('',#8930);
#3035=VERTEX_POINT('',#8934);
#3036=VERTEX_POINT('',#8936);
#3037=VERTEX_POINT('',#8940);
#3038=VERTEX_POINT('',#8942);
#3039=VERTEX_POINT('',#8946);
#3040=VERTEX_POINT('',#8948);
#3041=VERTEX_POINT('',#8952);
#3042=VERTEX_POINT('',#8954);
#3043=VERTEX_POINT('',#8958);
#3044=VERTEX_POINT('',#8960);
#3045=VERTEX_POINT('',#8964);
#3046=VERTEX_POINT('',#8966);
#3047=VERTEX_POINT('',#8970);
#3048=VERTEX_POINT('',#8972);
#3049=VERTEX_POINT('',#8976);
#3050=VERTEX_POINT('',#8980);
#3051=VERTEX_POINT('',#8984);
#3052=VERTEX_POINT('',#8988);
#3053=VERTEX_POINT('',#8992);
#3054=VERTEX_POINT('',#8996);
#3055=VERTEX_POINT('',#9000);
#3056=VERTEX_POINT('',#9004);
#3057=VERTEX_POINT('',#9008);
#3058=VERTEX_POINT('',#9012);
#3059=VERTEX_POINT('',#9016);
#3060=VERTEX_POINT('',#9020);
#3061=VERTEX_POINT('',#9030);
#3062=VERTEX_POINT('',#9031);
#3063=VERTEX_POINT('',#9033);
#3064=VERTEX_POINT('',#9035);
#3065=VERTEX_POINT('',#9039);
#3066=VERTEX_POINT('',#9041);
#3067=VERTEX_POINT('',#9045);
#3068=VERTEX_POINT('',#9047);
#3069=VERTEX_POINT('',#9051);
#3070=VERTEX_POINT('',#9053);
#3071=VERTEX_POINT('',#9057);
#3072=VERTEX_POINT('',#9059);
#3073=VERTEX_POINT('',#9063);
#3074=VERTEX_POINT('',#9065);
#3075=VERTEX_POINT('',#9069);
#3076=VERTEX_POINT('',#9071);
#3077=VERTEX_POINT('',#9075);
#3078=VERTEX_POINT('',#9077);
#3079=VERTEX_POINT('',#9081);
#3080=VERTEX_POINT('',#9083);
#3081=VERTEX_POINT('',#9087);
#3082=VERTEX_POINT('',#9089);
#3083=VERTEX_POINT('',#9093);
#3084=VERTEX_POINT('',#9095);
#3085=VERTEX_POINT('',#9099);
#3086=VERTEX_POINT('',#9101);
#3087=VERTEX_POINT('',#9105);
#3088=VERTEX_POINT('',#9109);
#3089=VERTEX_POINT('',#9113);
#3090=VERTEX_POINT('',#9117);
#3091=VERTEX_POINT('',#9121);
#3092=VERTEX_POINT('',#9125);
#3093=VERTEX_POINT('',#9129);
#3094=VERTEX_POINT('',#9133);
#3095=VERTEX_POINT('',#9143);
#3096=VERTEX_POINT('',#9145);
#3097=VERTEX_POINT('',#9149);
#3098=VERTEX_POINT('',#9153);
#3099=VERTEX_POINT('',#9157);
#3100=VERTEX_POINT('',#9161);
#3101=VERTEX_POINT('',#9165);
#3102=VERTEX_POINT('',#9169);
#3103=VERTEX_POINT('',#9173);
#3104=VERTEX_POINT('',#9177);
#3105=VERTEX_POINT('',#9184);
#3106=VERTEX_POINT('',#9185);
#3107=VERTEX_POINT('',#9187);
#3108=VERTEX_POINT('',#9189);
#3109=VERTEX_POINT('',#9193);
#3110=VERTEX_POINT('',#9195);
#3111=VERTEX_POINT('',#9199);
#3112=VERTEX_POINT('',#9201);
#3113=VERTEX_POINT('',#9205);
#3114=VERTEX_POINT('',#9207);
#3115=VERTEX_POINT('',#9211);
#3116=VERTEX_POINT('',#9213);
#3117=VERTEX_POINT('',#9217);
#3118=VERTEX_POINT('',#9219);
#3119=VERTEX_POINT('',#9223);
#3120=VERTEX_POINT('',#9225);
#3121=VERTEX_POINT('',#9229);
#3122=VERTEX_POINT('',#9231);
#3123=VERTEX_POINT('',#9235);
#3124=VERTEX_POINT('',#9239);
#3125=VERTEX_POINT('',#9243);
#3126=VERTEX_POINT('',#9247);
#3127=VERTEX_POINT('',#9251);
#3128=VERTEX_POINT('',#9255);
#3129=VERTEX_POINT('',#9259);
#3130=VERTEX_POINT('',#9263);
#3131=VERTEX_POINT('',#9267);
#3132=VERTEX_POINT('',#9271);
#3133=VERTEX_POINT('',#9275);
#3134=VERTEX_POINT('',#9279);
#3135=VERTEX_POINT('',#9289);
#3136=VERTEX_POINT('',#9290);
#3137=VERTEX_POINT('',#9292);
#3138=VERTEX_POINT('',#9294);
#3139=VERTEX_POINT('',#9298);
#3140=VERTEX_POINT('',#9300);
#3141=VERTEX_POINT('',#9304);
#3142=VERTEX_POINT('',#9306);
#3143=VERTEX_POINT('',#9310);
#3144=VERTEX_POINT('',#9312);
#3145=VERTEX_POINT('',#9316);
#3146=VERTEX_POINT('',#9318);
#3147=VERTEX_POINT('',#9322);
#3148=VERTEX_POINT('',#9324);
#3149=VERTEX_POINT('',#9328);
#3150=VERTEX_POINT('',#9330);
#3151=VERTEX_POINT('',#9334);
#3152=VERTEX_POINT('',#9336);
#3153=VERTEX_POINT('',#9340);
#3154=VERTEX_POINT('',#9342);
#3155=VERTEX_POINT('',#9346);
#3156=VERTEX_POINT('',#9348);
#3157=VERTEX_POINT('',#9352);
#3158=VERTEX_POINT('',#9354);
#3159=VERTEX_POINT('',#9358);
#3160=VERTEX_POINT('',#9360);
#3161=VERTEX_POINT('',#9364);
#3162=VERTEX_POINT('',#9368);
#3163=VERTEX_POINT('',#9372);
#3164=VERTEX_POINT('',#9376);
#3165=VERTEX_POINT('',#9380);
#3166=VERTEX_POINT('',#9384);
#3167=VERTEX_POINT('',#9388);
#3168=VERTEX_POINT('',#9392);
#3169=VERTEX_POINT('',#9396);
#3170=VERTEX_POINT('',#9400);
#3171=LINE('',#7769,#3871);
#3172=LINE('',#7772,#3872);
#3173=LINE('',#7780,#3873);
#3174=LINE('',#7788,#3874);
#3175=LINE('',#7790,#3875);
#3176=LINE('',#7792,#3876);
#3177=LINE('',#7794,#3877);
#3178=LINE('',#7796,#3878);
#3179=LINE('',#7797,#3879);
#3180=LINE('',#7800,#3880);
#3181=LINE('',#7808,#3881);
#3182=LINE('',#7816,#3882);
#3183=LINE('',#7818,#3883);
#3184=LINE('',#7820,#3884);
#3185=LINE('',#7822,#3885);
#3186=LINE('',#7824,#3886);
#3187=LINE('',#7825,#3887);
#3188=LINE('',#7828,#3888);
#3189=LINE('',#7830,#3889);
#3190=LINE('',#7832,#3890);
#3191=LINE('',#7833,#3891);
#3192=LINE('',#7836,#3892);
#3193=LINE('',#7838,#3893);
#3194=LINE('',#7840,#3894);
#3195=LINE('',#7841,#3895);
#3196=LINE('',#7844,#3896);
#3197=LINE('',#7846,#3897);
#3198=LINE('',#7848,#3898);
#3199=LINE('',#7849,#3899);
#3200=LINE('',#7852,#3900);
#3201=LINE('',#7854,#3901);
#3202=LINE('',#7856,#3902);
#3203=LINE('',#7857,#3903);
#3204=LINE('',#7860,#3904);
#3205=LINE('',#7862,#3905);
#3206=LINE('',#7864,#3906);
#3207=LINE('',#7865,#3907);
#3208=LINE('',#7868,#3908);
#3209=LINE('',#7870,#3909);
#3210=LINE('',#7872,#3910);
#3211=LINE('',#7873,#3911);
#3212=LINE('',#7876,#3912);
#3213=LINE('',#7878,#3913);
#3214=LINE('',#7880,#3914);
#3215=LINE('',#7881,#3915);
#3216=LINE('',#7884,#3916);
#3217=LINE('',#7886,#3917);
#3218=LINE('',#7888,#3918);
#3219=LINE('',#7889,#3919);
#3220=LINE('',#7892,#3920);
#3221=LINE('',#7894,#3921);
#3222=LINE('',#7896,#3922);
#3223=LINE('',#7897,#3923);
#3224=LINE('',#7900,#3924);
#3225=LINE('',#7902,#3925);
#3226=LINE('',#7904,#3926);
#3227=LINE('',#7905,#3927);
#3228=LINE('',#7908,#3928);
#3229=LINE('',#7910,#3929);
#3230=LINE('',#7912,#3930);
#3231=LINE('',#7913,#3931);
#3232=LINE('',#7916,#3932);
#3233=LINE('',#7918,#3933);
#3234=LINE('',#7920,#3934);
#3235=LINE('',#7921,#3935);
#3236=LINE('',#7924,#3936);
#3237=LINE('',#7926,#3937);
#3238=LINE('',#7928,#3938);
#3239=LINE('',#7929,#3939);
#3240=LINE('',#7932,#3940);
#3241=LINE('',#7934,#3941);
#3242=LINE('',#7936,#3942);
#3243=LINE('',#7937,#3943);
#3244=LINE('',#7940,#3944);
#3245=LINE('',#7942,#3945);
#3246=LINE('',#7944,#3946);
#3247=LINE('',#7945,#3947);
#3248=LINE('',#7948,#3948);
#3249=LINE('',#7950,#3949);
#3250=LINE('',#7952,#3950);
#3251=LINE('',#7955,#3951);
#3252=LINE('',#7958,#3952);
#3253=LINE('',#7960,#3953);
#3254=LINE('',#7962,#3954);
#3255=LINE('',#7963,#3955);
#3256=LINE('',#7966,#3956);
#3257=LINE('',#7968,#3957);
#3258=LINE('',#7970,#3958);
#3259=LINE('',#7971,#3959);
#3260=LINE('',#7974,#3960);
#3261=LINE('',#7976,#3961);
#3262=LINE('',#7978,#3962);
#3263=LINE('',#7979,#3963);
#3264=LINE('',#7982,#3964);
#3265=LINE('',#7984,#3965);
#3266=LINE('',#7986,#3966);
#3267=LINE('',#7987,#3967);
#3268=LINE('',#7990,#3968);
#3269=LINE('',#7992,#3969);
#3270=LINE('',#7994,#3970);
#3271=LINE('',#7995,#3971);
#3272=LINE('',#7998,#3972);
#3273=LINE('',#8000,#3973);
#3274=LINE('',#8002,#3974);
#3275=LINE('',#8003,#3975);
#3276=LINE('',#8006,#3976);
#3277=LINE('',#8008,#3977);
#3278=LINE('',#8010,#3978);
#3279=LINE('',#8011,#3979);
#3280=LINE('',#8014,#3980);
#3281=LINE('',#8016,#3981);
#3282=LINE('',#8018,#3982);
#3283=LINE('',#8019,#3983);
#3284=LINE('',#8022,#3984);
#3285=LINE('',#8024,#3985);
#3286=LINE('',#8026,#3986);
#3287=LINE('',#8027,#3987);
#3288=LINE('',#8030,#3988);
#3289=LINE('',#8032,#3989);
#3290=LINE('',#8034,#3990);
#3291=LINE('',#8035,#3991);
#3292=LINE('',#8038,#3992);
#3293=LINE('',#8040,#3993);
#3294=LINE('',#8042,#3994);
#3295=LINE('',#8043,#3995);
#3296=LINE('',#8046,#3996);
#3297=LINE('',#8048,#3997);
#3298=LINE('',#8050,#3998);
#3299=LINE('',#8051,#3999);
#3300=LINE('',#8054,#4000);
#3301=LINE('',#8056,#4001);
#3302=LINE('',#8058,#4002);
#3303=LINE('',#8059,#4003);
#3304=LINE('',#8062,#4004);
#3305=LINE('',#8064,#4005);
#3306=LINE('',#8066,#4006);
#3307=LINE('',#8067,#4007);
#3308=LINE('',#8070,#4008);
#3309=LINE('',#8072,#4009);
#3310=LINE('',#8074,#4010);
#3311=LINE('',#8075,#4011);
#3312=LINE('',#8078,#4012);
#3313=LINE('',#8080,#4013);
#3314=LINE('',#8082,#4014);
#3315=LINE('',#8083,#4015);
#3316=LINE('',#8086,#4016);
#3317=LINE('',#8088,#4017);
#3318=LINE('',#8090,#4018);
#3319=LINE('',#8091,#4019);
#3320=LINE('',#8094,#4020);
#3321=LINE('',#8096,#4021);
#3322=LINE('',#8098,#4022);
#3323=LINE('',#8099,#4023);
#3324=LINE('',#8102,#4024);
#3325=LINE('',#8104,#4025);
#3326=LINE('',#8106,#4026);
#3327=LINE('',#8107,#4027);
#3328=LINE('',#8110,#4028);
#3329=LINE('',#8112,#4029);
#3330=LINE('',#8114,#4030);
#3331=LINE('',#8115,#4031);
#3332=LINE('',#8118,#4032);
#3333=LINE('',#8120,#4033);
#3334=LINE('',#8122,#4034);
#3335=LINE('',#8123,#4035);
#3336=LINE('',#8126,#4036);
#3337=LINE('',#8128,#4037);
#3338=LINE('',#8130,#4038);
#3339=LINE('',#8131,#4039);
#3340=LINE('',#8134,#4040);
#3341=LINE('',#8136,#4041);
#3342=LINE('',#8138,#4042);
#3343=LINE('',#8139,#4043);
#3344=LINE('',#8142,#4044);
#3345=LINE('',#8144,#4045);
#3346=LINE('',#8146,#4046);
#3347=LINE('',#8147,#4047);
#3348=LINE('',#8152,#4048);
#3349=LINE('',#8156,#4049);
#3350=LINE('',#8160,#4050);
#3351=LINE('',#8171,#4051);
#3352=LINE('',#8174,#4052);
#3353=LINE('',#8176,#4053);
#3354=LINE('',#8184,#4054);
#3355=LINE('',#8191,#4055);
#3356=LINE('',#8194,#4056);
#3357=LINE('',#8196,#4057);
#3358=LINE('',#8198,#4058);
#3359=LINE('',#8200,#4059);
#3360=LINE('',#8202,#4060);
#3361=LINE('',#8204,#4061);
#3362=LINE('',#8206,#4062);
#3363=LINE('',#8208,#4063);
#3364=LINE('',#8210,#4064);
#3365=LINE('',#8211,#4065);
#3366=LINE('',#8214,#4066);
#3367=LINE('',#8216,#4067);
#3368=LINE('',#8224,#4068);
#3369=LINE('',#8232,#4069);
#3370=LINE('',#8234,#4070);
#3371=LINE('',#8236,#4071);
#3372=LINE('',#8238,#4072);
#3373=LINE('',#8240,#4073);
#3374=LINE('',#8242,#4074);
#3375=LINE('',#8244,#4075);
#3376=LINE('',#8246,#4076);
#3377=LINE('',#8248,#4077);
#3378=LINE('',#8251,#4078);
#3379=LINE('',#8252,#4079);
#3380=LINE('',#8254,#4080);
#3381=LINE('',#8257,#4081);
#3382=LINE('',#8258,#4082);
#3383=LINE('',#8260,#4083);
#3384=LINE('',#8262,#4084);
#3385=LINE('',#8264,#4085);
#3386=LINE('',#8266,#4086);
#3387=LINE('',#8268,#4087);
#3388=LINE('',#8271,#4088);
#3389=LINE('',#8272,#4089);
#3390=LINE('',#8274,#4090);
#3391=LINE('',#8276,#4091);
#3392=LINE('',#8278,#4092);
#3393=LINE('',#8280,#4093);
#3394=LINE('',#8282,#4094);
#3395=LINE('',#8285,#4095);
#3396=LINE('',#8286,#4096);
#3397=LINE('',#8288,#4097);
#3398=LINE('',#8290,#4098);
#3399=LINE('',#8292,#4099);
#3400=LINE('',#8294,#4100);
#3401=LINE('',#8296,#4101);
#3402=LINE('',#8299,#4102);
#3403=LINE('',#8300,#4103);
#3404=LINE('',#8302,#4104);
#3405=LINE('',#8304,#4105);
#3406=LINE('',#8306,#4106);
#3407=LINE('',#8308,#4107);
#3408=LINE('',#8310,#4108);
#3409=LINE('',#8313,#4109);
#3410=LINE('',#8314,#4110);
#3411=LINE('',#8316,#4111);
#3412=LINE('',#8318,#4112);
#3413=LINE('',#8320,#4113);
#3414=LINE('',#8322,#4114);
#3415=LINE('',#8324,#4115);
#3416=LINE('',#8327,#4116);
#3417=LINE('',#8328,#4117);
#3418=LINE('',#8330,#4118);
#3419=LINE('',#8332,#4119);
#3420=LINE('',#8334,#4120);
#3421=LINE('',#8336,#4121);
#3422=LINE('',#8338,#4122);
#3423=LINE('',#8341,#4123);
#3424=LINE('',#8342,#4124);
#3425=LINE('',#8344,#4125);
#3426=LINE('',#8346,#4126);
#3427=LINE('',#8348,#4127);
#3428=LINE('',#8350,#4128);
#3429=LINE('',#8352,#4129);
#3430=LINE('',#8355,#4130);
#3431=LINE('',#8356,#4131);
#3432=LINE('',#8358,#4132);
#3433=LINE('',#8360,#4133);
#3434=LINE('',#8362,#4134);
#3435=LINE('',#8364,#4135);
#3436=LINE('',#8366,#4136);
#3437=LINE('',#8369,#4137);
#3438=LINE('',#8370,#4138);
#3439=LINE('',#8372,#4139);
#3440=LINE('',#8374,#4140);
#3441=LINE('',#8376,#4141);
#3442=LINE('',#8378,#4142);
#3443=LINE('',#8380,#4143);
#3444=LINE('',#8383,#4144);
#3445=LINE('',#8384,#4145);
#3446=LINE('',#8386,#4146);
#3447=LINE('',#8388,#4147);
#3448=LINE('',#8390,#4148);
#3449=LINE('',#8392,#4149);
#3450=LINE('',#8394,#4150);
#3451=LINE('',#8397,#4151);
#3452=LINE('',#8398,#4152);
#3453=LINE('',#8400,#4153);
#3454=LINE('',#8402,#4154);
#3455=LINE('',#8404,#4155);
#3456=LINE('',#8406,#4156);
#3457=LINE('',#8408,#4157);
#3458=LINE('',#8411,#4158);
#3459=LINE('',#8412,#4159);
#3460=LINE('',#8414,#4160);
#3461=LINE('',#8416,#4161);
#3462=LINE('',#8418,#4162);
#3463=LINE('',#8420,#4163);
#3464=LINE('',#8422,#4164);
#3465=LINE('',#8425,#4165);
#3466=LINE('',#8426,#4166);
#3467=LINE('',#8428,#4167);
#3468=LINE('',#8430,#4168);
#3469=LINE('',#8432,#4169);
#3470=LINE('',#8434,#4170);
#3471=LINE('',#8436,#4171);
#3472=LINE('',#8439,#4172);
#3473=LINE('',#8440,#4173);
#3474=LINE('',#8442,#4174);
#3475=LINE('',#8444,#4175);
#3476=LINE('',#8446,#4176);
#3477=LINE('',#8448,#4177);
#3478=LINE('',#8450,#4178);
#3479=LINE('',#8453,#4179);
#3480=LINE('',#8454,#4180);
#3481=LINE('',#8456,#4181);
#3482=LINE('',#8458,#4182);
#3483=LINE('',#8460,#4183);
#3484=LINE('',#8462,#4184);
#3485=LINE('',#8464,#4185);
#3486=LINE('',#8467,#4186);
#3487=LINE('',#8468,#4187);
#3488=LINE('',#8470,#4188);
#3489=LINE('',#8472,#4189);
#3490=LINE('',#8474,#4190);
#3491=LINE('',#8476,#4191);
#3492=LINE('',#8478,#4192);
#3493=LINE('',#8481,#4193);
#3494=LINE('',#8482,#4194);
#3495=LINE('',#8484,#4195);
#3496=LINE('',#8486,#4196);
#3497=LINE('',#8488,#4197);
#3498=LINE('',#8490,#4198);
#3499=LINE('',#8492,#4199);
#3500=LINE('',#8495,#4200);
#3501=LINE('',#8496,#4201);
#3502=LINE('',#8498,#4202);
#3503=LINE('',#8500,#4203);
#3504=LINE('',#8502,#4204);
#3505=LINE('',#8504,#4205);
#3506=LINE('',#8506,#4206);
#3507=LINE('',#8509,#4207);
#3508=LINE('',#8510,#4208);
#3509=LINE('',#8512,#4209);
#3510=LINE('',#8514,#4210);
#3511=LINE('',#8516,#4211);
#3512=LINE('',#8518,#4212);
#3513=LINE('',#8520,#4213);
#3514=LINE('',#8523,#4214);
#3515=LINE('',#8524,#4215);
#3516=LINE('',#8526,#4216);
#3517=LINE('',#8528,#4217);
#3518=LINE('',#8530,#4218);
#3519=LINE('',#8532,#4219);
#3520=LINE('',#8534,#4220);
#3521=LINE('',#8537,#4221);
#3522=LINE('',#8538,#4222);
#3523=LINE('',#8540,#4223);
#3524=LINE('',#8542,#4224);
#3525=LINE('',#8544,#4225);
#3526=LINE('',#8546,#4226);
#3527=LINE('',#8548,#4227);
#3528=LINE('',#8551,#4228);
#3529=LINE('',#8552,#4229);
#3530=LINE('',#8554,#4230);
#3531=LINE('',#8556,#4231);
#3532=LINE('',#8558,#4232);
#3533=LINE('',#8560,#4233);
#3534=LINE('',#8562,#4234);
#3535=LINE('',#8565,#4235);
#3536=LINE('',#8566,#4236);
#3537=LINE('',#8568,#4237);
#3538=LINE('',#8570,#4238);
#3539=LINE('',#8572,#4239);
#3540=LINE('',#8574,#4240);
#3541=LINE('',#8576,#4241);
#3542=LINE('',#8579,#4242);
#3543=LINE('',#8580,#4243);
#3544=LINE('',#8582,#4244);
#3545=LINE('',#8584,#4245);
#3546=LINE('',#8586,#4246);
#3547=LINE('',#8588,#4247);
#3548=LINE('',#8590,#4248);
#3549=LINE('',#8593,#4249);
#3550=LINE('',#8594,#4250);
#3551=LINE('',#8596,#4251);
#3552=LINE('',#8598,#4252);
#3553=LINE('',#8600,#4253);
#3554=LINE('',#8602,#4254);
#3555=LINE('',#8604,#4255);
#3556=LINE('',#8607,#4256);
#3557=LINE('',#8608,#4257);
#3558=LINE('',#8610,#4258);
#3559=LINE('',#8612,#4259);
#3560=LINE('',#8614,#4260);
#3561=LINE('',#8616,#4261);
#3562=LINE('',#8618,#4262);
#3563=LINE('',#8621,#4263);
#3564=LINE('',#8622,#4264);
#3565=LINE('',#8624,#4265);
#3566=LINE('',#8626,#4266);
#3567=LINE('',#8628,#4267);
#3568=LINE('',#8630,#4268);
#3569=LINE('',#8632,#4269);
#3570=LINE('',#8635,#4270);
#3571=LINE('',#8636,#4271);
#3572=LINE('',#8638,#4272);
#3573=LINE('',#8640,#4273);
#3574=LINE('',#8642,#4274);
#3575=LINE('',#8644,#4275);
#3576=LINE('',#8646,#4276);
#3577=LINE('',#8649,#4277);
#3578=LINE('',#8650,#4278);
#3579=LINE('',#8652,#4279);
#3580=LINE('',#8654,#4280);
#3581=LINE('',#8656,#4281);
#3582=LINE('',#8658,#4282);
#3583=LINE('',#8660,#4283);
#3584=LINE('',#8663,#4284);
#3585=LINE('',#8664,#4285);
#3586=LINE('',#8666,#4286);
#3587=LINE('',#8668,#4287);
#3588=LINE('',#8670,#4288);
#3589=LINE('',#8672,#4289);
#3590=LINE('',#8674,#4290);
#3591=LINE('',#8677,#4291);
#3592=LINE('',#8678,#4292);
#3593=LINE('',#8680,#4293);
#3594=LINE('',#8682,#4294);
#3595=LINE('',#8684,#4295);
#3596=LINE('',#8686,#4296);
#3597=LINE('',#8688,#4297);
#3598=LINE('',#8691,#4298);
#3599=LINE('',#8692,#4299);
#3600=LINE('',#8694,#4300);
#3601=LINE('',#8696,#4301);
#3602=LINE('',#8698,#4302);
#3603=LINE('',#8700,#4303);
#3604=LINE('',#8702,#4304);
#3605=LINE('',#8705,#4305);
#3606=LINE('',#8706,#4306);
#3607=LINE('',#8708,#4307);
#3608=LINE('',#8710,#4308);
#3609=LINE('',#8712,#4309);
#3610=LINE('',#8714,#4310);
#3611=LINE('',#8716,#4311);
#3612=LINE('',#8719,#4312);
#3613=LINE('',#8720,#4313);
#3614=LINE('',#8722,#4314);
#3615=LINE('',#8724,#4315);
#3616=LINE('',#8726,#4316);
#3617=LINE('',#8728,#4317);
#3618=LINE('',#8730,#4318);
#3619=LINE('',#8733,#4319);
#3620=LINE('',#8734,#4320);
#3621=LINE('',#8736,#4321);
#3622=LINE('',#8738,#4322);
#3623=LINE('',#8740,#4323);
#3624=LINE('',#8742,#4324);
#3625=LINE('',#8744,#4325);
#3626=LINE('',#8747,#4326);
#3627=LINE('',#8748,#4327);
#3628=LINE('',#8750,#4328);
#3629=LINE('',#8752,#4329);
#3630=LINE('',#8754,#4330);
#3631=LINE('',#8756,#4331);
#3632=LINE('',#8758,#4332);
#3633=LINE('',#8761,#4333);
#3634=LINE('',#8762,#4334);
#3635=LINE('',#8764,#4335);
#3636=LINE('',#8766,#4336);
#3637=LINE('',#8768,#4337);
#3638=LINE('',#8770,#4338);
#3639=LINE('',#8772,#4339);
#3640=LINE('',#8775,#4340);
#3641=LINE('',#8776,#4341);
#3642=LINE('',#8778,#4342);
#3643=LINE('',#8780,#4343);
#3644=LINE('',#8782,#4344);
#3645=LINE('',#8784,#4345);
#3646=LINE('',#8786,#4346);
#3647=LINE('',#8789,#4347);
#3648=LINE('',#8790,#4348);
#3649=LINE('',#8792,#4349);
#3650=LINE('',#8794,#4350);
#3651=LINE('',#8796,#4351);
#3652=LINE('',#8798,#4352);
#3653=LINE('',#8800,#4353);
#3654=LINE('',#8803,#4354);
#3655=LINE('',#8804,#4355);
#3656=LINE('',#8806,#4356);
#3657=LINE('',#8808,#4357);
#3658=LINE('',#8810,#4358);
#3659=LINE('',#8812,#4359);
#3660=LINE('',#8823,#4360);
#3661=LINE('',#8825,#4361);
#3662=LINE('',#8827,#4362);
#3663=LINE('',#8829,#4363);
#3664=LINE('',#8831,#4364);
#3665=LINE('',#8833,#4365);
#3666=LINE('',#8835,#4366);
#3667=LINE('',#8837,#4367);
#3668=LINE('',#8839,#4368);
#3669=LINE('',#8841,#4369);
#3670=LINE('',#8843,#4370);
#3671=LINE('',#8845,#4371);
#3672=LINE('',#8847,#4372);
#3673=LINE('',#8849,#4373);
#3674=LINE('',#8851,#4374);
#3675=LINE('',#8853,#4375);
#3676=LINE('',#8855,#4376);
#3677=LINE('',#8857,#4377);
#3678=LINE('',#8859,#4378);
#3679=LINE('',#8861,#4379);
#3680=LINE('',#8863,#4380);
#3681=LINE('',#8865,#4381);
#3682=LINE('',#8867,#4382);
#3683=LINE('',#8869,#4383);
#3684=LINE('',#8871,#4384);
#3685=LINE('',#8873,#4385);
#3686=LINE('',#8875,#4386);
#3687=LINE('',#8880,#4387);
#3688=LINE('',#8882,#4388);
#3689=LINE('',#8884,#4389);
#3690=LINE('',#8886,#4390);
#3691=LINE('',#8888,#4391);
#3692=LINE('',#8890,#4392);
#3693=LINE('',#8892,#4393);
#3694=LINE('',#8894,#4394);
#3695=LINE('',#8896,#4395);
#3696=LINE('',#8898,#4396);
#3697=LINE('',#8900,#4397);
#3698=LINE('',#8902,#4398);
#3699=LINE('',#8904,#4399);
#3700=LINE('',#8906,#4400);
#3701=LINE('',#8908,#4401);
#3702=LINE('',#8910,#4402);
#3703=LINE('',#8924,#4403);
#3704=LINE('',#8927,#4404);
#3705=LINE('',#8929,#4405);
#3706=LINE('',#8931,#4406);
#3707=LINE('',#8933,#4407);
#3708=LINE('',#8935,#4408);
#3709=LINE('',#8937,#4409);
#3710=LINE('',#8941,#4410);
#3711=LINE('',#8947,#4411);
#3712=LINE('',#8951,#4412);
#3713=LINE('',#8953,#4413);
#3714=LINE('',#8955,#4414);
#3715=LINE('',#8959,#4415);
#3716=LINE('',#8965,#4416);
#3717=LINE('',#8969,#4417);
#3718=LINE('',#8971,#4418);
#3719=LINE('',#8973,#4419);
#3720=LINE('',#8975,#4420);
#3721=LINE('',#8977,#4421);
#3722=LINE('',#8979,#4422);
#3723=LINE('',#8981,#4423);
#3724=LINE('',#8983,#4424);
#3725=LINE('',#8985,#4425);
#3726=LINE('',#8987,#4426);
#3727=LINE('',#8989,#4427);
#3728=LINE('',#8991,#4428);
#3729=LINE('',#8993,#4429);
#3730=LINE('',#8995,#4430);
#3731=LINE('',#8997,#4431);
#3732=LINE('',#8999,#4432);
#3733=LINE('',#9003,#4433);
#3734=LINE('',#9007,#4434);
#3735=LINE('',#9011,#4435);
#3736=LINE('',#9013,#4436);
#3737=LINE('',#9015,#4437);
#3738=LINE('',#9019,#4438);
#3739=LINE('',#9025,#4439);
#3740=LINE('',#9026,#4440);
#3741=LINE('',#9029,#4441);
#3742=LINE('',#9032,#4442);
#3743=LINE('',#9034,#4443);
#3744=LINE('',#9036,#4444);
#3745=LINE('',#9040,#4445);
#3746=LINE('',#9046,#4446);
#3747=LINE('',#9050,#4447);
#3748=LINE('',#9052,#4448);
#3749=LINE('',#9054,#4449);
#3750=LINE('',#9058,#4450);
#3751=LINE('',#9064,#4451);
#3752=LINE('',#9068,#4452);
#3753=LINE('',#9070,#4453);
#3754=LINE('',#9072,#4454);
#3755=LINE('',#9076,#4455);
#3756=LINE('',#9082,#4456);
#3757=LINE('',#9086,#4457);
#3758=LINE('',#9088,#4458);
#3759=LINE('',#9090,#4459);
#3760=LINE('',#9094,#4460);
#3761=LINE('',#9098,#4461);
#3762=LINE('',#9100,#4462);
#3763=LINE('',#9102,#4463);
#3764=LINE('',#9104,#4464);
#3765=LINE('',#9106,#4465);
#3766=LINE('',#9108,#4466);
#3767=LINE('',#9112,#4467);
#3768=LINE('',#9116,#4468);
#3769=LINE('',#9120,#4469);
#3770=LINE('',#9122,#4470);
#3771=LINE('',#9124,#4471);
#3772=LINE('',#9128,#4472);
#3773=LINE('',#9132,#4473);
#3774=LINE('',#9136,#4474);
#3775=LINE('',#9142,#4475);
#3776=LINE('',#9144,#4476);
#3777=LINE('',#9146,#4477);
#3778=LINE('',#9148,#4478);
#3779=LINE('',#9150,#4479);
#3780=LINE('',#9152,#4480);
#3781=LINE('',#9154,#4481);
#3782=LINE('',#9156,#4482);
#3783=LINE('',#9158,#4483);
#3784=LINE('',#9160,#4484);
#3785=LINE('',#9162,#4485);
#3786=LINE('',#9164,#4486);
#3787=LINE('',#9166,#4487);
#3788=LINE('',#9168,#4488);
#3789=LINE('',#9170,#4489);
#3790=LINE('',#9172,#4490);
#3791=LINE('',#9174,#4491);
#3792=LINE('',#9176,#4492);
#3793=LINE('',#9178,#4493);
#3794=LINE('',#9180,#4494);
#3795=LINE('',#9183,#4495);
#3796=LINE('',#9186,#4496);
#3797=LINE('',#9188,#4497);
#3798=LINE('',#9190,#4498);
#3799=LINE('',#9192,#4499);
#3800=LINE('',#9194,#4500);
#3801=LINE('',#9196,#4501);
#3802=LINE('',#9200,#4502);
#3803=LINE('',#9206,#4503);
#3804=LINE('',#9210,#4504);
#3805=LINE('',#9212,#4505);
#3806=LINE('',#9214,#4506);
#3807=LINE('',#9218,#4507);
#3808=LINE('',#9224,#4508);
#3809=LINE('',#9228,#4509);
#3810=LINE('',#9230,#4510);
#3811=LINE('',#9232,#4511);
#3812=LINE('',#9234,#4512);
#3813=LINE('',#9236,#4513);
#3814=LINE('',#9238,#4514);
#3815=LINE('',#9240,#4515);
#3816=LINE('',#9242,#4516);
#3817=LINE('',#9244,#4517);
#3818=LINE('',#9246,#4518);
#3819=LINE('',#9248,#4519);
#3820=LINE('',#9250,#4520);
#3821=LINE('',#9252,#4521);
#3822=LINE('',#9254,#4522);
#3823=LINE('',#9256,#4523);
#3824=LINE('',#9258,#4524);
#3825=LINE('',#9262,#4525);
#3826=LINE('',#9266,#4526);
#3827=LINE('',#9270,#4527);
#3828=LINE('',#9272,#4528);
#3829=LINE('',#9274,#4529);
#3830=LINE('',#9278,#4530);
#3831=LINE('',#9284,#4531);
#3832=LINE('',#9285,#4532);
#3833=LINE('',#9288,#4533);
#3834=LINE('',#9291,#4534);
#3835=LINE('',#9293,#4535);
#3836=LINE('',#9295,#4536);
#3837=LINE('',#9299,#4537);
#3838=LINE('',#9305,#4538);
#3839=LINE('',#9309,#4539);
#3840=LINE('',#9311,#4540);
#3841=LINE('',#9313,#4541);
#3842=LINE('',#9317,#4542);
#3843=LINE('',#9323,#4543);
#3844=LINE('',#9327,#4544);
#3845=LINE('',#9329,#4545);
#3846=LINE('',#9331,#4546);
#3847=LINE('',#9335,#4547);
#3848=LINE('',#9341,#4548);
#3849=LINE('',#9345,#4549);
#3850=LINE('',#9347,#4550);
#3851=LINE('',#9349,#4551);
#3852=LINE('',#9353,#4552);
#3853=LINE('',#9357,#4553);
#3854=LINE('',#9359,#4554);
#3855=LINE('',#9361,#4555);
#3856=LINE('',#9363,#4556);
#3857=LINE('',#9365,#4557);
#3858=LINE('',#9367,#4558);
#3859=LINE('',#9369,#4559);
#3860=LINE('',#9371,#4560);
#3861=LINE('',#9373,#4561);
#3862=LINE('',#9375,#4562);
#3863=LINE('',#9379,#4563);
#3864=LINE('',#9383,#4564);
#3865=LINE('',#9387,#4565);
#3866=LINE('',#9389,#4566);
#3867=LINE('',#9391,#4567);
#3868=LINE('',#9395,#4568);
#3869=LINE('',#9399,#4569);
#3870=LINE('',#9403,#4570);
#3871=VECTOR('',#6273,1.);
#3872=VECTOR('',#6274,1.);
#3873=VECTOR('',#6281,1.);
#3874=VECTOR('',#6288,1.);
#3875=VECTOR('',#6289,1.);
#3876=VECTOR('',#6290,1.);
#3877=VECTOR('',#6291,1.);
#3878=VECTOR('',#6292,1.);
#3879=VECTOR('',#6293,1.);
#3880=VECTOR('',#6294,1.);
#3881=VECTOR('',#6301,1.);
#3882=VECTOR('',#6308,1.);
#3883=VECTOR('',#6309,1.);
#3884=VECTOR('',#6310,1.);
#3885=VECTOR('',#6311,1.);
#3886=VECTOR('',#6312,1.);
#3887=VECTOR('',#6313,1.);
#3888=VECTOR('',#6314,1.);
#3889=VECTOR('',#6315,1.);
#3890=VECTOR('',#6316,1.);
#3891=VECTOR('',#6317,1.);
#3892=VECTOR('',#6318,1.);
#3893=VECTOR('',#6319,1.);
#3894=VECTOR('',#6320,1.);
#3895=VECTOR('',#6321,1.);
#3896=VECTOR('',#6322,1.);
#3897=VECTOR('',#6323,1.);
#3898=VECTOR('',#6324,1.);
#3899=VECTOR('',#6325,1.);
#3900=VECTOR('',#6326,1.);
#3901=VECTOR('',#6327,1.);
#3902=VECTOR('',#6328,1.);
#3903=VECTOR('',#6329,1.);
#3904=VECTOR('',#6330,1.);
#3905=VECTOR('',#6331,1.);
#3906=VECTOR('',#6332,1.);
#3907=VECTOR('',#6333,1.);
#3908=VECTOR('',#6334,1.);
#3909=VECTOR('',#6335,1.);
#3910=VECTOR('',#6336,1.);
#3911=VECTOR('',#6337,1.);
#3912=VECTOR('',#6338,1.);
#3913=VECTOR('',#6339,1.);
#3914=VECTOR('',#6340,1.);
#3915=VECTOR('',#6341,1.);
#3916=VECTOR('',#6342,1.);
#3917=VECTOR('',#6343,1.);
#3918=VECTOR('',#6344,1.);
#3919=VECTOR('',#6345,1.);
#3920=VECTOR('',#6346,1.);
#3921=VECTOR('',#6347,1.);
#3922=VECTOR('',#6348,1.);
#3923=VECTOR('',#6349,1.);
#3924=VECTOR('',#6350,1.);
#3925=VECTOR('',#6351,1.);
#3926=VECTOR('',#6352,1.);
#3927=VECTOR('',#6353,1.);
#3928=VECTOR('',#6354,1.);
#3929=VECTOR('',#6355,1.);
#3930=VECTOR('',#6356,1.);
#3931=VECTOR('',#6357,1.);
#3932=VECTOR('',#6358,1.);
#3933=VECTOR('',#6359,1.);
#3934=VECTOR('',#6360,1.);
#3935=VECTOR('',#6361,1.);
#3936=VECTOR('',#6362,1.);
#3937=VECTOR('',#6363,1.);
#3938=VECTOR('',#6364,1.);
#3939=VECTOR('',#6365,1.);
#3940=VECTOR('',#6366,1.);
#3941=VECTOR('',#6367,1.);
#3942=VECTOR('',#6368,1.);
#3943=VECTOR('',#6369,1.);
#3944=VECTOR('',#6370,1.);
#3945=VECTOR('',#6371,1.);
#3946=VECTOR('',#6372,1.);
#3947=VECTOR('',#6373,1.);
#3948=VECTOR('',#6374,1.);
#3949=VECTOR('',#6375,1.);
#3950=VECTOR('',#6376,1.);
#3951=VECTOR('',#6379,1.);
#3952=VECTOR('',#6380,1.);
#3953=VECTOR('',#6381,1.);
#3954=VECTOR('',#6382,1.);
#3955=VECTOR('',#6383,1.);
#3956=VECTOR('',#6384,1.);
#3957=VECTOR('',#6385,1.);
#3958=VECTOR('',#6386,1.);
#3959=VECTOR('',#6387,1.);
#3960=VECTOR('',#6388,1.);
#3961=VECTOR('',#6389,1.);
#3962=VECTOR('',#6390,1.);
#3963=VECTOR('',#6391,1.);
#3964=VECTOR('',#6392,1.);
#3965=VECTOR('',#6393,1.);
#3966=VECTOR('',#6394,1.);
#3967=VECTOR('',#6395,1.);
#3968=VECTOR('',#6396,1.);
#3969=VECTOR('',#6397,1.);
#3970=VECTOR('',#6398,1.);
#3971=VECTOR('',#6399,1.);
#3972=VECTOR('',#6400,1.);
#3973=VECTOR('',#6401,1.);
#3974=VECTOR('',#6402,1.);
#3975=VECTOR('',#6403,1.);
#3976=VECTOR('',#6404,1.);
#3977=VECTOR('',#6405,1.);
#3978=VECTOR('',#6406,1.);
#3979=VECTOR('',#6407,1.);
#3980=VECTOR('',#6408,1.);
#3981=VECTOR('',#6409,1.);
#3982=VECTOR('',#6410,1.);
#3983=VECTOR('',#6411,1.);
#3984=VECTOR('',#6412,1.);
#3985=VECTOR('',#6413,1.);
#3986=VECTOR('',#6414,1.);
#3987=VECTOR('',#6415,1.);
#3988=VECTOR('',#6416,1.);
#3989=VECTOR('',#6417,1.);
#3990=VECTOR('',#6418,1.);
#3991=VECTOR('',#6419,1.);
#3992=VECTOR('',#6420,1.);
#3993=VECTOR('',#6421,1.);
#3994=VECTOR('',#6422,1.);
#3995=VECTOR('',#6423,1.);
#3996=VECTOR('',#6424,1.);
#3997=VECTOR('',#6425,1.);
#3998=VECTOR('',#6426,1.);
#3999=VECTOR('',#6427,1.);
#4000=VECTOR('',#6428,1.);
#4001=VECTOR('',#6429,1.);
#4002=VECTOR('',#6430,1.);
#4003=VECTOR('',#6431,1.);
#4004=VECTOR('',#6432,1.);
#4005=VECTOR('',#6433,1.);
#4006=VECTOR('',#6434,1.);
#4007=VECTOR('',#6435,1.);
#4008=VECTOR('',#6436,1.);
#4009=VECTOR('',#6437,1.);
#4010=VECTOR('',#6438,1.);
#4011=VECTOR('',#6439,1.);
#4012=VECTOR('',#6440,1.);
#4013=VECTOR('',#6441,1.);
#4014=VECTOR('',#6442,1.);
#4015=VECTOR('',#6443,1.);
#4016=VECTOR('',#6444,1.);
#4017=VECTOR('',#6445,1.);
#4018=VECTOR('',#6446,1.);
#4019=VECTOR('',#6447,1.);
#4020=VECTOR('',#6448,1.);
#4021=VECTOR('',#6449,1.);
#4022=VECTOR('',#6450,1.);
#4023=VECTOR('',#6451,1.);
#4024=VECTOR('',#6452,1.);
#4025=VECTOR('',#6453,1.);
#4026=VECTOR('',#6454,1.);
#4027=VECTOR('',#6455,1.);
#4028=VECTOR('',#6456,1.);
#4029=VECTOR('',#6457,1.);
#4030=VECTOR('',#6458,1.);
#4031=VECTOR('',#6459,1.);
#4032=VECTOR('',#6460,1.);
#4033=VECTOR('',#6461,1.);
#4034=VECTOR('',#6462,1.);
#4035=VECTOR('',#6463,1.);
#4036=VECTOR('',#6464,1.);
#4037=VECTOR('',#6465,1.);
#4038=VECTOR('',#6466,1.);
#4039=VECTOR('',#6467,1.);
#4040=VECTOR('',#6468,1.);
#4041=VECTOR('',#6469,1.);
#4042=VECTOR('',#6470,1.);
#4043=VECTOR('',#6471,1.);
#4044=VECTOR('',#6472,1.);
#4045=VECTOR('',#6473,1.);
#4046=VECTOR('',#6474,1.);
#4047=VECTOR('',#6475,1.);
#4048=VECTOR('',#6478,1.);
#4049=VECTOR('',#6481,1.);
#4050=VECTOR('',#6484,1.);
#4051=VECTOR('',#6495,1.);
#4052=VECTOR('',#6496,1.);
#4053=VECTOR('',#6497,1.);
#4054=VECTOR('',#6504,1.);
#4055=VECTOR('',#6511,1.);
#4056=VECTOR('',#6512,1.);
#4057=VECTOR('',#6513,1.);
#4058=VECTOR('',#6514,1.);
#4059=VECTOR('',#6515,1.);
#4060=VECTOR('',#6516,1.);
#4061=VECTOR('',#6517,1.);
#4062=VECTOR('',#6518,1.);
#4063=VECTOR('',#6519,1.);
#4064=VECTOR('',#6520,1.);
#4065=VECTOR('',#6521,1.);
#4066=VECTOR('',#6522,1.);
#4067=VECTOR('',#6523,1.);
#4068=VECTOR('',#6530,1.);
#4069=VECTOR('',#6537,1.);
#4070=VECTOR('',#6538,1.);
#4071=VECTOR('',#6541,1.);
#4072=VECTOR('',#6542,1.);
#4073=VECTOR('',#6543,1.);
#4074=VECTOR('',#6546,1.);
#4075=VECTOR('',#6547,1.);
#4076=VECTOR('',#6548,1.);
#4077=VECTOR('',#6551,1.);
#4078=VECTOR('',#6552,1.);
#4079=VECTOR('',#6553,1.);
#4080=VECTOR('',#6556,1.);
#4081=VECTOR('',#6557,1.);
#4082=VECTOR('',#6558,1.);
#4083=VECTOR('',#6561,1.);
#4084=VECTOR('',#6562,1.);
#4085=VECTOR('',#6565,1.);
#4086=VECTOR('',#6566,1.);
#4087=VECTOR('',#6569,1.);
#4088=VECTOR('',#6570,1.);
#4089=VECTOR('',#6571,1.);
#4090=VECTOR('',#6574,1.);
#4091=VECTOR('',#6575,1.);
#4092=VECTOR('',#6578,1.);
#4093=VECTOR('',#6579,1.);
#4094=VECTOR('',#6582,1.);
#4095=VECTOR('',#6583,1.);
#4096=VECTOR('',#6584,1.);
#4097=VECTOR('',#6587,1.);
#4098=VECTOR('',#6588,1.);
#4099=VECTOR('',#6591,1.);
#4100=VECTOR('',#6592,1.);
#4101=VECTOR('',#6595,1.);
#4102=VECTOR('',#6596,1.);
#4103=VECTOR('',#6597,1.);
#4104=VECTOR('',#6600,1.);
#4105=VECTOR('',#6601,1.);
#4106=VECTOR('',#6604,1.);
#4107=VECTOR('',#6605,1.);
#4108=VECTOR('',#6608,1.);
#4109=VECTOR('',#6609,1.);
#4110=VECTOR('',#6610,1.);
#4111=VECTOR('',#6613,1.);
#4112=VECTOR('',#6614,1.);
#4113=VECTOR('',#6617,1.);
#4114=VECTOR('',#6618,1.);
#4115=VECTOR('',#6621,1.);
#4116=VECTOR('',#6622,1.);
#4117=VECTOR('',#6623,1.);
#4118=VECTOR('',#6626,1.);
#4119=VECTOR('',#6627,1.);
#4120=VECTOR('',#6630,1.);
#4121=VECTOR('',#6631,1.);
#4122=VECTOR('',#6634,1.);
#4123=VECTOR('',#6635,1.);
#4124=VECTOR('',#6636,1.);
#4125=VECTOR('',#6639,1.);
#4126=VECTOR('',#6640,1.);
#4127=VECTOR('',#6643,1.);
#4128=VECTOR('',#6644,1.);
#4129=VECTOR('',#6647,1.);
#4130=VECTOR('',#6648,1.);
#4131=VECTOR('',#6649,1.);
#4132=VECTOR('',#6652,1.);
#4133=VECTOR('',#6653,1.);
#4134=VECTOR('',#6656,1.);
#4135=VECTOR('',#6657,1.);
#4136=VECTOR('',#6660,1.);
#4137=VECTOR('',#6661,1.);
#4138=VECTOR('',#6662,1.);
#4139=VECTOR('',#6665,1.);
#4140=VECTOR('',#6666,1.);
#4141=VECTOR('',#6669,1.);
#4142=VECTOR('',#6670,1.);
#4143=VECTOR('',#6673,1.);
#4144=VECTOR('',#6674,1.);
#4145=VECTOR('',#6675,1.);
#4146=VECTOR('',#6678,1.);
#4147=VECTOR('',#6679,1.);
#4148=VECTOR('',#6682,1.);
#4149=VECTOR('',#6683,1.);
#4150=VECTOR('',#6686,1.);
#4151=VECTOR('',#6687,1.);
#4152=VECTOR('',#6688,1.);
#4153=VECTOR('',#6691,1.);
#4154=VECTOR('',#6692,1.);
#4155=VECTOR('',#6695,1.);
#4156=VECTOR('',#6696,1.);
#4157=VECTOR('',#6699,1.);
#4158=VECTOR('',#6700,1.);
#4159=VECTOR('',#6701,1.);
#4160=VECTOR('',#6704,1.);
#4161=VECTOR('',#6705,1.);
#4162=VECTOR('',#6708,1.);
#4163=VECTOR('',#6709,1.);
#4164=VECTOR('',#6712,1.);
#4165=VECTOR('',#6713,1.);
#4166=VECTOR('',#6714,1.);
#4167=VECTOR('',#6717,1.);
#4168=VECTOR('',#6718,1.);
#4169=VECTOR('',#6721,1.);
#4170=VECTOR('',#6722,1.);
#4171=VECTOR('',#6725,1.);
#4172=VECTOR('',#6726,1.);
#4173=VECTOR('',#6727,1.);
#4174=VECTOR('',#6730,1.);
#4175=VECTOR('',#6731,1.);
#4176=VECTOR('',#6734,1.);
#4177=VECTOR('',#6735,1.);
#4178=VECTOR('',#6738,1.);
#4179=VECTOR('',#6739,1.);
#4180=VECTOR('',#6740,1.);
#4181=VECTOR('',#6743,1.);
#4182=VECTOR('',#6744,1.);
#4183=VECTOR('',#6747,1.);
#4184=VECTOR('',#6748,1.);
#4185=VECTOR('',#6751,1.);
#4186=VECTOR('',#6752,1.);
#4187=VECTOR('',#6753,1.);
#4188=VECTOR('',#6756,1.);
#4189=VECTOR('',#6757,1.);
#4190=VECTOR('',#6760,1.);
#4191=VECTOR('',#6761,1.);
#4192=VECTOR('',#6764,1.);
#4193=VECTOR('',#6765,1.);
#4194=VECTOR('',#6766,1.);
#4195=VECTOR('',#6769,1.);
#4196=VECTOR('',#6770,1.);
#4197=VECTOR('',#6773,1.);
#4198=VECTOR('',#6774,1.);
#4199=VECTOR('',#6777,1.);
#4200=VECTOR('',#6778,1.);
#4201=VECTOR('',#6779,1.);
#4202=VECTOR('',#6782,1.);
#4203=VECTOR('',#6783,1.);
#4204=VECTOR('',#6786,1.);
#4205=VECTOR('',#6787,1.);
#4206=VECTOR('',#6790,1.);
#4207=VECTOR('',#6791,1.);
#4208=VECTOR('',#6792,1.);
#4209=VECTOR('',#6795,1.);
#4210=VECTOR('',#6796,1.);
#4211=VECTOR('',#6799,1.);
#4212=VECTOR('',#6800,1.);
#4213=VECTOR('',#6803,1.);
#4214=VECTOR('',#6804,1.);
#4215=VECTOR('',#6805,1.);
#4216=VECTOR('',#6808,1.);
#4217=VECTOR('',#6809,1.);
#4218=VECTOR('',#6812,1.);
#4219=VECTOR('',#6813,1.);
#4220=VECTOR('',#6816,1.);
#4221=VECTOR('',#6817,1.);
#4222=VECTOR('',#6818,1.);
#4223=VECTOR('',#6821,1.);
#4224=VECTOR('',#6822,1.);
#4225=VECTOR('',#6825,1.);
#4226=VECTOR('',#6826,1.);
#4227=VECTOR('',#6829,1.);
#4228=VECTOR('',#6830,1.);
#4229=VECTOR('',#6831,1.);
#4230=VECTOR('',#6834,1.);
#4231=VECTOR('',#6835,1.);
#4232=VECTOR('',#6838,1.);
#4233=VECTOR('',#6839,1.);
#4234=VECTOR('',#6842,1.);
#4235=VECTOR('',#6843,1.);
#4236=VECTOR('',#6844,1.);
#4237=VECTOR('',#6847,1.);
#4238=VECTOR('',#6848,1.);
#4239=VECTOR('',#6851,1.);
#4240=VECTOR('',#6852,1.);
#4241=VECTOR('',#6855,1.);
#4242=VECTOR('',#6856,1.);
#4243=VECTOR('',#6857,1.);
#4244=VECTOR('',#6860,1.);
#4245=VECTOR('',#6861,1.);
#4246=VECTOR('',#6864,1.);
#4247=VECTOR('',#6865,1.);
#4248=VECTOR('',#6868,1.);
#4249=VECTOR('',#6869,1.);
#4250=VECTOR('',#6870,1.);
#4251=VECTOR('',#6873,1.);
#4252=VECTOR('',#6874,1.);
#4253=VECTOR('',#6877,1.);
#4254=VECTOR('',#6878,1.);
#4255=VECTOR('',#6881,1.);
#4256=VECTOR('',#6882,1.);
#4257=VECTOR('',#6883,1.);
#4258=VECTOR('',#6886,1.);
#4259=VECTOR('',#6887,1.);
#4260=VECTOR('',#6890,1.);
#4261=VECTOR('',#6891,1.);
#4262=VECTOR('',#6894,1.);
#4263=VECTOR('',#6895,1.);
#4264=VECTOR('',#6896,1.);
#4265=VECTOR('',#6899,1.);
#4266=VECTOR('',#6900,1.);
#4267=VECTOR('',#6903,1.);
#4268=VECTOR('',#6904,1.);
#4269=VECTOR('',#6907,1.);
#4270=VECTOR('',#6908,1.);
#4271=VECTOR('',#6909,1.);
#4272=VECTOR('',#6912,1.);
#4273=VECTOR('',#6913,1.);
#4274=VECTOR('',#6916,1.);
#4275=VECTOR('',#6917,1.);
#4276=VECTOR('',#6920,1.);
#4277=VECTOR('',#6921,1.);
#4278=VECTOR('',#6922,1.);
#4279=VECTOR('',#6925,1.);
#4280=VECTOR('',#6926,1.);
#4281=VECTOR('',#6929,1.);
#4282=VECTOR('',#6930,1.);
#4283=VECTOR('',#6933,1.);
#4284=VECTOR('',#6934,1.);
#4285=VECTOR('',#6935,1.);
#4286=VECTOR('',#6938,1.);
#4287=VECTOR('',#6939,1.);
#4288=VECTOR('',#6942,1.);
#4289=VECTOR('',#6943,1.);
#4290=VECTOR('',#6946,1.);
#4291=VECTOR('',#6947,1.);
#4292=VECTOR('',#6948,1.);
#4293=VECTOR('',#6951,1.);
#4294=VECTOR('',#6952,1.);
#4295=VECTOR('',#6955,1.);
#4296=VECTOR('',#6956,1.);
#4297=VECTOR('',#6959,1.);
#4298=VECTOR('',#6960,1.);
#4299=VECTOR('',#6961,1.);
#4300=VECTOR('',#6964,1.);
#4301=VECTOR('',#6965,1.);
#4302=VECTOR('',#6968,1.);
#4303=VECTOR('',#6969,1.);
#4304=VECTOR('',#6972,1.);
#4305=VECTOR('',#6973,1.);
#4306=VECTOR('',#6974,1.);
#4307=VECTOR('',#6977,1.);
#4308=VECTOR('',#6978,1.);
#4309=VECTOR('',#6981,1.);
#4310=VECTOR('',#6982,1.);
#4311=VECTOR('',#6985,1.);
#4312=VECTOR('',#6986,1.);
#4313=VECTOR('',#6987,1.);
#4314=VECTOR('',#6990,1.);
#4315=VECTOR('',#6991,1.);
#4316=VECTOR('',#6994,1.);
#4317=VECTOR('',#6995,1.);
#4318=VECTOR('',#6998,1.);
#4319=VECTOR('',#6999,1.);
#4320=VECTOR('',#7000,1.);
#4321=VECTOR('',#7003,1.);
#4322=VECTOR('',#7004,1.);
#4323=VECTOR('',#7007,1.);
#4324=VECTOR('',#7008,1.);
#4325=VECTOR('',#7011,1.);
#4326=VECTOR('',#7012,1.);
#4327=VECTOR('',#7013,1.);
#4328=VECTOR('',#7016,1.);
#4329=VECTOR('',#7017,1.);
#4330=VECTOR('',#7020,1.);
#4331=VECTOR('',#7021,1.);
#4332=VECTOR('',#7024,1.);
#4333=VECTOR('',#7025,1.);
#4334=VECTOR('',#7026,1.);
#4335=VECTOR('',#7029,1.);
#4336=VECTOR('',#7030,1.);
#4337=VECTOR('',#7033,1.);
#4338=VECTOR('',#7034,1.);
#4339=VECTOR('',#7037,1.);
#4340=VECTOR('',#7038,1.);
#4341=VECTOR('',#7039,1.);
#4342=VECTOR('',#7042,1.);
#4343=VECTOR('',#7043,1.);
#4344=VECTOR('',#7046,1.);
#4345=VECTOR('',#7047,1.);
#4346=VECTOR('',#7050,1.);
#4347=VECTOR('',#7051,1.);
#4348=VECTOR('',#7052,1.);
#4349=VECTOR('',#7055,1.);
#4350=VECTOR('',#7056,1.);
#4351=VECTOR('',#7059,1.);
#4352=VECTOR('',#7060,1.);
#4353=VECTOR('',#7063,1.);
#4354=VECTOR('',#7064,1.);
#4355=VECTOR('',#7065,1.);
#4356=VECTOR('',#7068,1.);
#4357=VECTOR('',#7069,1.);
#4358=VECTOR('',#7072,1.);
#4359=VECTOR('',#7073,1.);
#4360=VECTOR('',#7088,1.);
#4361=VECTOR('',#7089,1.);
#4362=VECTOR('',#7090,1.);
#4363=VECTOR('',#7093,1.);
#4364=VECTOR('',#7096,1.);
#4365=VECTOR('',#7099,1.);
#4366=VECTOR('',#7102,1.);
#4367=VECTOR('',#7105,1.);
#4368=VECTOR('',#7108,1.);
#4369=VECTOR('',#7111,1.);
#4370=VECTOR('',#7114,1.);
#4371=VECTOR('',#7117,1.);
#4372=VECTOR('',#7120,1.);
#4373=VECTOR('',#7123,1.);
#4374=VECTOR('',#7126,1.);
#4375=VECTOR('',#7129,1.);
#4376=VECTOR('',#7132,1.);
#4377=VECTOR('',#7135,1.);
#4378=VECTOR('',#7138,1.);
#4379=VECTOR('',#7141,1.);
#4380=VECTOR('',#7144,1.);
#4381=VECTOR('',#7147,1.);
#4382=VECTOR('',#7150,1.);
#4383=VECTOR('',#7153,1.);
#4384=VECTOR('',#7156,1.);
#4385=VECTOR('',#7159,1.);
#4386=VECTOR('',#7162,1.);
#4387=VECTOR('',#7169,1.);
#4388=VECTOR('',#7172,1.);
#4389=VECTOR('',#7175,1.);
#4390=VECTOR('',#7178,1.);
#4391=VECTOR('',#7181,1.);
#4392=VECTOR('',#7184,1.);
#4393=VECTOR('',#7187,1.);
#4394=VECTOR('',#7190,1.);
#4395=VECTOR('',#7193,1.);
#4396=VECTOR('',#7196,1.);
#4397=VECTOR('',#7199,1.);
#4398=VECTOR('',#7202,1.);
#4399=VECTOR('',#7205,1.);
#4400=VECTOR('',#7208,1.);
#4401=VECTOR('',#7211,1.);
#4402=VECTOR('',#7214,1.);
#4403=VECTOR('',#7239,1.);
#4404=VECTOR('',#7240,1.);
#4405=VECTOR('',#7241,1.);
#4406=VECTOR('',#7242,1.);
#4407=VECTOR('',#7245,1.);
#4408=VECTOR('',#7246,1.);
#4409=VECTOR('',#7247,1.);
#4410=VECTOR('',#7252,1.);
#4411=VECTOR('',#7259,1.);
#4412=VECTOR('',#7264,1.);
#4413=VECTOR('',#7265,1.);
#4414=VECTOR('',#7266,1.);
#4415=VECTOR('',#7271,1.);
#4416=VECTOR('',#7278,1.);
#4417=VECTOR('',#7283,1.);
#4418=VECTOR('',#7284,1.);
#4419=VECTOR('',#7285,1.);
#4420=VECTOR('',#7288,1.);
#4421=VECTOR('',#7289,1.);
#4422=VECTOR('',#7292,1.);
#4423=VECTOR('',#7293,1.);
#4424=VECTOR('',#7296,1.);
#4425=VECTOR('',#7297,1.);
#4426=VECTOR('',#7300,1.);
#4427=VECTOR('',#7301,1.);
#4428=VECTOR('',#7304,1.);
#4429=VECTOR('',#7305,1.);
#4430=VECTOR('',#7308,1.);
#4431=VECTOR('',#7309,1.);
#4432=VECTOR('',#7312,1.);
#4433=VECTOR('',#7317,1.);
#4434=VECTOR('',#7322,1.);
#4435=VECTOR('',#7327,1.);
#4436=VECTOR('',#7328,1.);
#4437=VECTOR('',#7331,1.);
#4438=VECTOR('',#7336,1.);
#4439=VECTOR('',#7345,1.);
#4440=VECTOR('',#7346,1.);
#4441=VECTOR('',#7351,1.);
#4442=VECTOR('',#7352,1.);
#4443=VECTOR('',#7353,1.);
#4444=VECTOR('',#7354,1.);
#4445=VECTOR('',#7359,1.);
#4446=VECTOR('',#7366,1.);
#4447=VECTOR('',#7371,1.);
#4448=VECTOR('',#7372,1.);
#4449=VECTOR('',#7373,1.);
#4450=VECTOR('',#7378,1.);
#4451=VECTOR('',#7385,1.);
#4452=VECTOR('',#7390,1.);
#4453=VECTOR('',#7391,1.);
#4454=VECTOR('',#7392,1.);
#4455=VECTOR('',#7397,1.);
#4456=VECTOR('',#7404,1.);
#4457=VECTOR('',#7409,1.);
#4458=VECTOR('',#7410,1.);
#4459=VECTOR('',#7411,1.);
#4460=VECTOR('',#7416,1.);
#4461=VECTOR('',#7421,1.);
#4462=VECTOR('',#7422,1.);
#4463=VECTOR('',#7423,1.);
#4464=VECTOR('',#7426,1.);
#4465=VECTOR('',#7427,1.);
#4466=VECTOR('',#7430,1.);
#4467=VECTOR('',#7435,1.);
#4468=VECTOR('',#7440,1.);
#4469=VECTOR('',#7445,1.);
#4470=VECTOR('',#7446,1.);
#4471=VECTOR('',#7449,1.);
#4472=VECTOR('',#7454,1.);
#4473=VECTOR('',#7459,1.);
#4474=VECTOR('',#7464,1.);
#4475=VECTOR('',#7475,1.);
#4476=VECTOR('',#7476,1.);
#4477=VECTOR('',#7477,1.);
#4478=VECTOR('',#7480,1.);
#4479=VECTOR('',#7481,1.);
#4480=VECTOR('',#7484,1.);
#4481=VECTOR('',#7485,1.);
#4482=VECTOR('',#7488,1.);
#4483=VECTOR('',#7489,1.);
#4484=VECTOR('',#7492,1.);
#4485=VECTOR('',#7493,1.);
#4486=VECTOR('',#7496,1.);
#4487=VECTOR('',#7497,1.);
#4488=VECTOR('',#7500,1.);
#4489=VECTOR('',#7501,1.);
#4490=VECTOR('',#7504,1.);
#4491=VECTOR('',#7505,1.);
#4492=VECTOR('',#7508,1.);
#4493=VECTOR('',#7509,1.);
#4494=VECTOR('',#7512,1.);
#4495=VECTOR('',#7517,1.);
#4496=VECTOR('',#7518,1.);
#4497=VECTOR('',#7519,1.);
#4498=VECTOR('',#7520,1.);
#4499=VECTOR('',#7523,1.);
#4500=VECTOR('',#7524,1.);
#4501=VECTOR('',#7525,1.);
#4502=VECTOR('',#7530,1.);
#4503=VECTOR('',#7537,1.);
#4504=VECTOR('',#7542,1.);
#4505=VECTOR('',#7543,1.);
#4506=VECTOR('',#7544,1.);
#4507=VECTOR('',#7549,1.);
#4508=VECTOR('',#7556,1.);
#4509=VECTOR('',#7561,1.);
#4510=VECTOR('',#7562,1.);
#4511=VECTOR('',#7563,1.);
#4512=VECTOR('',#7566,1.);
#4513=VECTOR('',#7567,1.);
#4514=VECTOR('',#7570,1.);
#4515=VECTOR('',#7571,1.);
#4516=VECTOR('',#7574,1.);
#4517=VECTOR('',#7575,1.);
#4518=VECTOR('',#7578,1.);
#4519=VECTOR('',#7579,1.);
#4520=VECTOR('',#7582,1.);
#4521=VECTOR('',#7583,1.);
#4522=VECTOR('',#7586,1.);
#4523=VECTOR('',#7587,1.);
#4524=VECTOR('',#7590,1.);
#4525=VECTOR('',#7595,1.);
#4526=VECTOR('',#7600,1.);
#4527=VECTOR('',#7605,1.);
#4528=VECTOR('',#7606,1.);
#4529=VECTOR('',#7609,1.);
#4530=VECTOR('',#7614,1.);
#4531=VECTOR('',#7623,1.);
#4532=VECTOR('',#7624,1.);
#4533=VECTOR('',#7629,1.);
#4534=VECTOR('',#7630,1.);
#4535=VECTOR('',#7631,1.);
#4536=VECTOR('',#7632,1.);
#4537=VECTOR('',#7637,1.);
#4538=VECTOR('',#7644,1.);
#4539=VECTOR('',#7649,1.);
#4540=VECTOR('',#7650,1.);
#4541=VECTOR('',#7651,1.);
#4542=VECTOR('',#7656,1.);
#4543=VECTOR('',#7663,1.);
#4544=VECTOR('',#7668,1.);
#4545=VECTOR('',#7669,1.);
#4546=VECTOR('',#7670,1.);
#4547=VECTOR('',#7675,1.);
#4548=VECTOR('',#7682,1.);
#4549=VECTOR('',#7687,1.);
#4550=VECTOR('',#7688,1.);
#4551=VECTOR('',#7689,1.);
#4552=VECTOR('',#7694,1.);
#4553=VECTOR('',#7699,1.);
#4554=VECTOR('',#7700,1.);
#4555=VECTOR('',#7701,1.);
#4556=VECTOR('',#7704,1.);
#4557=VECTOR('',#7705,1.);
#4558=VECTOR('',#7708,1.);
#4559=VECTOR('',#7709,1.);
#4560=VECTOR('',#7712,1.);
#4561=VECTOR('',#7713,1.);
#4562=VECTOR('',#7716,1.);
#4563=VECTOR('',#7721,1.);
#4564=VECTOR('',#7726,1.);
#4565=VECTOR('',#7731,1.);
#4566=VECTOR('',#7732,1.);
#4567=VECTOR('',#7735,1.);
#4568=VECTOR('',#7740,1.);
#4569=VECTOR('',#7745,1.);
#4570=VECTOR('',#7750,1.);
#4571=EDGE_LOOP('',(#183,#184,#185,#186,#187,#188,#189,#190,#191,#192,#193,
#194,#195,#196));
#4572=EDGE_LOOP('',(#197,#198,#199,#200,#201,#202,#203,#204,#205,#206,#207,
#208,#209,#210));
#4573=EDGE_LOOP('',(#211,#212,#213,#214));
#4574=EDGE_LOOP('',(#215,#216,#217,#218));
#4575=EDGE_LOOP('',(#219,#220,#221,#222));
#4576=EDGE_LOOP('',(#223,#224,#225,#226));
#4577=EDGE_LOOP('',(#227,#228,#229,#230));
#4578=EDGE_LOOP('',(#231,#232,#233,#234));
#4579=EDGE_LOOP('',(#235,#236,#237,#238));
#4580=EDGE_LOOP('',(#239,#240,#241,#242));
#4581=EDGE_LOOP('',(#243,#244,#245,#246));
#4582=EDGE_LOOP('',(#247,#248,#249,#250));
#4583=EDGE_LOOP('',(#251,#252,#253,#254));
#4584=EDGE_LOOP('',(#255,#256,#257,#258));
#4585=EDGE_LOOP('',(#259,#260,#261,#262));
#4586=EDGE_LOOP('',(#263,#264,#265,#266));
#4587=EDGE_LOOP('',(#267,#268,#269,#270));
#4588=EDGE_LOOP('',(#271,#272,#273,#274));
#4589=EDGE_LOOP('',(#275));
#4590=EDGE_LOOP('',(#276,#277,#278,#279));
#4591=EDGE_LOOP('',(#280,#281,#282,#283));
#4592=EDGE_LOOP('',(#284,#285,#286,#287));
#4593=EDGE_LOOP('',(#288,#289,#290,#291));
#4594=EDGE_LOOP('',(#292,#293,#294,#295));
#4595=EDGE_LOOP('',(#296,#297,#298,#299));
#4596=EDGE_LOOP('',(#300,#301,#302,#303));
#4597=EDGE_LOOP('',(#304,#305,#306,#307));
#4598=EDGE_LOOP('',(#308,#309,#310,#311));
#4599=EDGE_LOOP('',(#312,#313,#314,#315));
#4600=EDGE_LOOP('',(#316,#317,#318,#319));
#4601=EDGE_LOOP('',(#320,#321,#322,#323));
#4602=EDGE_LOOP('',(#324,#325,#326,#327));
#4603=EDGE_LOOP('',(#328,#329,#330,#331));
#4604=EDGE_LOOP('',(#332,#333,#334,#335));
#4605=EDGE_LOOP('',(#336,#337,#338,#339));
#4606=EDGE_LOOP('',(#340,#341,#342,#343));
#4607=EDGE_LOOP('',(#344,#345,#346,#347));
#4608=EDGE_LOOP('',(#348,#349,#350,#351));
#4609=EDGE_LOOP('',(#352,#353,#354,#355));
#4610=EDGE_LOOP('',(#356,#357,#358,#359));
#4611=EDGE_LOOP('',(#360,#361,#362,#363));
#4612=EDGE_LOOP('',(#364,#365,#366,#367));
#4613=EDGE_LOOP('',(#368,#369,#370,#371));
#4614=EDGE_LOOP('',(#372,#373,#374,#375,#376,#377,#378,#379));
#4615=EDGE_LOOP('',(#380));
#4616=EDGE_LOOP('',(#381));
#4617=EDGE_LOOP('',(#382));
#4618=EDGE_LOOP('',(#383));
#4619=EDGE_LOOP('',(#384,#385,#386,#387,#388,#389,#390,#391,#392,#393));
#4620=EDGE_LOOP('',(#394,#395,#396,#397,#398,#399,#400,#401,#402,#403));
#4621=EDGE_LOOP('',(#404,#405,#406,#407,#408,#409,#410,#411,#412,#413,#414,
#415));
#4622=EDGE_LOOP('',(#416,#417,#418,#419));
#4623=EDGE_LOOP('',(#420,#421,#422,#423));
#4624=EDGE_LOOP('',(#424,#425,#426,#427));
#4625=EDGE_LOOP('',(#428,#429,#430,#431));
#4626=EDGE_LOOP('',(#432,#433,#434,#435));
#4627=EDGE_LOOP('',(#436,#437,#438,#439));
#4628=EDGE_LOOP('',(#440,#441,#442,#443));
#4629=EDGE_LOOP('',(#444,#445,#446,#447));
#4630=EDGE_LOOP('',(#448,#449,#450,#451));
#4631=EDGE_LOOP('',(#452,#453,#454,#455));
#4632=EDGE_LOOP('',(#456,#457,#458,#459));
#4633=EDGE_LOOP('',(#460,#461,#462,#463));
#4634=EDGE_LOOP('',(#464,#465,#466,#467));
#4635=EDGE_LOOP('',(#468,#469,#470,#471));
#4636=EDGE_LOOP('',(#472,#473,#474,#475));
#4637=EDGE_LOOP('',(#476,#477,#478,#479));
#4638=EDGE_LOOP('',(#480,#481,#482,#483));
#4639=EDGE_LOOP('',(#484,#485,#486,#487));
#4640=EDGE_LOOP('',(#488,#489,#490,#491));
#4641=EDGE_LOOP('',(#492,#493,#494,#495));
#4642=EDGE_LOOP('',(#496,#497,#498,#499));
#4643=EDGE_LOOP('',(#500,#501,#502,#503));
#4644=EDGE_LOOP('',(#504,#505,#506,#507));
#4645=EDGE_LOOP('',(#508,#509,#510,#511));
#4646=EDGE_LOOP('',(#512,#513,#514,#515));
#4647=EDGE_LOOP('',(#516,#517,#518,#519));
#4648=EDGE_LOOP('',(#520,#521,#522,#523));
#4649=EDGE_LOOP('',(#524,#525,#526,#527));
#4650=EDGE_LOOP('',(#528,#529,#530,#531));
#4651=EDGE_LOOP('',(#532,#533,#534,#535));
#4652=EDGE_LOOP('',(#536,#537,#538,#539));
#4653=EDGE_LOOP('',(#540,#541,#542,#543));
#4654=EDGE_LOOP('',(#544,#545,#546,#547));
#4655=EDGE_LOOP('',(#548,#549,#550,#551));
#4656=EDGE_LOOP('',(#552,#553,#554,#555));
#4657=EDGE_LOOP('',(#556,#557,#558,#559));
#4658=EDGE_LOOP('',(#560,#561,#562,#563));
#4659=EDGE_LOOP('',(#564,#565,#566,#567));
#4660=EDGE_LOOP('',(#568,#569,#570,#571));
#4661=EDGE_LOOP('',(#572,#573,#574,#575));
#4662=EDGE_LOOP('',(#576,#577,#578,#579));
#4663=EDGE_LOOP('',(#580,#581,#582,#583));
#4664=EDGE_LOOP('',(#584,#585,#586,#587));
#4665=EDGE_LOOP('',(#588,#589,#590,#591));
#4666=EDGE_LOOP('',(#592,#593,#594,#595));
#4667=EDGE_LOOP('',(#596,#597,#598,#599));
#4668=EDGE_LOOP('',(#600,#601,#602,#603));
#4669=EDGE_LOOP('',(#604,#605,#606,#607));
#4670=EDGE_LOOP('',(#608,#609,#610,#611));
#4671=EDGE_LOOP('',(#612,#613,#614,#615));
#4672=EDGE_LOOP('',(#616,#617,#618,#619));
#4673=EDGE_LOOP('',(#620,#621,#622,#623));
#4674=EDGE_LOOP('',(#624,#625,#626,#627));
#4675=EDGE_LOOP('',(#628,#629,#630,#631));
#4676=EDGE_LOOP('',(#632,#633,#634,#635));
#4677=EDGE_LOOP('',(#636,#637,#638,#639));
#4678=EDGE_LOOP('',(#640,#641,#642,#643));
#4679=EDGE_LOOP('',(#644,#645,#646,#647));
#4680=EDGE_LOOP('',(#648,#649,#650,#651));
#4681=EDGE_LOOP('',(#652,#653,#654,#655));
#4682=EDGE_LOOP('',(#656,#657,#658,#659));
#4683=EDGE_LOOP('',(#660,#661,#662,#663));
#4684=EDGE_LOOP('',(#664,#665,#666,#667));
#4685=EDGE_LOOP('',(#668,#669,#670,#671));
#4686=EDGE_LOOP('',(#672,#673,#674,#675));
#4687=EDGE_LOOP('',(#676,#677,#678,#679));
#4688=EDGE_LOOP('',(#680,#681,#682,#683));
#4689=EDGE_LOOP('',(#684,#685,#686,#687));
#4690=EDGE_LOOP('',(#688,#689,#690,#691));
#4691=EDGE_LOOP('',(#692,#693,#694,#695));
#4692=EDGE_LOOP('',(#696,#697,#698,#699));
#4693=EDGE_LOOP('',(#700,#701,#702,#703));
#4694=EDGE_LOOP('',(#704,#705,#706,#707));
#4695=EDGE_LOOP('',(#708,#709,#710,#711));
#4696=EDGE_LOOP('',(#712,#713,#714,#715));
#4697=EDGE_LOOP('',(#716,#717,#718,#719));
#4698=EDGE_LOOP('',(#720,#721,#722,#723));
#4699=EDGE_LOOP('',(#724,#725,#726,#727));
#4700=EDGE_LOOP('',(#728,#729,#730,#731));
#4701=EDGE_LOOP('',(#732,#733,#734,#735));
#4702=EDGE_LOOP('',(#736,#737,#738,#739));
#4703=EDGE_LOOP('',(#740,#741,#742,#743));
#4704=EDGE_LOOP('',(#744,#745,#746,#747));
#4705=EDGE_LOOP('',(#748,#749,#750,#751));
#4706=EDGE_LOOP('',(#752,#753,#754,#755));
#4707=EDGE_LOOP('',(#756,#757,#758,#759));
#4708=EDGE_LOOP('',(#760,#761,#762,#763));
#4709=EDGE_LOOP('',(#764,#765,#766,#767));
#4710=EDGE_LOOP('',(#768,#769,#770,#771));
#4711=EDGE_LOOP('',(#772,#773,#774,#775));
#4712=EDGE_LOOP('',(#776,#777,#778,#779));
#4713=EDGE_LOOP('',(#780,#781,#782,#783));
#4714=EDGE_LOOP('',(#784,#785,#786,#787));
#4715=EDGE_LOOP('',(#788,#789,#790,#791));
#4716=EDGE_LOOP('',(#792,#793,#794,#795));
#4717=EDGE_LOOP('',(#796,#797,#798,#799));
#4718=EDGE_LOOP('',(#800,#801,#802,#803));
#4719=EDGE_LOOP('',(#804,#805,#806,#807));
#4720=EDGE_LOOP('',(#808,#809,#810,#811));
#4721=EDGE_LOOP('',(#812,#813,#814,#815));
#4722=EDGE_LOOP('',(#816,#817,#818,#819));
#4723=EDGE_LOOP('',(#820,#821,#822,#823));
#4724=EDGE_LOOP('',(#824,#825,#826,#827));
#4725=EDGE_LOOP('',(#828,#829,#830,#831));
#4726=EDGE_LOOP('',(#832,#833,#834,#835));
#4727=EDGE_LOOP('',(#836,#837,#838,#839));
#4728=EDGE_LOOP('',(#840,#841,#842,#843));
#4729=EDGE_LOOP('',(#844,#845,#846,#847));
#4730=EDGE_LOOP('',(#848,#849,#850,#851));
#4731=EDGE_LOOP('',(#852,#853,#854,#855));
#4732=EDGE_LOOP('',(#856,#857,#858,#859));
#4733=EDGE_LOOP('',(#860,#861,#862,#863));
#4734=EDGE_LOOP('',(#864,#865,#866,#867));
#4735=EDGE_LOOP('',(#868,#869,#870,#871));
#4736=EDGE_LOOP('',(#872,#873,#874,#875));
#4737=EDGE_LOOP('',(#876,#877,#878,#879));
#4738=EDGE_LOOP('',(#880,#881,#882,#883));
#4739=EDGE_LOOP('',(#884,#885,#886,#887));
#4740=EDGE_LOOP('',(#888,#889,#890,#891));
#4741=EDGE_LOOP('',(#892,#893,#894,#895));
#4742=EDGE_LOOP('',(#896,#897,#898,#899));
#4743=EDGE_LOOP('',(#900,#901,#902,#903));
#4744=EDGE_LOOP('',(#904,#905,#906,#907));
#4745=EDGE_LOOP('',(#908));
#4746=EDGE_LOOP('',(#909));
#4747=EDGE_LOOP('',(#910));
#4748=EDGE_LOOP('',(#911));
#4749=EDGE_LOOP('',(#912));
#4750=EDGE_LOOP('',(#913));
#4751=EDGE_LOOP('',(#914,#915,#916,#917));
#4752=EDGE_LOOP('',(#918,#919,#920,#921));
#4753=EDGE_LOOP('',(#922,#923,#924,#925));
#4754=EDGE_LOOP('',(#926,#927,#928,#929));
#4755=EDGE_LOOP('',(#930,#931,#932,#933));
#4756=EDGE_LOOP('',(#934,#935,#936,#937));
#4757=EDGE_LOOP('',(#938,#939,#940,#941));
#4758=EDGE_LOOP('',(#942,#943,#944,#945));
#4759=EDGE_LOOP('',(#946,#947,#948,#949));
#4760=EDGE_LOOP('',(#950,#951,#952,#953));
#4761=EDGE_LOOP('',(#954,#955,#956,#957));
#4762=EDGE_LOOP('',(#958,#959,#960,#961));
#4763=EDGE_LOOP('',(#962,#963,#964,#965));
#4764=EDGE_LOOP('',(#966,#967,#968,#969));
#4765=EDGE_LOOP('',(#970,#971,#972,#973));
#4766=EDGE_LOOP('',(#974,#975,#976,#977));
#4767=EDGE_LOOP('',(#978,#979,#980,#981));
#4768=EDGE_LOOP('',(#982,#983,#984,#985));
#4769=EDGE_LOOP('',(#986,#987,#988,#989));
#4770=EDGE_LOOP('',(#990,#991,#992,#993));
#4771=EDGE_LOOP('',(#994,#995,#996,#997));
#4772=EDGE_LOOP('',(#998,#999,#1000,#1001));
#4773=EDGE_LOOP('',(#1002,#1003,#1004,#1005));
#4774=EDGE_LOOP('',(#1006,#1007,#1008,#1009));
#4775=EDGE_LOOP('',(#1010,#1011,#1012,#1013));
#4776=EDGE_LOOP('',(#1014));
#4777=EDGE_LOOP('',(#1015));
#4778=EDGE_LOOP('',(#1016,#1017,#1018,#1019));
#4779=EDGE_LOOP('',(#1020,#1021,#1022,#1023));
#4780=EDGE_LOOP('',(#1024,#1025,#1026,#1027));
#4781=EDGE_LOOP('',(#1028,#1029,#1030,#1031));
#4782=EDGE_LOOP('',(#1032,#1033,#1034,#1035));
#4783=EDGE_LOOP('',(#1036,#1037,#1038,#1039));
#4784=EDGE_LOOP('',(#1040,#1041,#1042,#1043));
#4785=EDGE_LOOP('',(#1044,#1045,#1046,#1047));
#4786=EDGE_LOOP('',(#1048,#1049,#1050,#1051));
#4787=EDGE_LOOP('',(#1052,#1053,#1054,#1055));
#4788=EDGE_LOOP('',(#1056,#1057,#1058,#1059));
#4789=EDGE_LOOP('',(#1060,#1061,#1062,#1063));
#4790=EDGE_LOOP('',(#1064,#1065,#1066,#1067));
#4791=EDGE_LOOP('',(#1068,#1069,#1070,#1071));
#4792=EDGE_LOOP('',(#1072,#1073,#1074,#1075));
#4793=EDGE_LOOP('',(#1076,#1077,#1078,#1079));
#4794=EDGE_LOOP('',(#1080));
#4795=EDGE_LOOP('',(#1081));
#4796=EDGE_LOOP('',(#1082,#1083,#1084,#1085));
#4797=EDGE_LOOP('',(#1086,#1087,#1088,#1089));
#4798=EDGE_LOOP('',(#1090,#1091,#1092,#1093));
#4799=EDGE_LOOP('',(#1094,#1095,#1096,#1097));
#4800=EDGE_LOOP('',(#1098,#1099,#1100,#1101));
#4801=EDGE_LOOP('',(#1102,#1103,#1104,#1105));
#4802=EDGE_LOOP('',(#1106,#1107,#1108,#1109));
#4803=EDGE_LOOP('',(#1110,#1111,#1112,#1113));
#4804=EDGE_LOOP('',(#1114,#1115,#1116,#1117));
#4805=EDGE_LOOP('',(#1118,#1119,#1120,#1121));
#4806=EDGE_LOOP('',(#1122,#1123,#1124,#1125));
#4807=EDGE_LOOP('',(#1126,#1127,#1128,#1129));
#4808=EDGE_LOOP('',(#1130,#1131,#1132,#1133));
#4809=EDGE_LOOP('',(#1134,#1135,#1136,#1137));
#4810=EDGE_LOOP('',(#1138,#1139,#1140,#1141));
#4811=EDGE_LOOP('',(#1142,#1143,#1144,#1145));
#4812=EDGE_LOOP('',(#1146));
#4813=EDGE_LOOP('',(#1147,#1148,#1149,#1150));
#4814=EDGE_LOOP('',(#1151,#1152,#1153,#1154));
#4815=EDGE_LOOP('',(#1155,#1156,#1157,#1158));
#4816=EDGE_LOOP('',(#1159,#1160,#1161,#1162));
#4817=EDGE_LOOP('',(#1163,#1164,#1165,#1166));
#4818=EDGE_LOOP('',(#1167,#1168,#1169,#1170));
#4819=EDGE_LOOP('',(#1171,#1172,#1173,#1174));
#4820=EDGE_LOOP('',(#1175,#1176,#1177,#1178));
#4821=EDGE_LOOP('',(#1179,#1180,#1181,#1182));
#4822=EDGE_LOOP('',(#1183,#1184,#1185,#1186));
#4823=EDGE_LOOP('',(#1187,#1188,#1189,#1190));
#4824=EDGE_LOOP('',(#1191,#1192,#1193,#1194));
#4825=EDGE_LOOP('',(#1195,#1196,#1197,#1198));
#4826=EDGE_LOOP('',(#1199,#1200,#1201,#1202));
#4827=EDGE_LOOP('',(#1203,#1204,#1205,#1206));
#4828=EDGE_LOOP('',(#1207,#1208,#1209,#1210));
#4829=EDGE_LOOP('',(#1211,#1212,#1213,#1214));
#4830=EDGE_LOOP('',(#1215,#1216,#1217,#1218));
#4831=EDGE_LOOP('',(#1219,#1220,#1221,#1222));
#4832=EDGE_LOOP('',(#1223,#1224,#1225,#1226));
#4833=EDGE_LOOP('',(#1227,#1228,#1229,#1230));
#4834=EDGE_LOOP('',(#1231,#1232,#1233,#1234));
#4835=EDGE_LOOP('',(#1235,#1236,#1237,#1238));
#4836=EDGE_LOOP('',(#1239,#1240,#1241,#1242));
#4837=EDGE_LOOP('',(#1243,#1244,#1245,#1246,#1247,#1248,#1249,#1250));
#4838=EDGE_LOOP('',(#1251));
#4839=EDGE_LOOP('',(#1252));
#4840=EDGE_LOOP('',(#1253));
#4841=EDGE_LOOP('',(#1254));
#4842=EDGE_LOOP('',(#1255,#1256,#1257,#1258));
#4843=EDGE_LOOP('',(#1259,#1260,#1261,#1262));
#4844=EDGE_LOOP('',(#1263,#1264,#1265,#1266));
#4845=EDGE_LOOP('',(#1267,#1268,#1269,#1270));
#4846=EDGE_LOOP('',(#1271,#1272,#1273,#1274));
#4847=EDGE_LOOP('',(#1275,#1276,#1277,#1278));
#4848=EDGE_LOOP('',(#1279,#1280,#1281,#1282));
#4849=EDGE_LOOP('',(#1283,#1284,#1285,#1286));
#4850=EDGE_LOOP('',(#1287,#1288,#1289,#1290));
#4851=EDGE_LOOP('',(#1291,#1292,#1293,#1294));
#4852=EDGE_LOOP('',(#1295,#1296,#1297,#1298));
#4853=EDGE_LOOP('',(#1299,#1300,#1301,#1302));
#4854=EDGE_LOOP('',(#1303,#1304,#1305,#1306));
#4855=EDGE_LOOP('',(#1307,#1308,#1309,#1310));
#4856=EDGE_LOOP('',(#1311,#1312,#1313,#1314));
#4857=EDGE_LOOP('',(#1315,#1316,#1317,#1318));
#4858=EDGE_LOOP('',(#1319,#1320,#1321,#1322));
#4859=EDGE_LOOP('',(#1323,#1324,#1325,#1326));
#4860=EDGE_LOOP('',(#1327,#1328,#1329,#1330));
#4861=EDGE_LOOP('',(#1331,#1332,#1333,#1334));
#4862=EDGE_LOOP('',(#1335,#1336,#1337,#1338));
#4863=EDGE_LOOP('',(#1339,#1340,#1341,#1342));
#4864=EDGE_LOOP('',(#1343,#1344,#1345,#1346));
#4865=EDGE_LOOP('',(#1347,#1348,#1349,#1350));
#4866=EDGE_LOOP('',(#1351,#1352,#1353,#1354));
#4867=EDGE_LOOP('',(#1355,#1356,#1357,#1358));
#4868=EDGE_LOOP('',(#1359,#1360,#1361,#1362,#1363,#1364,#1365,#1366,#1367,
#1368,#1369,#1370,#1371,#1372));
#4869=EDGE_LOOP('',(#1373,#1374,#1375,#1376,#1377,#1378,#1379,#1380));
#4870=EDGE_LOOP('',(#1381,#1382,#1383,#1384));
#4871=EDGE_LOOP('',(#1385,#1386,#1387,#1388));
#4872=EDGE_LOOP('',(#1389,#1390,#1391,#1392));
#4873=EDGE_LOOP('',(#1393,#1394,#1395,#1396));
#4874=EDGE_LOOP('',(#1397,#1398,#1399,#1400));
#4875=EDGE_LOOP('',(#1401,#1402,#1403,#1404));
#4876=EDGE_LOOP('',(#1405,#1406,#1407,#1408));
#4877=EDGE_LOOP('',(#1409,#1410,#1411,#1412));
#4878=EDGE_LOOP('',(#1413,#1414,#1415,#1416));
#4879=EDGE_LOOP('',(#1417,#1418,#1419,#1420));
#4880=EDGE_LOOP('',(#1421,#1422,#1423,#1424));
#4881=EDGE_LOOP('',(#1425,#1426,#1427,#1428));
#4882=EDGE_LOOP('',(#1429,#1430,#1431,#1432));
#4883=EDGE_LOOP('',(#1433,#1434,#1435,#1436));
#4884=EDGE_LOOP('',(#1437,#1438,#1439,#1440));
#4885=EDGE_LOOP('',(#1441,#1442,#1443,#1444));
#4886=EDGE_LOOP('',(#1445,#1446,#1447,#1448));
#4887=EDGE_LOOP('',(#1449,#1450,#1451,#1452));
#4888=EDGE_LOOP('',(#1453,#1454,#1455,#1456));
#4889=EDGE_LOOP('',(#1457,#1458,#1459,#1460));
#4890=EDGE_LOOP('',(#1461,#1462,#1463,#1464));
#4891=EDGE_LOOP('',(#1465,#1466,#1467,#1468));
#4892=EDGE_LOOP('',(#1469,#1470,#1471,#1472,#1473,#1474,#1475,#1476,#1477,
#1478));
#4893=EDGE_LOOP('',(#1479,#1480,#1481,#1482,#1483,#1484,#1485,#1486,#1487,
#1488,#1489,#1490));
#4894=EDGE_LOOP('',(#1491,#1492,#1493,#1494));
#4895=EDGE_LOOP('',(#1495,#1496,#1497,#1498));
#4896=EDGE_LOOP('',(#1499,#1500,#1501,#1502));
#4897=EDGE_LOOP('',(#1503,#1504,#1505,#1506));
#4898=EDGE_LOOP('',(#1507,#1508,#1509,#1510));
#4899=EDGE_LOOP('',(#1511,#1512,#1513,#1514));
#4900=EDGE_LOOP('',(#1515,#1516,#1517,#1518));
#4901=EDGE_LOOP('',(#1519,#1520,#1521,#1522));
#4902=EDGE_LOOP('',(#1523,#1524,#1525,#1526));
#4903=EDGE_LOOP('',(#1527,#1528,#1529,#1530));
#4904=EDGE_LOOP('',(#1531,#1532,#1533,#1534,#1535,#1536,#1537,#1538,#1539,
#1540));
#4905=EDGE_LOOP('',(#1541,#1542,#1543,#1544));
#4906=EDGE_LOOP('',(#1545,#1546,#1547,#1548));
#4907=EDGE_LOOP('',(#1549,#1550,#1551,#1552));
#4908=EDGE_LOOP('',(#1553,#1554,#1555,#1556));
#4909=EDGE_LOOP('',(#1557,#1558,#1559,#1560));
#4910=EDGE_LOOP('',(#1561,#1562,#1563,#1564));
#4911=EDGE_LOOP('',(#1565,#1566,#1567,#1568));
#4912=EDGE_LOOP('',(#1569,#1570,#1571,#1572));
#4913=EDGE_LOOP('',(#1573,#1574,#1575,#1576));
#4914=EDGE_LOOP('',(#1577,#1578,#1579,#1580));
#4915=EDGE_LOOP('',(#1581,#1582,#1583,#1584));
#4916=EDGE_LOOP('',(#1585,#1586,#1587,#1588));
#4917=EDGE_LOOP('',(#1589,#1590,#1591,#1592));
#4918=EDGE_LOOP('',(#1593,#1594,#1595,#1596));
#4919=EDGE_LOOP('',(#1597,#1598,#1599,#1600));
#4920=EDGE_LOOP('',(#1601,#1602,#1603,#1604));
#4921=EDGE_LOOP('',(#1605,#1606,#1607,#1608));
#4922=EDGE_LOOP('',(#1609,#1610,#1611,#1612));
#4923=EDGE_LOOP('',(#1613,#1614,#1615,#1616));
#4924=EDGE_LOOP('',(#1617,#1618,#1619,#1620));
#4925=EDGE_LOOP('',(#1621,#1622,#1623,#1624));
#4926=EDGE_LOOP('',(#1625,#1626,#1627,#1628));
#4927=EDGE_LOOP('',(#1629,#1630,#1631,#1632,#1633,#1634,#1635,#1636,#1637,
#1638,#1639,#1640,#1641,#1642));
#4928=EDGE_LOOP('',(#1643,#1644,#1645,#1646,#1647,#1648,#1649,#1650));
#4929=EDGE_LOOP('',(#1651,#1652,#1653,#1654));
#4930=EDGE_LOOP('',(#1655,#1656,#1657,#1658));
#4931=EDGE_LOOP('',(#1659,#1660,#1661,#1662));
#4932=EDGE_LOOP('',(#1663,#1664,#1665,#1666));
#4933=EDGE_LOOP('',(#1667,#1668,#1669,#1670));
#4934=EDGE_LOOP('',(#1671,#1672,#1673,#1674));
#4935=EDGE_LOOP('',(#1675,#1676,#1677,#1678));
#4936=EDGE_LOOP('',(#1679,#1680,#1681,#1682));
#4937=EDGE_LOOP('',(#1683,#1684,#1685,#1686));
#4938=EDGE_LOOP('',(#1687,#1688,#1689,#1690));
#4939=EDGE_LOOP('',(#1691,#1692,#1693,#1694));
#4940=EDGE_LOOP('',(#1695,#1696,#1697,#1698));
#4941=EDGE_LOOP('',(#1699,#1700,#1701,#1702));
#4942=EDGE_LOOP('',(#1703,#1704,#1705,#1706));
#4943=EDGE_LOOP('',(#1707,#1708,#1709,#1710));
#4944=EDGE_LOOP('',(#1711,#1712,#1713,#1714));
#4945=EDGE_LOOP('',(#1715,#1716,#1717,#1718));
#4946=EDGE_LOOP('',(#1719,#1720,#1721,#1722));
#4947=EDGE_LOOP('',(#1723,#1724,#1725,#1726));
#4948=EDGE_LOOP('',(#1727,#1728,#1729,#1730));
#4949=EDGE_LOOP('',(#1731,#1732,#1733,#1734));
#4950=EDGE_LOOP('',(#1735,#1736,#1737,#1738));
#4951=EDGE_LOOP('',(#1739,#1740,#1741,#1742));
#4952=EDGE_LOOP('',(#1743,#1744,#1745,#1746));
#4953=EDGE_LOOP('',(#1747,#1748,#1749,#1750,#1751,#1752,#1753,#1754,#1755,
#1756,#1757,#1758));
#4954=EDGE_LOOP('',(#1759,#1760,#1761,#1762,#1763,#1764,#1765,#1766,#1767,
#1768,#1769,#1770));
#4955=EDGE_LOOP('',(#1771,#1772,#1773,#1774,#1775,#1776,#1777,#1778));
#4956=EDGE_LOOP('',(#1779,#1780,#1781,#1782,#1783,#1784,#1785,#1786,#1787,
#1788,#1789,#1790));
#4957=EDGE_LOOP('',(#1791,#1792,#1793,#1794,#1795,#1796,#1797,#1798));
#4958=EDGE_LOOP('',(#1799,#1800,#1801,#1802,#1803,#1804,#1805,#1806,#1807,
#1808,#1809,#1810));
#4959=FACE_BOUND('',#4571,.T.);
#4960=FACE_BOUND('',#4572,.T.);
#4961=FACE_BOUND('',#4573,.T.);
#4962=FACE_BOUND('',#4574,.T.);
#4963=FACE_BOUND('',#4575,.T.);
#4964=FACE_BOUND('',#4576,.T.);
#4965=FACE_BOUND('',#4577,.T.);
#4966=FACE_BOUND('',#4578,.T.);
#4967=FACE_BOUND('',#4579,.T.);
#4968=FACE_BOUND('',#4580,.T.);
#4969=FACE_BOUND('',#4581,.T.);
#4970=FACE_BOUND('',#4582,.T.);
#4971=FACE_BOUND('',#4583,.T.);
#4972=FACE_BOUND('',#4584,.T.);
#4973=FACE_BOUND('',#4585,.T.);
#4974=FACE_BOUND('',#4586,.T.);
#4975=FACE_BOUND('',#4587,.T.);
#4976=FACE_BOUND('',#4588,.T.);
#4977=FACE_BOUND('',#4589,.T.);
#4978=FACE_BOUND('',#4590,.T.);
#4979=FACE_BOUND('',#4591,.T.);
#4980=FACE_BOUND('',#4592,.T.);
#4981=FACE_BOUND('',#4593,.T.);
#4982=FACE_BOUND('',#4594,.T.);
#4983=FACE_BOUND('',#4595,.T.);
#4984=FACE_BOUND('',#4596,.T.);
#4985=FACE_BOUND('',#4597,.T.);
#4986=FACE_BOUND('',#4598,.T.);
#4987=FACE_BOUND('',#4599,.T.);
#4988=FACE_BOUND('',#4600,.T.);
#4989=FACE_BOUND('',#4601,.T.);
#4990=FACE_BOUND('',#4602,.T.);
#4991=FACE_BOUND('',#4603,.T.);
#4992=FACE_BOUND('',#4604,.T.);
#4993=FACE_BOUND('',#4605,.T.);
#4994=FACE_BOUND('',#4606,.T.);
#4995=FACE_BOUND('',#4607,.T.);
#4996=FACE_BOUND('',#4608,.T.);
#4997=FACE_BOUND('',#4609,.T.);
#4998=FACE_BOUND('',#4610,.T.);
#4999=FACE_BOUND('',#4611,.T.);
#5000=FACE_BOUND('',#4612,.T.);
#5001=FACE_BOUND('',#4613,.T.);
#5002=FACE_BOUND('',#4614,.T.);
#5003=FACE_BOUND('',#4615,.T.);
#5004=FACE_BOUND('',#4616,.T.);
#5005=FACE_BOUND('',#4617,.T.);
#5006=FACE_BOUND('',#4618,.T.);
#5007=FACE_BOUND('',#4619,.T.);
#5008=FACE_BOUND('',#4620,.T.);
#5009=FACE_BOUND('',#4621,.T.);
#5010=FACE_BOUND('',#4622,.T.);
#5011=FACE_BOUND('',#4623,.T.);
#5012=FACE_BOUND('',#4624,.T.);
#5013=FACE_BOUND('',#4625,.T.);
#5014=FACE_BOUND('',#4626,.T.);
#5015=FACE_BOUND('',#4627,.T.);
#5016=FACE_BOUND('',#4628,.T.);
#5017=FACE_BOUND('',#4629,.T.);
#5018=FACE_BOUND('',#4630,.T.);
#5019=FACE_BOUND('',#4631,.T.);
#5020=FACE_BOUND('',#4632,.T.);
#5021=FACE_BOUND('',#4633,.T.);
#5022=FACE_BOUND('',#4634,.T.);
#5023=FACE_BOUND('',#4635,.T.);
#5024=FACE_BOUND('',#4636,.T.);
#5025=FACE_BOUND('',#4637,.T.);
#5026=FACE_BOUND('',#4638,.T.);
#5027=FACE_BOUND('',#4639,.T.);
#5028=FACE_BOUND('',#4640,.T.);
#5029=FACE_BOUND('',#4641,.T.);
#5030=FACE_BOUND('',#4642,.T.);
#5031=FACE_BOUND('',#4643,.T.);
#5032=FACE_BOUND('',#4644,.T.);
#5033=FACE_BOUND('',#4645,.T.);
#5034=FACE_BOUND('',#4646,.T.);
#5035=FACE_BOUND('',#4647,.T.);
#5036=FACE_BOUND('',#4648,.T.);
#5037=FACE_BOUND('',#4649,.T.);
#5038=FACE_BOUND('',#4650,.T.);
#5039=FACE_BOUND('',#4651,.T.);
#5040=FACE_BOUND('',#4652,.T.);
#5041=FACE_BOUND('',#4653,.T.);
#5042=FACE_BOUND('',#4654,.T.);
#5043=FACE_BOUND('',#4655,.T.);
#5044=FACE_BOUND('',#4656,.T.);
#5045=FACE_BOUND('',#4657,.T.);
#5046=FACE_BOUND('',#4658,.T.);
#5047=FACE_BOUND('',#4659,.T.);
#5048=FACE_BOUND('',#4660,.T.);
#5049=FACE_BOUND('',#4661,.T.);
#5050=FACE_BOUND('',#4662,.T.);
#5051=FACE_BOUND('',#4663,.T.);
#5052=FACE_BOUND('',#4664,.T.);
#5053=FACE_BOUND('',#4665,.T.);
#5054=FACE_BOUND('',#4666,.T.);
#5055=FACE_BOUND('',#4667,.T.);
#5056=FACE_BOUND('',#4668,.T.);
#5057=FACE_BOUND('',#4669,.T.);
#5058=FACE_BOUND('',#4670,.T.);
#5059=FACE_BOUND('',#4671,.T.);
#5060=FACE_BOUND('',#4672,.T.);
#5061=FACE_BOUND('',#4673,.T.);
#5062=FACE_BOUND('',#4674,.T.);
#5063=FACE_BOUND('',#4675,.T.);
#5064=FACE_BOUND('',#4676,.T.);
#5065=FACE_BOUND('',#4677,.T.);
#5066=FACE_BOUND('',#4678,.T.);
#5067=FACE_BOUND('',#4679,.T.);
#5068=FACE_BOUND('',#4680,.T.);
#5069=FACE_BOUND('',#4681,.T.);
#5070=FACE_BOUND('',#4682,.T.);
#5071=FACE_BOUND('',#4683,.T.);
#5072=FACE_BOUND('',#4684,.T.);
#5073=FACE_BOUND('',#4685,.T.);
#5074=FACE_BOUND('',#4686,.T.);
#5075=FACE_BOUND('',#4687,.T.);
#5076=FACE_BOUND('',#4688,.T.);
#5077=FACE_BOUND('',#4689,.T.);
#5078=FACE_BOUND('',#4690,.T.);
#5079=FACE_BOUND('',#4691,.T.);
#5080=FACE_BOUND('',#4692,.T.);
#5081=FACE_BOUND('',#4693,.T.);
#5082=FACE_BOUND('',#4694,.T.);
#5083=FACE_BOUND('',#4695,.T.);
#5084=FACE_BOUND('',#4696,.T.);
#5085=FACE_BOUND('',#4697,.T.);
#5086=FACE_BOUND('',#4698,.T.);
#5087=FACE_BOUND('',#4699,.T.);
#5088=FACE_BOUND('',#4700,.T.);
#5089=FACE_BOUND('',#4701,.T.);
#5090=FACE_BOUND('',#4702,.T.);
#5091=FACE_BOUND('',#4703,.T.);
#5092=FACE_BOUND('',#4704,.T.);
#5093=FACE_BOUND('',#4705,.T.);
#5094=FACE_BOUND('',#4706,.T.);
#5095=FACE_BOUND('',#4707,.T.);
#5096=FACE_BOUND('',#4708,.T.);
#5097=FACE_BOUND('',#4709,.T.);
#5098=FACE_BOUND('',#4710,.T.);
#5099=FACE_BOUND('',#4711,.T.);
#5100=FACE_BOUND('',#4712,.T.);
#5101=FACE_BOUND('',#4713,.T.);
#5102=FACE_BOUND('',#4714,.T.);
#5103=FACE_BOUND('',#4715,.T.);
#5104=FACE_BOUND('',#4716,.T.);
#5105=FACE_BOUND('',#4717,.T.);
#5106=FACE_BOUND('',#4718,.T.);
#5107=FACE_BOUND('',#4719,.T.);
#5108=FACE_BOUND('',#4720,.T.);
#5109=FACE_BOUND('',#4721,.T.);
#5110=FACE_BOUND('',#4722,.T.);
#5111=FACE_BOUND('',#4723,.T.);
#5112=FACE_BOUND('',#4724,.T.);
#5113=FACE_BOUND('',#4725,.T.);
#5114=FACE_BOUND('',#4726,.T.);
#5115=FACE_BOUND('',#4727,.T.);
#5116=FACE_BOUND('',#4728,.T.);
#5117=FACE_BOUND('',#4729,.T.);
#5118=FACE_BOUND('',#4730,.T.);
#5119=FACE_BOUND('',#4731,.T.);
#5120=FACE_BOUND('',#4732,.T.);
#5121=FACE_BOUND('',#4733,.T.);
#5122=FACE_BOUND('',#4734,.T.);
#5123=FACE_BOUND('',#4735,.T.);
#5124=FACE_BOUND('',#4736,.T.);
#5125=FACE_BOUND('',#4737,.T.);
#5126=FACE_BOUND('',#4738,.T.);
#5127=FACE_BOUND('',#4739,.T.);
#5128=FACE_BOUND('',#4740,.T.);
#5129=FACE_BOUND('',#4741,.T.);
#5130=FACE_BOUND('',#4742,.T.);
#5131=FACE_BOUND('',#4743,.T.);
#5132=FACE_BOUND('',#4744,.T.);
#5133=FACE_BOUND('',#4745,.T.);
#5134=FACE_BOUND('',#4746,.T.);
#5135=FACE_BOUND('',#4747,.T.);
#5136=FACE_BOUND('',#4748,.T.);
#5137=FACE_BOUND('',#4749,.T.);
#5138=FACE_BOUND('',#4750,.T.);
#5139=FACE_BOUND('',#4751,.T.);
#5140=FACE_BOUND('',#4752,.T.);
#5141=FACE_BOUND('',#4753,.T.);
#5142=FACE_BOUND('',#4754,.T.);
#5143=FACE_BOUND('',#4755,.T.);
#5144=FACE_BOUND('',#4756,.T.);
#5145=FACE_BOUND('',#4757,.T.);
#5146=FACE_BOUND('',#4758,.T.);
#5147=FACE_BOUND('',#4759,.T.);
#5148=FACE_BOUND('',#4760,.T.);
#5149=FACE_BOUND('',#4761,.T.);
#5150=FACE_BOUND('',#4762,.T.);
#5151=FACE_BOUND('',#4763,.T.);
#5152=FACE_BOUND('',#4764,.T.);
#5153=FACE_BOUND('',#4765,.T.);
#5154=FACE_BOUND('',#4766,.T.);
#5155=FACE_BOUND('',#4767,.T.);
#5156=FACE_BOUND('',#4768,.T.);
#5157=FACE_BOUND('',#4769,.T.);
#5158=FACE_BOUND('',#4770,.T.);
#5159=FACE_BOUND('',#4771,.T.);
#5160=FACE_BOUND('',#4772,.T.);
#5161=FACE_BOUND('',#4773,.T.);
#5162=FACE_BOUND('',#4774,.T.);
#5163=FACE_BOUND('',#4775,.T.);
#5164=FACE_BOUND('',#4776,.T.);
#5165=FACE_BOUND('',#4777,.T.);
#5166=FACE_BOUND('',#4778,.T.);
#5167=FACE_BOUND('',#4779,.T.);
#5168=FACE_BOUND('',#4780,.T.);
#5169=FACE_BOUND('',#4781,.T.);
#5170=FACE_BOUND('',#4782,.T.);
#5171=FACE_BOUND('',#4783,.T.);
#5172=FACE_BOUND('',#4784,.T.);
#5173=FACE_BOUND('',#4785,.T.);
#5174=FACE_BOUND('',#4786,.T.);
#5175=FACE_BOUND('',#4787,.T.);
#5176=FACE_BOUND('',#4788,.T.);
#5177=FACE_BOUND('',#4789,.T.);
#5178=FACE_BOUND('',#4790,.T.);
#5179=FACE_BOUND('',#4791,.T.);
#5180=FACE_BOUND('',#4792,.T.);
#5181=FACE_BOUND('',#4793,.T.);
#5182=FACE_BOUND('',#4794,.T.);
#5183=FACE_BOUND('',#4795,.T.);
#5184=FACE_BOUND('',#4796,.T.);
#5185=FACE_BOUND('',#4797,.T.);
#5186=FACE_BOUND('',#4798,.T.);
#5187=FACE_BOUND('',#4799,.T.);
#5188=FACE_BOUND('',#4800,.T.);
#5189=FACE_BOUND('',#4801,.T.);
#5190=FACE_BOUND('',#4802,.T.);
#5191=FACE_BOUND('',#4803,.T.);
#5192=FACE_BOUND('',#4804,.T.);
#5193=FACE_BOUND('',#4805,.T.);
#5194=FACE_BOUND('',#4806,.T.);
#5195=FACE_BOUND('',#4807,.T.);
#5196=FACE_BOUND('',#4808,.T.);
#5197=FACE_BOUND('',#4809,.T.);
#5198=FACE_BOUND('',#4810,.T.);
#5199=FACE_BOUND('',#4811,.T.);
#5200=FACE_BOUND('',#4812,.T.);
#5201=FACE_BOUND('',#4813,.T.);
#5202=FACE_BOUND('',#4814,.T.);
#5203=FACE_BOUND('',#4815,.T.);
#5204=FACE_BOUND('',#4816,.T.);
#5205=FACE_BOUND('',#4817,.T.);
#5206=FACE_BOUND('',#4818,.T.);
#5207=FACE_BOUND('',#4819,.T.);
#5208=FACE_BOUND('',#4820,.T.);
#5209=FACE_BOUND('',#4821,.T.);
#5210=FACE_BOUND('',#4822,.T.);
#5211=FACE_BOUND('',#4823,.T.);
#5212=FACE_BOUND('',#4824,.T.);
#5213=FACE_BOUND('',#4825,.T.);
#5214=FACE_BOUND('',#4826,.T.);
#5215=FACE_BOUND('',#4827,.T.);
#5216=FACE_BOUND('',#4828,.T.);
#5217=FACE_BOUND('',#4829,.T.);
#5218=FACE_BOUND('',#4830,.T.);
#5219=FACE_BOUND('',#4831,.T.);
#5220=FACE_BOUND('',#4832,.T.);
#5221=FACE_BOUND('',#4833,.T.);
#5222=FACE_BOUND('',#4834,.T.);
#5223=FACE_BOUND('',#4835,.T.);
#5224=FACE_BOUND('',#4836,.T.);
#5225=FACE_BOUND('',#4837,.T.);
#5226=FACE_BOUND('',#4838,.T.);
#5227=FACE_BOUND('',#4839,.T.);
#5228=FACE_BOUND('',#4840,.T.);
#5229=FACE_BOUND('',#4841,.T.);
#5230=FACE_BOUND('',#4842,.T.);
#5231=FACE_BOUND('',#4843,.T.);
#5232=FACE_BOUND('',#4844,.T.);
#5233=FACE_BOUND('',#4845,.T.);
#5234=FACE_BOUND('',#4846,.T.);
#5235=FACE_BOUND('',#4847,.T.);
#5236=FACE_BOUND('',#4848,.T.);
#5237=FACE_BOUND('',#4849,.T.);
#5238=FACE_BOUND('',#4850,.T.);
#5239=FACE_BOUND('',#4851,.T.);
#5240=FACE_BOUND('',#4852,.T.);
#5241=FACE_BOUND('',#4853,.T.);
#5242=FACE_BOUND('',#4854,.T.);
#5243=FACE_BOUND('',#4855,.T.);
#5244=FACE_BOUND('',#4856,.T.);
#5245=FACE_BOUND('',#4857,.T.);
#5246=FACE_BOUND('',#4858,.T.);
#5247=FACE_BOUND('',#4859,.T.);
#5248=FACE_BOUND('',#4860,.T.);
#5249=FACE_BOUND('',#4861,.T.);
#5250=FACE_BOUND('',#4862,.T.);
#5251=FACE_BOUND('',#4863,.T.);
#5252=FACE_BOUND('',#4864,.T.);
#5253=FACE_BOUND('',#4865,.T.);
#5254=FACE_BOUND('',#4866,.T.);
#5255=FACE_BOUND('',#4867,.T.);
#5256=FACE_BOUND('',#4868,.T.);
#5257=FACE_BOUND('',#4869,.T.);
#5258=FACE_BOUND('',#4870,.T.);
#5259=FACE_BOUND('',#4871,.T.);
#5260=FACE_BOUND('',#4872,.T.);
#5261=FACE_BOUND('',#4873,.T.);
#5262=FACE_BOUND('',#4874,.T.);
#5263=FACE_BOUND('',#4875,.T.);
#5264=FACE_BOUND('',#4876,.T.);
#5265=FACE_BOUND('',#4877,.T.);
#5266=FACE_BOUND('',#4878,.T.);
#5267=FACE_BOUND('',#4879,.T.);
#5268=FACE_BOUND('',#4880,.T.);
#5269=FACE_BOUND('',#4881,.T.);
#5270=FACE_BOUND('',#4882,.T.);
#5271=FACE_BOUND('',#4883,.T.);
#5272=FACE_BOUND('',#4884,.T.);
#5273=FACE_BOUND('',#4885,.T.);
#5274=FACE_BOUND('',#4886,.T.);
#5275=FACE_BOUND('',#4887,.T.);
#5276=FACE_BOUND('',#4888,.T.);
#5277=FACE_BOUND('',#4889,.T.);
#5278=FACE_BOUND('',#4890,.T.);
#5279=FACE_BOUND('',#4891,.T.);
#5280=FACE_BOUND('',#4892,.T.);
#5281=FACE_BOUND('',#4893,.T.);
#5282=FACE_BOUND('',#4894,.T.);
#5283=FACE_BOUND('',#4895,.T.);
#5284=FACE_BOUND('',#4896,.T.);
#5285=FACE_BOUND('',#4897,.T.);
#5286=FACE_BOUND('',#4898,.T.);
#5287=FACE_BOUND('',#4899,.T.);
#5288=FACE_BOUND('',#4900,.T.);
#5289=FACE_BOUND('',#4901,.T.);
#5290=FACE_BOUND('',#4902,.T.);
#5291=FACE_BOUND('',#4903,.T.);
#5292=FACE_BOUND('',#4904,.T.);
#5293=FACE_BOUND('',#4905,.T.);
#5294=FACE_BOUND('',#4906,.T.);
#5295=FACE_BOUND('',#4907,.T.);
#5296=FACE_BOUND('',#4908,.T.);
#5297=FACE_BOUND('',#4909,.T.);
#5298=FACE_BOUND('',#4910,.T.);
#5299=FACE_BOUND('',#4911,.T.);
#5300=FACE_BOUND('',#4912,.T.);
#5301=FACE_BOUND('',#4913,.T.);
#5302=FACE_BOUND('',#4914,.T.);
#5303=FACE_BOUND('',#4915,.T.);
#5304=FACE_BOUND('',#4916,.T.);
#5305=FACE_BOUND('',#4917,.T.);
#5306=FACE_BOUND('',#4918,.T.);
#5307=FACE_BOUND('',#4919,.T.);
#5308=FACE_BOUND('',#4920,.T.);
#5309=FACE_BOUND('',#4921,.T.);
#5310=FACE_BOUND('',#4922,.T.);
#5311=FACE_BOUND('',#4923,.T.);
#5312=FACE_BOUND('',#4924,.T.);
#5313=FACE_BOUND('',#4925,.T.);
#5314=FACE_BOUND('',#4926,.T.);
#5315=FACE_BOUND('',#4927,.T.);
#5316=FACE_BOUND('',#4928,.T.);
#5317=FACE_BOUND('',#4929,.T.);
#5318=FACE_BOUND('',#4930,.T.);
#5319=FACE_BOUND('',#4931,.T.);
#5320=FACE_BOUND('',#4932,.T.);
#5321=FACE_BOUND('',#4933,.T.);
#5322=FACE_BOUND('',#4934,.T.);
#5323=FACE_BOUND('',#4935,.T.);
#5324=FACE_BOUND('',#4936,.T.);
#5325=FACE_BOUND('',#4937,.T.);
#5326=FACE_BOUND('',#4938,.T.);
#5327=FACE_BOUND('',#4939,.T.);
#5328=FACE_BOUND('',#4940,.T.);
#5329=FACE_BOUND('',#4941,.T.);
#5330=FACE_BOUND('',#4942,.T.);
#5331=FACE_BOUND('',#4943,.T.);
#5332=FACE_BOUND('',#4944,.T.);
#5333=FACE_BOUND('',#4945,.T.);
#5334=FACE_BOUND('',#4946,.T.);
#5335=FACE_BOUND('',#4947,.T.);
#5336=FACE_BOUND('',#4948,.T.);
#5337=FACE_BOUND('',#4949,.T.);
#5338=FACE_BOUND('',#4950,.T.);
#5339=FACE_BOUND('',#4951,.T.);
#5340=FACE_BOUND('',#4952,.T.);
#5341=FACE_BOUND('',#4953,.T.);
#5342=FACE_BOUND('',#4954,.T.);
#5343=FACE_BOUND('',#4955,.T.);
#5344=FACE_BOUND('',#4956,.T.);
#5345=FACE_BOUND('',#4957,.T.);
#5346=FACE_BOUND('',#4958,.T.);
#5347=PLANE('',#5871);
#5348=PLANE('',#5905);
#5349=PLANE('',#5906);
#5350=PLANE('',#5907);
#5351=PLANE('',#5908);
#5352=PLANE('',#5909);
#5353=PLANE('',#5910);
#5354=PLANE('',#5911);
#5355=PLANE('',#5912);
#5356=PLANE('',#5913);
#5357=PLANE('',#5914);
#5358=PLANE('',#5915);
#5359=PLANE('',#5916);
#5360=PLANE('',#5917);
#5361=PLANE('',#5918);
#5362=PLANE('',#5919);
#5363=PLANE('',#5920);
#5364=PLANE('',#5921);
#5365=PLANE('',#5922);
#5366=PLANE('',#5923);
#5367=PLANE('',#5924);
#5368=PLANE('',#5925);
#5369=PLANE('',#5926);
#5370=PLANE('',#5927);
#5371=PLANE('',#5928);
#5372=PLANE('',#5929);
#5373=PLANE('',#5930);
#5374=PLANE('',#5931);
#5375=PLANE('',#5932);
#5376=PLANE('',#5933);
#5377=PLANE('',#5934);
#5378=PLANE('',#5935);
#5379=PLANE('',#5936);
#5380=PLANE('',#5937);
#5381=PLANE('',#5938);
#5382=PLANE('',#5939);
#5383=PLANE('',#5940);
#5384=PLANE('',#5941);
#5385=PLANE('',#5942);
#5386=PLANE('',#5943);
#5387=PLANE('',#5944);
#5388=PLANE('',#5945);
#5389=PLANE('',#5946);
#5390=PLANE('',#5947);
#5391=PLANE('',#5948);
#5392=PLANE('',#5949);
#5393=PLANE('',#5950);
#5394=PLANE('',#5951);
#5395=PLANE('',#5952);
#5396=PLANE('',#5953);
#5397=PLANE('',#5954);
#5398=PLANE('',#5955);
#5399=PLANE('',#5956);
#5400=PLANE('',#5957);
#5401=PLANE('',#5958);
#5402=PLANE('',#5959);
#5403=PLANE('',#5960);
#5404=PLANE('',#5961);
#5405=PLANE('',#5962);
#5406=PLANE('',#5963);
#5407=PLANE('',#5964);
#5408=PLANE('',#5965);
#5409=PLANE('',#5966);
#5410=PLANE('',#5967);
#5411=PLANE('',#5968);
#5412=PLANE('',#5969);
#5413=PLANE('',#5970);
#5414=PLANE('',#5971);
#5415=PLANE('',#5972);
#5416=PLANE('',#5973);
#5417=PLANE('',#5974);
#5418=PLANE('',#5975);
#5419=PLANE('',#5976);
#5420=PLANE('',#5977);
#5421=PLANE('',#5978);
#5422=PLANE('',#5979);
#5423=PLANE('',#5980);
#5424=PLANE('',#5981);
#5425=PLANE('',#5982);
#5426=PLANE('',#5983);
#5427=PLANE('',#5984);
#5428=PLANE('',#5985);
#5429=PLANE('',#5986);
#5430=PLANE('',#5987);
#5431=PLANE('',#5988);
#5432=PLANE('',#5989);
#5433=PLANE('',#5990);
#5434=PLANE('',#5991);
#5435=PLANE('',#5992);
#5436=PLANE('',#5993);
#5437=PLANE('',#5994);
#5438=PLANE('',#5995);
#5439=PLANE('',#5996);
#5440=PLANE('',#5997);
#5441=PLANE('',#5998);
#5442=PLANE('',#5999);
#5443=PLANE('',#6000);
#5444=PLANE('',#6001);
#5445=PLANE('',#6002);
#5446=PLANE('',#6003);
#5447=PLANE('',#6004);
#5448=PLANE('',#6005);
#5449=PLANE('',#6006);
#5450=PLANE('',#6007);
#5451=PLANE('',#6008);
#5452=PLANE('',#6009);
#5453=PLANE('',#6010);
#5454=PLANE('',#6011);
#5455=PLANE('',#6012);
#5456=PLANE('',#6013);
#5457=PLANE('',#6014);
#5458=PLANE('',#6015);
#5459=PLANE('',#6016);
#5460=PLANE('',#6017);
#5461=PLANE('',#6018);
#5462=PLANE('',#6019);
#5463=PLANE('',#6020);
#5464=PLANE('',#6021);
#5465=PLANE('',#6022);
#5466=PLANE('',#6023);
#5467=PLANE('',#6024);
#5468=PLANE('',#6025);
#5469=PLANE('',#6026);
#5470=PLANE('',#6027);
#5471=PLANE('',#6034);
#5472=PLANE('',#6035);
#5473=PLANE('',#6036);
#5474=PLANE('',#6037);
#5475=PLANE('',#6038);
#5476=PLANE('',#6039);
#5477=PLANE('',#6040);
#5478=PLANE('',#6041);
#5479=PLANE('',#6042);
#5480=PLANE('',#6043);
#5481=PLANE('',#6044);
#5482=PLANE('',#6045);
#5483=PLANE('',#6046);
#5484=PLANE('',#6047);
#5485=PLANE('',#6048);
#5486=PLANE('',#6049);
#5487=PLANE('',#6050);
#5488=PLANE('',#6051);
#5489=PLANE('',#6052);
#5490=PLANE('',#6053);
#5491=PLANE('',#6054);
#5492=PLANE('',#6055);
#5493=PLANE('',#6056);
#5494=PLANE('',#6057);
#5495=PLANE('',#6058);
#5496=PLANE('',#6061);
#5497=PLANE('',#6062);
#5498=PLANE('',#6063);
#5499=PLANE('',#6064);
#5500=PLANE('',#6065);
#5501=PLANE('',#6066);
#5502=PLANE('',#6067);
#5503=PLANE('',#6068);
#5504=PLANE('',#6069);
#5505=PLANE('',#6070);
#5506=PLANE('',#6071);
#5507=PLANE('',#6072);
#5508=PLANE('',#6073);
#5509=PLANE('',#6074);
#5510=PLANE('',#6075);
#5511=PLANE('',#6076);
#5512=PLANE('',#6079);
#5513=PLANE('',#6088);
#5514=PLANE('',#6089);
#5515=PLANE('',#6096);
#5516=PLANE('',#6103);
#5517=PLANE('',#6104);
#5518=PLANE('',#6105);
#5519=PLANE('',#6106);
#5520=PLANE('',#6107);
#5521=PLANE('',#6108);
#5522=PLANE('',#6109);
#5523=PLANE('',#6116);
#5524=PLANE('',#6123);
#5525=PLANE('',#6124);
#5526=PLANE('',#6125);
#5527=PLANE('',#6132);
#5528=PLANE('',#6139);
#5529=PLANE('',#6146);
#5530=PLANE('',#6150);
#5531=PLANE('',#6151);
#5532=PLANE('',#6158);
#5533=PLANE('',#6165);
#5534=PLANE('',#6169);
#5535=PLANE('',#6170);
#5536=PLANE('',#6171);
#5537=PLANE('',#6172);
#5538=PLANE('',#6173);
#5539=PLANE('',#6174);
#5540=PLANE('',#6175);
#5541=PLANE('',#6176);
#5542=PLANE('',#6177);
#5543=PLANE('',#6178);
#5544=PLANE('',#6179);
#5545=PLANE('',#6180);
#5546=PLANE('',#6181);
#5547=PLANE('',#6182);
#5548=PLANE('',#6189);
#5549=PLANE('',#6196);
#5550=PLANE('',#6197);
#5551=PLANE('',#6198);
#5552=PLANE('',#6199);
#5553=PLANE('',#6200);
#5554=PLANE('',#6201);
#5555=PLANE('',#6202);
#5556=PLANE('',#6209);
#5557=PLANE('',#6216);
#5558=PLANE('',#6217);
#5559=PLANE('',#6218);
#5560=PLANE('',#6225);
#5561=PLANE('',#6232);
#5562=PLANE('',#6239);
#5563=PLANE('',#6243);
#5564=PLANE('',#6244);
#5565=PLANE('',#6245);
#5566=PLANE('',#6246);
#5567=PLANE('',#6253);
#5568=PLANE('',#6260);
#5569=PLANE('',#6264);
#5570=PLANE('',#6265);
#5571=PLANE('',#6266);
#5572=PLANE('',#6267);
#5573=PLANE('',#6268);
#5574=ADVANCED_FACE('',(#4959,#4960,#4961,#4962,#4963,#4964,#4965,#4966,
#4967,#4968,#4969,#4970,#4971,#4972,#4973,#4974,#4975,#4976,#4977,#4978,
#4979,#4980,#4981,#4982,#4983,#4984,#4985,#4986,#4987,#4988,#4989,#4990,
#4991,#4992,#4993,#4994,#4995,#4996,#4997,#4998,#4999,#5000,#5001,#5002,
#5003,#5004,#5005,#5006,#5007,#5008,#5009),#5347,.T.);
#5575=ADVANCED_FACE('',(#5010),#5348,.T.);
#5576=ADVANCED_FACE('',(#5011),#5349,.F.);
#5577=ADVANCED_FACE('',(#5012),#5350,.F.);
#5578=ADVANCED_FACE('',(#5013),#5351,.T.);
#5579=ADVANCED_FACE('',(#5014),#5352,.F.);
#5580=ADVANCED_FACE('',(#5015),#5353,.F.);
#5581=ADVANCED_FACE('',(#5016),#5354,.T.);
#5582=ADVANCED_FACE('',(#5017),#5355,.F.);
#5583=ADVANCED_FACE('',(#5018),#5356,.F.);
#5584=ADVANCED_FACE('',(#5019),#5357,.T.);
#5585=ADVANCED_FACE('',(#5020),#5358,.F.);
#5586=ADVANCED_FACE('',(#5021),#5359,.F.);
#5587=ADVANCED_FACE('',(#5022),#5360,.T.);
#5588=ADVANCED_FACE('',(#5023),#5361,.F.);
#5589=ADVANCED_FACE('',(#5024),#5362,.F.);
#5590=ADVANCED_FACE('',(#5025),#5363,.T.);
#5591=ADVANCED_FACE('',(#5026),#5364,.F.);
#5592=ADVANCED_FACE('',(#5027),#5365,.F.);
#5593=ADVANCED_FACE('',(#5028),#5366,.T.);
#5594=ADVANCED_FACE('',(#5029),#5367,.F.);
#5595=ADVANCED_FACE('',(#5030),#5368,.F.);
#5596=ADVANCED_FACE('',(#5031),#5369,.T.);
#5597=ADVANCED_FACE('',(#5032),#5370,.F.);
#5598=ADVANCED_FACE('',(#5033),#5371,.F.);
#5599=ADVANCED_FACE('',(#5034),#5372,.T.);
#5600=ADVANCED_FACE('',(#5035),#5373,.F.);
#5601=ADVANCED_FACE('',(#5036),#5374,.F.);
#5602=ADVANCED_FACE('',(#5037),#5375,.T.);
#5603=ADVANCED_FACE('',(#5038),#5376,.F.);
#5604=ADVANCED_FACE('',(#5039),#5377,.F.);
#5605=ADVANCED_FACE('',(#5040),#5378,.T.);
#5606=ADVANCED_FACE('',(#5041),#5379,.F.);
#5607=ADVANCED_FACE('',(#5042),#5380,.F.);
#5608=ADVANCED_FACE('',(#5043),#5381,.T.);
#5609=ADVANCED_FACE('',(#5044),#5382,.T.);
#5610=ADVANCED_FACE('',(#5045),#5383,.F.);
#5611=ADVANCED_FACE('',(#5046),#5384,.T.);
#5612=ADVANCED_FACE('',(#5047),#5385,.T.);
#5613=ADVANCED_FACE('',(#5048),#5386,.F.);
#5614=ADVANCED_FACE('',(#5049),#5387,.T.);
#5615=ADVANCED_FACE('',(#5050),#5388,.F.);
#5616=ADVANCED_FACE('',(#5051),#5389,.F.);
#5617=ADVANCED_FACE('',(#5052),#5390,.T.);
#5618=ADVANCED_FACE('',(#5053),#5391,.F.);
#5619=ADVANCED_FACE('',(#5054),#5392,.F.);
#5620=ADVANCED_FACE('',(#5055),#5393,.T.);
#5621=ADVANCED_FACE('',(#5056),#5394,.F.);
#5622=ADVANCED_FACE('',(#5057),#5395,.F.);
#5623=ADVANCED_FACE('',(#5058),#5396,.T.);
#5624=ADVANCED_FACE('',(#5059),#5397,.T.);
#5625=ADVANCED_FACE('',(#5060),#5398,.F.);
#5626=ADVANCED_FACE('',(#5061),#5399,.T.);
#5627=ADVANCED_FACE('',(#5062),#5400,.T.);
#5628=ADVANCED_FACE('',(#5063),#5401,.F.);
#5629=ADVANCED_FACE('',(#5064),#5402,.T.);
#5630=ADVANCED_FACE('',(#5065),#5403,.F.);
#5631=ADVANCED_FACE('',(#5066),#5404,.F.);
#5632=ADVANCED_FACE('',(#5067),#5405,.T.);
#5633=ADVANCED_FACE('',(#5068),#5406,.F.);
#5634=ADVANCED_FACE('',(#5069),#5407,.F.);
#5635=ADVANCED_FACE('',(#5070),#5408,.T.);
#5636=ADVANCED_FACE('',(#5071),#5409,.F.);
#5637=ADVANCED_FACE('',(#5072),#5410,.F.);
#5638=ADVANCED_FACE('',(#5073),#5411,.T.);
#5639=ADVANCED_FACE('',(#5074),#5412,.T.);
#5640=ADVANCED_FACE('',(#5075),#5413,.F.);
#5641=ADVANCED_FACE('',(#5076),#5414,.T.);
#5642=ADVANCED_FACE('',(#5077),#5415,.T.);
#5643=ADVANCED_FACE('',(#5078),#5416,.F.);
#5644=ADVANCED_FACE('',(#5079),#5417,.T.);
#5645=ADVANCED_FACE('',(#5080),#5418,.F.);
#5646=ADVANCED_FACE('',(#5081),#5419,.F.);
#5647=ADVANCED_FACE('',(#5082),#5420,.T.);
#5648=ADVANCED_FACE('',(#5083),#5421,.F.);
#5649=ADVANCED_FACE('',(#5084),#5422,.F.);
#5650=ADVANCED_FACE('',(#5085),#5423,.F.);
#5651=ADVANCED_FACE('',(#5086),#5424,.F.);
#5652=ADVANCED_FACE('',(#5087),#5425,.T.);
#5653=ADVANCED_FACE('',(#5088),#5426,.T.);
#5654=ADVANCED_FACE('',(#5089),#5427,.F.);
#5655=ADVANCED_FACE('',(#5090),#5428,.F.);
#5656=ADVANCED_FACE('',(#5091),#5429,.T.);
#5657=ADVANCED_FACE('',(#5092),#5430,.F.);
#5658=ADVANCED_FACE('',(#5093),#5431,.F.);
#5659=ADVANCED_FACE('',(#5094),#5432,.F.);
#5660=ADVANCED_FACE('',(#5095),#5433,.F.);
#5661=ADVANCED_FACE('',(#5096),#5434,.T.);
#5662=ADVANCED_FACE('',(#5097),#5435,.T.);
#5663=ADVANCED_FACE('',(#5098),#5436,.F.);
#5664=ADVANCED_FACE('',(#5099),#5437,.F.);
#5665=ADVANCED_FACE('',(#5100),#5438,.T.);
#5666=ADVANCED_FACE('',(#5101),#5439,.F.);
#5667=ADVANCED_FACE('',(#5102),#5440,.F.);
#5668=ADVANCED_FACE('',(#5103),#5441,.F.);
#5669=ADVANCED_FACE('',(#5104),#5442,.F.);
#5670=ADVANCED_FACE('',(#5105),#5443,.T.);
#5671=ADVANCED_FACE('',(#5106),#5444,.T.);
#5672=ADVANCED_FACE('',(#5107),#5445,.F.);
#5673=ADVANCED_FACE('',(#5108),#5446,.F.);
#5674=ADVANCED_FACE('',(#5109),#5447,.T.);
#5675=ADVANCED_FACE('',(#5110),#5448,.F.);
#5676=ADVANCED_FACE('',(#5111),#5449,.F.);
#5677=ADVANCED_FACE('',(#5112),#5450,.F.);
#5678=ADVANCED_FACE('',(#5113),#5451,.F.);
#5679=ADVANCED_FACE('',(#5114),#5452,.T.);
#5680=ADVANCED_FACE('',(#5115),#5453,.F.);
#5681=ADVANCED_FACE('',(#5116),#5454,.F.);
#5682=ADVANCED_FACE('',(#5117),#5455,.T.);
#5683=ADVANCED_FACE('',(#5118),#5456,.F.);
#5684=ADVANCED_FACE('',(#5119),#5457,.F.);
#5685=ADVANCED_FACE('',(#5120),#5458,.T.);
#5686=ADVANCED_FACE('',(#5121),#5459,.F.);
#5687=ADVANCED_FACE('',(#5122),#5460,.F.);
#5688=ADVANCED_FACE('',(#5123),#5461,.T.);
#5689=ADVANCED_FACE('',(#5124),#5462,.F.);
#5690=ADVANCED_FACE('',(#5125),#5463,.F.);
#5691=ADVANCED_FACE('',(#5126),#5464,.T.);
#5692=ADVANCED_FACE('',(#5127),#5465,.F.);
#5693=ADVANCED_FACE('',(#5128),#5466,.F.);
#5694=ADVANCED_FACE('',(#5129),#5467,.T.);
#5695=ADVANCED_FACE('',(#5130),#5468,.F.);
#5696=ADVANCED_FACE('',(#5131),#5469,.F.);
#5697=ADVANCED_FACE('',(#5132),#5470,.T.);
#5698=ADVANCED_FACE('',(#5133,#5134),#12,.F.);
#5699=ADVANCED_FACE('',(#5135,#5136),#13,.F.);
#5700=ADVANCED_FACE('',(#5137,#5138),#14,.F.);
#5701=ADVANCED_FACE('',(#5139),#5471,.T.);
#5702=ADVANCED_FACE('',(#5140),#5472,.T.);
#5703=ADVANCED_FACE('',(#5141),#5473,.T.);
#5704=ADVANCED_FACE('',(#5142),#5474,.T.);
#5705=ADVANCED_FACE('',(#5143),#5475,.T.);
#5706=ADVANCED_FACE('',(#5144),#5476,.T.);
#5707=ADVANCED_FACE('',(#5145),#5477,.T.);
#5708=ADVANCED_FACE('',(#5146),#5478,.T.);
#5709=ADVANCED_FACE('',(#5147),#5479,.T.);
#5710=ADVANCED_FACE('',(#5148),#5480,.T.);
#5711=ADVANCED_FACE('',(#5149),#5481,.T.);
#5712=ADVANCED_FACE('',(#5150),#5482,.F.);
#5713=ADVANCED_FACE('',(#5151),#5483,.F.);
#5714=ADVANCED_FACE('',(#5152),#5484,.T.);
#5715=ADVANCED_FACE('',(#5153),#5485,.T.);
#5716=ADVANCED_FACE('',(#5154),#5486,.T.);
#5717=ADVANCED_FACE('',(#5155),#5487,.F.);
#5718=ADVANCED_FACE('',(#5156),#5488,.F.);
#5719=ADVANCED_FACE('',(#5157),#5489,.T.);
#5720=ADVANCED_FACE('',(#5158),#5490,.T.);
#5721=ADVANCED_FACE('',(#5159),#5491,.T.);
#5722=ADVANCED_FACE('',(#5160),#5492,.F.);
#5723=ADVANCED_FACE('',(#5161),#5493,.F.);
#5724=ADVANCED_FACE('',(#5162),#5494,.T.);
#5725=ADVANCED_FACE('',(#5163),#5495,.T.);
#5726=ADVANCED_FACE('',(#5164,#5165),#15,.F.);
#5727=ADVANCED_FACE('',(#5166),#5496,.T.);
#5728=ADVANCED_FACE('',(#5167),#5497,.T.);
#5729=ADVANCED_FACE('',(#5168),#5498,.T.);
#5730=ADVANCED_FACE('',(#5169),#5499,.T.);
#5731=ADVANCED_FACE('',(#5170),#5500,.T.);
#5732=ADVANCED_FACE('',(#5171),#5501,.T.);
#5733=ADVANCED_FACE('',(#5172),#5502,.T.);
#5734=ADVANCED_FACE('',(#5173),#5503,.T.);
#5735=ADVANCED_FACE('',(#5174),#5504,.T.);
#5736=ADVANCED_FACE('',(#5175),#5505,.T.);
#5737=ADVANCED_FACE('',(#5176),#5506,.T.);
#5738=ADVANCED_FACE('',(#5177),#5507,.T.);
#5739=ADVANCED_FACE('',(#5178),#5508,.T.);
#5740=ADVANCED_FACE('',(#5179),#5509,.T.);
#5741=ADVANCED_FACE('',(#5180),#5510,.T.);
#5742=ADVANCED_FACE('',(#5181),#5511,.T.);
#5743=ADVANCED_FACE('',(#5182,#5183),#16,.F.);
#5744=ADVANCED_FACE('',(#5184,#5185,#5186,#5187,#5188,#5189,#5190,#5191,
#5192,#5193,#5194,#5195,#5196,#5197,#5198,#5199,#5200,#5201,#5202,#5203,
#5204,#5205,#5206,#5207,#5208,#5209,#5210,#5211,#5212,#5213,#5214,#5215,
#5216,#5217,#5218,#5219,#5220,#5221,#5222,#5223,#5224,#5225,#5226,#5227,
#5228,#5229),#5512,.F.);
#5745=ADVANCED_FACE('',(#5230),#17,.T.);
#5746=ADVANCED_FACE('',(#5231),#18,.T.);
#5747=ADVANCED_FACE('',(#5232),#19,.T.);
#5748=ADVANCED_FACE('',(#5233),#20,.T.);
#5749=ADVANCED_FACE('',(#5234),#5513,.T.);
#5750=ADVANCED_FACE('',(#5235),#5514,.T.);
#5751=ADVANCED_FACE('',(#5236),#21,.T.);
#5752=ADVANCED_FACE('',(#5237),#22,.T.);
#5753=ADVANCED_FACE('',(#5238),#5515,.T.);
#5754=ADVANCED_FACE('',(#5239),#23,.T.);
#5755=ADVANCED_FACE('',(#5240),#24,.T.);
#5756=ADVANCED_FACE('',(#5241),#5516,.T.);
#5757=ADVANCED_FACE('',(#5242),#5517,.T.);
#5758=ADVANCED_FACE('',(#5243),#5518,.T.);
#5759=ADVANCED_FACE('',(#5244),#5519,.T.);
#5760=ADVANCED_FACE('',(#5245),#5520,.T.);
#5761=ADVANCED_FACE('',(#5246),#5521,.T.);
#5762=ADVANCED_FACE('',(#5247),#5522,.T.);
#5763=ADVANCED_FACE('',(#5248),#25,.F.);
#5764=ADVANCED_FACE('',(#5249),#26,.F.);
#5765=ADVANCED_FACE('',(#5250),#27,.F.);
#5766=ADVANCED_FACE('',(#5251),#5523,.T.);
#5767=ADVANCED_FACE('',(#5252),#28,.F.);
#5768=ADVANCED_FACE('',(#5253),#29,.F.);
#5769=ADVANCED_FACE('',(#5254),#30,.F.);
#5770=ADVANCED_FACE('',(#5255),#5524,.T.);
#5771=ADVANCED_FACE('',(#5256,#5257),#5525,.T.);
#5772=ADVANCED_FACE('',(#5258),#5526,.T.);
#5773=ADVANCED_FACE('',(#5259),#31,.T.);
#5774=ADVANCED_FACE('',(#5260),#32,.T.);
#5775=ADVANCED_FACE('',(#5261),#5527,.T.);
#5776=ADVANCED_FACE('',(#5262),#33,.T.);
#5777=ADVANCED_FACE('',(#5263),#34,.T.);
#5778=ADVANCED_FACE('',(#5264),#5528,.T.);
#5779=ADVANCED_FACE('',(#5265),#35,.T.);
#5780=ADVANCED_FACE('',(#5266),#36,.T.);
#5781=ADVANCED_FACE('',(#5267),#5529,.T.);
#5782=ADVANCED_FACE('',(#5268),#37,.T.);
#5783=ADVANCED_FACE('',(#5269),#5530,.T.);
#5784=ADVANCED_FACE('',(#5270),#5531,.T.);
#5785=ADVANCED_FACE('',(#5271),#38,.F.);
#5786=ADVANCED_FACE('',(#5272),#39,.F.);
#5787=ADVANCED_FACE('',(#5273),#40,.F.);
#5788=ADVANCED_FACE('',(#5274),#5532,.T.);
#5789=ADVANCED_FACE('',(#5275),#41,.F.);
#5790=ADVANCED_FACE('',(#5276),#42,.F.);
#5791=ADVANCED_FACE('',(#5277),#43,.F.);
#5792=ADVANCED_FACE('',(#5278),#5533,.T.);
#5793=ADVANCED_FACE('',(#5279),#44,.T.);
#5794=ADVANCED_FACE('',(#5280,#5281),#5534,.T.);
#5795=ADVANCED_FACE('',(#5282),#5535,.T.);
#5796=ADVANCED_FACE('',(#5283),#5536,.T.);
#5797=ADVANCED_FACE('',(#5284),#5537,.T.);
#5798=ADVANCED_FACE('',(#5285),#5538,.T.);
#5799=ADVANCED_FACE('',(#5286),#5539,.T.);
#5800=ADVANCED_FACE('',(#5287),#5540,.T.);
#5801=ADVANCED_FACE('',(#5288),#5541,.T.);
#5802=ADVANCED_FACE('',(#5289),#5542,.T.);
#5803=ADVANCED_FACE('',(#5290),#5543,.T.);
#5804=ADVANCED_FACE('',(#5291),#5544,.T.);
#5805=ADVANCED_FACE('',(#5292),#5545,.T.);
#5806=ADVANCED_FACE('',(#5293),#5546,.T.);
#5807=ADVANCED_FACE('',(#5294),#5547,.T.);
#5808=ADVANCED_FACE('',(#5295),#45,.T.);
#5809=ADVANCED_FACE('',(#5296),#46,.T.);
#5810=ADVANCED_FACE('',(#5297),#5548,.T.);
#5811=ADVANCED_FACE('',(#5298),#47,.T.);
#5812=ADVANCED_FACE('',(#5299),#48,.T.);
#5813=ADVANCED_FACE('',(#5300),#5549,.T.);
#5814=ADVANCED_FACE('',(#5301),#5550,.T.);
#5815=ADVANCED_FACE('',(#5302),#5551,.T.);
#5816=ADVANCED_FACE('',(#5303),#5552,.T.);
#5817=ADVANCED_FACE('',(#5304),#5553,.T.);
#5818=ADVANCED_FACE('',(#5305),#5554,.T.);
#5819=ADVANCED_FACE('',(#5306),#5555,.T.);
#5820=ADVANCED_FACE('',(#5307),#49,.F.);
#5821=ADVANCED_FACE('',(#5308),#50,.F.);
#5822=ADVANCED_FACE('',(#5309),#51,.F.);
#5823=ADVANCED_FACE('',(#5310),#5556,.T.);
#5824=ADVANCED_FACE('',(#5311),#52,.F.);
#5825=ADVANCED_FACE('',(#5312),#53,.F.);
#5826=ADVANCED_FACE('',(#5313),#54,.F.);
#5827=ADVANCED_FACE('',(#5314),#5557,.T.);
#5828=ADVANCED_FACE('',(#5315,#5316),#5558,.T.);
#5829=ADVANCED_FACE('',(#5317),#5559,.T.);
#5830=ADVANCED_FACE('',(#5318),#55,.T.);
#5831=ADVANCED_FACE('',(#5319),#56,.T.);
#5832=ADVANCED_FACE('',(#5320),#5560,.T.);
#5833=ADVANCED_FACE('',(#5321),#57,.T.);
#5834=ADVANCED_FACE('',(#5322),#58,.T.);
#5835=ADVANCED_FACE('',(#5323),#5561,.T.);
#5836=ADVANCED_FACE('',(#5324),#59,.T.);
#5837=ADVANCED_FACE('',(#5325),#60,.T.);
#5838=ADVANCED_FACE('',(#5326),#5562,.T.);
#5839=ADVANCED_FACE('',(#5327),#61,.T.);
#5840=ADVANCED_FACE('',(#5328),#5563,.T.);
#5841=ADVANCED_FACE('',(#5329),#5564,.T.);
#5842=ADVANCED_FACE('',(#5330),#5565,.T.);
#5843=ADVANCED_FACE('',(#5331),#5566,.T.);
#5844=ADVANCED_FACE('',(#5332),#62,.F.);
#5845=ADVANCED_FACE('',(#5333),#63,.F.);
#5846=ADVANCED_FACE('',(#5334),#64,.F.);
#5847=ADVANCED_FACE('',(#5335),#5567,.T.);
#5848=ADVANCED_FACE('',(#5336),#65,.F.);
#5849=ADVANCED_FACE('',(#5337),#66,.F.);
#5850=ADVANCED_FACE('',(#5338),#67,.F.);
#5851=ADVANCED_FACE('',(#5339),#5568,.T.);
#5852=ADVANCED_FACE('',(#5340),#68,.T.);
#5853=ADVANCED_FACE('',(#5341,#5342),#5569,.T.);
#5854=ADVANCED_FACE('',(#5343),#5570,.T.);
#5855=ADVANCED_FACE('',(#5344),#5571,.T.);
#5856=ADVANCED_FACE('',(#5345),#5572,.T.);
#5857=ADVANCED_FACE('',(#5346),#5573,.T.);
#5858=CLOSED_SHELL('',(#5574,#5575,#5576,#5577,#5578,#5579,#5580,#5581,
#5582,#5583,#5584,#5585,#5586,#5587,#5588,#5589,#5590,#5591,#5592,#5593,
#5594,#5595,#5596,#5597,#5598,#5599,#5600,#5601,#5602,#5603,#5604,#5605,
#5606,#5607,#5608,#5609,#5610,#5611,#5612,#5613,#5614,#5615,#5616,#5617,
#5618,#5619,#5620,#5621,#5622,#5623,#5624,#5625,#5626,#5627,#5628,#5629,
#5630,#5631,#5632,#5633,#5634,#5635,#5636,#5637,#5638,#5639,#5640,#5641,
#5642,#5643,#5644,#5645,#5646,#5647,#5648,#5649,#5650,#5651,#5652,#5653,
#5654,#5655,#5656,#5657,#5658,#5659,#5660,#5661,#5662,#5663,#5664,#5665,
#5666,#5667,#5668,#5669,#5670,#5671,#5672,#5673,#5674,#5675,#5676,#5677,
#5678,#5679,#5680,#5681,#5682,#5683,#5684,#5685,#5686,#5687,#5688,#5689,
#5690,#5691,#5692,#5693,#5694,#5695,#5696,#5697,#5698,#5699,#5700,#5701,
#5702,#5703,#5704,#5705,#5706,#5707,#5708,#5709,#5710,#5711,#5712,#5713,
#5714,#5715,#5716,#5717,#5718,#5719,#5720,#5721,#5722,#5723,#5724,#5725,
#5726,#5727,#5728,#5729,#5730,#5731,#5732,#5733,#5734,#5735,#5736,#5737,
#5738,#5739,#5740,#5741,#5742,#5743,#5744,#5745,#5746,#5747,#5748,#5749,
#5750,#5751,#5752,#5753,#5754,#5755,#5756,#5757,#5758,#5759,#5760,#5761,
#5762,#5763,#5764,#5765,#5766,#5767,#5768,#5769,#5770,#5771,#5772,#5773,
#5774,#5775,#5776,#5777,#5778,#5779,#5780,#5781,#5782,#5783,#5784,#5785,
#5786,#5787,#5788,#5789,#5790,#5791,#5792,#5793,#5794,#5795,#5796,#5797,
#5798,#5799,#5800,#5801,#5802,#5803,#5804,#5805,#5806,#5807,#5808,#5809,
#5810,#5811,#5812,#5813,#5814,#5815,#5816,#5817,#5818,#5819,#5820,#5821,
#5822,#5823,#5824,#5825,#5826,#5827,#5828,#5829,#5830,#5831,#5832,#5833,
#5834,#5835,#5836,#5837,#5838,#5839,#5840,#5841,#5842,#5843,#5844,#5845,
#5846,#5847,#5848,#5849,#5850,#5851,#5852,#5853,#5854,#5855,#5856,#5857));
#5859=STYLED_ITEM('',(#5860),#5867);
#5860=PRESENTATION_STYLE_ASSIGNMENT((#5861));
#5861=SURFACE_STYLE_USAGE(.BOTH.,#5862);
#5862=SURFACE_SIDE_STYLE('',(#5863));
#5863=SURFACE_STYLE_FILL_AREA(#5864);
#5864=FILL_AREA_STYLE('',(#5865));
#5865=FILL_AREA_STYLE_COLOUR('',#5866);
#5866=COLOUR_RGB('',0.615686274509804,0.811764705882353,0.929411764705882);
#5867=MANIFOLD_SOLID_BREP('Top',#5858);
#5868=SHAPE_DEFINITION_REPRESENTATION(#9418,#5869);
#5869=SHAPE_REPRESENTATION('Top',(#5870),#9413);
#5870=AXIS2_PLACEMENT_3D('',#7767,#6269,#6270);
#5871=AXIS2_PLACEMENT_3D('',#7768,#6271,#6272);
#5872=AXIS2_PLACEMENT_3D('',#7774,#6275,#6276);
#5873=AXIS2_PLACEMENT_3D('',#7776,#6277,#6278);
#5874=AXIS2_PLACEMENT_3D('',#7778,#6279,#6280);
#5875=AXIS2_PLACEMENT_3D('',#7782,#6282,#6283);
#5876=AXIS2_PLACEMENT_3D('',#7784,#6284,#6285);
#5877=AXIS2_PLACEMENT_3D('',#7786,#6286,#6287);
#5878=AXIS2_PLACEMENT_3D('',#7802,#6295,#6296);
#5879=AXIS2_PLACEMENT_3D('',#7804,#6297,#6298);
#5880=AXIS2_PLACEMENT_3D('',#7806,#6299,#6300);
#5881=AXIS2_PLACEMENT_3D('',#7810,#6302,#6303);
#5882=AXIS2_PLACEMENT_3D('',#7812,#6304,#6305);
#5883=AXIS2_PLACEMENT_3D('',#7814,#6306,#6307);
#5884=AXIS2_PLACEMENT_3D('',#7953,#6377,#6378);
#5885=AXIS2_PLACEMENT_3D('',#8150,#6476,#6477);
#5886=AXIS2_PLACEMENT_3D('',#8154,#6479,#6480);
#5887=AXIS2_PLACEMENT_3D('',#8158,#6482,#6483);
#5888=AXIS2_PLACEMENT_3D('',#8162,#6485,#6486);
#5889=AXIS2_PLACEMENT_3D('',#8163,#6487,#6488);
#5890=AXIS2_PLACEMENT_3D('',#8165,#6489,#6490);
#5891=AXIS2_PLACEMENT_3D('',#8167,#6491,#6492);
#5892=AXIS2_PLACEMENT_3D('',#8169,#6493,#6494);
#5893=AXIS2_PLACEMENT_3D('',#8178,#6498,#6499);
#5894=AXIS2_PLACEMENT_3D('',#8180,#6500,#6501);
#5895=AXIS2_PLACEMENT_3D('',#8182,#6502,#6503);
#5896=AXIS2_PLACEMENT_3D('',#8186,#6505,#6506);
#5897=AXIS2_PLACEMENT_3D('',#8188,#6507,#6508);
#5898=AXIS2_PLACEMENT_3D('',#8190,#6509,#6510);
#5899=AXIS2_PLACEMENT_3D('',#8218,#6524,#6525);
#5900=AXIS2_PLACEMENT_3D('',#8220,#6526,#6527);
#5901=AXIS2_PLACEMENT_3D('',#8222,#6528,#6529);
#5902=AXIS2_PLACEMENT_3D('',#8226,#6531,#6532);
#5903=AXIS2_PLACEMENT_3D('',#8228,#6533,#6534);
#5904=AXIS2_PLACEMENT_3D('',#8230,#6535,#6536);
#5905=AXIS2_PLACEMENT_3D('',#8235,#6539,#6540);
#5906=AXIS2_PLACEMENT_3D('',#8241,#6544,#6545);
#5907=AXIS2_PLACEMENT_3D('',#8247,#6549,#6550);
#5908=AXIS2_PLACEMENT_3D('',#8253,#6554,#6555);
#5909=AXIS2_PLACEMENT_3D('',#8259,#6559,#6560);
#5910=AXIS2_PLACEMENT_3D('',#8263,#6563,#6564);
#5911=AXIS2_PLACEMENT_3D('',#8267,#6567,#6568);
#5912=AXIS2_PLACEMENT_3D('',#8273,#6572,#6573);
#5913=AXIS2_PLACEMENT_3D('',#8277,#6576,#6577);
#5914=AXIS2_PLACEMENT_3D('',#8281,#6580,#6581);
#5915=AXIS2_PLACEMENT_3D('',#8287,#6585,#6586);
#5916=AXIS2_PLACEMENT_3D('',#8291,#6589,#6590);
#5917=AXIS2_PLACEMENT_3D('',#8295,#6593,#6594);
#5918=AXIS2_PLACEMENT_3D('',#8301,#6598,#6599);
#5919=AXIS2_PLACEMENT_3D('',#8305,#6602,#6603);
#5920=AXIS2_PLACEMENT_3D('',#8309,#6606,#6607);
#5921=AXIS2_PLACEMENT_3D('',#8315,#6611,#6612);
#5922=AXIS2_PLACEMENT_3D('',#8319,#6615,#6616);
#5923=AXIS2_PLACEMENT_3D('',#8323,#6619,#6620);
#5924=AXIS2_PLACEMENT_3D('',#8329,#6624,#6625);
#5925=AXIS2_PLACEMENT_3D('',#8333,#6628,#6629);
#5926=AXIS2_PLACEMENT_3D('',#8337,#6632,#6633);
#5927=AXIS2_PLACEMENT_3D('',#8343,#6637,#6638);
#5928=AXIS2_PLACEMENT_3D('',#8347,#6641,#6642);
#5929=AXIS2_PLACEMENT_3D('',#8351,#6645,#6646);
#5930=AXIS2_PLACEMENT_3D('',#8357,#6650,#6651);
#5931=AXIS2_PLACEMENT_3D('',#8361,#6654,#6655);
#5932=AXIS2_PLACEMENT_3D('',#8365,#6658,#6659);
#5933=AXIS2_PLACEMENT_3D('',#8371,#6663,#6664);
#5934=AXIS2_PLACEMENT_3D('',#8375,#6667,#6668);
#5935=AXIS2_PLACEMENT_3D('',#8379,#6671,#6672);
#5936=AXIS2_PLACEMENT_3D('',#8385,#6676,#6677);
#5937=AXIS2_PLACEMENT_3D('',#8389,#6680,#6681);
#5938=AXIS2_PLACEMENT_3D('',#8393,#6684,#6685);
#5939=AXIS2_PLACEMENT_3D('',#8399,#6689,#6690);
#5940=AXIS2_PLACEMENT_3D('',#8403,#6693,#6694);
#5941=AXIS2_PLACEMENT_3D('',#8407,#6697,#6698);
#5942=AXIS2_PLACEMENT_3D('',#8413,#6702,#6703);
#5943=AXIS2_PLACEMENT_3D('',#8417,#6706,#6707);
#5944=AXIS2_PLACEMENT_3D('',#8421,#6710,#6711);
#5945=AXIS2_PLACEMENT_3D('',#8427,#6715,#6716);
#5946=AXIS2_PLACEMENT_3D('',#8431,#6719,#6720);
#5947=AXIS2_PLACEMENT_3D('',#8435,#6723,#6724);
#5948=AXIS2_PLACEMENT_3D('',#8441,#6728,#6729);
#5949=AXIS2_PLACEMENT_3D('',#8445,#6732,#6733);
#5950=AXIS2_PLACEMENT_3D('',#8449,#6736,#6737);
#5951=AXIS2_PLACEMENT_3D('',#8455,#6741,#6742);
#5952=AXIS2_PLACEMENT_3D('',#8459,#6745,#6746);
#5953=AXIS2_PLACEMENT_3D('',#8463,#6749,#6750);
#5954=AXIS2_PLACEMENT_3D('',#8469,#6754,#6755);
#5955=AXIS2_PLACEMENT_3D('',#8473,#6758,#6759);
#5956=AXIS2_PLACEMENT_3D('',#8477,#6762,#6763);
#5957=AXIS2_PLACEMENT_3D('',#8483,#6767,#6768);
#5958=AXIS2_PLACEMENT_3D('',#8487,#6771,#6772);
#5959=AXIS2_PLACEMENT_3D('',#8491,#6775,#6776);
#5960=AXIS2_PLACEMENT_3D('',#8497,#6780,#6781);
#5961=AXIS2_PLACEMENT_3D('',#8501,#6784,#6785);
#5962=AXIS2_PLACEMENT_3D('',#8505,#6788,#6789);
#5963=AXIS2_PLACEMENT_3D('',#8511,#6793,#6794);
#5964=AXIS2_PLACEMENT_3D('',#8515,#6797,#6798);
#5965=AXIS2_PLACEMENT_3D('',#8519,#6801,#6802);
#5966=AXIS2_PLACEMENT_3D('',#8525,#6806,#6807);
#5967=AXIS2_PLACEMENT_3D('',#8529,#6810,#6811);
#5968=AXIS2_PLACEMENT_3D('',#8533,#6814,#6815);
#5969=AXIS2_PLACEMENT_3D('',#8539,#6819,#6820);
#5970=AXIS2_PLACEMENT_3D('',#8543,#6823,#6824);
#5971=AXIS2_PLACEMENT_3D('',#8547,#6827,#6828);
#5972=AXIS2_PLACEMENT_3D('',#8553,#6832,#6833);
#5973=AXIS2_PLACEMENT_3D('',#8557,#6836,#6837);
#5974=AXIS2_PLACEMENT_3D('',#8561,#6840,#6841);
#5975=AXIS2_PLACEMENT_3D('',#8567,#6845,#6846);
#5976=AXIS2_PLACEMENT_3D('',#8571,#6849,#6850);
#5977=AXIS2_PLACEMENT_3D('',#8575,#6853,#6854);
#5978=AXIS2_PLACEMENT_3D('',#8581,#6858,#6859);
#5979=AXIS2_PLACEMENT_3D('',#8585,#6862,#6863);
#5980=AXIS2_PLACEMENT_3D('',#8589,#6866,#6867);
#5981=AXIS2_PLACEMENT_3D('',#8595,#6871,#6872);
#5982=AXIS2_PLACEMENT_3D('',#8599,#6875,#6876);
#5983=AXIS2_PLACEMENT_3D('',#8603,#6879,#6880);
#5984=AXIS2_PLACEMENT_3D('',#8609,#6884,#6885);
#5985=AXIS2_PLACEMENT_3D('',#8613,#6888,#6889);
#5986=AXIS2_PLACEMENT_3D('',#8617,#6892,#6893);
#5987=AXIS2_PLACEMENT_3D('',#8623,#6897,#6898);
#5988=AXIS2_PLACEMENT_3D('',#8627,#6901,#6902);
#5989=AXIS2_PLACEMENT_3D('',#8631,#6905,#6906);
#5990=AXIS2_PLACEMENT_3D('',#8637,#6910,#6911);
#5991=AXIS2_PLACEMENT_3D('',#8641,#6914,#6915);
#5992=AXIS2_PLACEMENT_3D('',#8645,#6918,#6919);
#5993=AXIS2_PLACEMENT_3D('',#8651,#6923,#6924);
#5994=AXIS2_PLACEMENT_3D('',#8655,#6927,#6928);
#5995=AXIS2_PLACEMENT_3D('',#8659,#6931,#6932);
#5996=AXIS2_PLACEMENT_3D('',#8665,#6936,#6937);
#5997=AXIS2_PLACEMENT_3D('',#8669,#6940,#6941);
#5998=AXIS2_PLACEMENT_3D('',#8673,#6944,#6945);
#5999=AXIS2_PLACEMENT_3D('',#8679,#6949,#6950);
#6000=AXIS2_PLACEMENT_3D('',#8683,#6953,#6954);
#6001=AXIS2_PLACEMENT_3D('',#8687,#6957,#6958);
#6002=AXIS2_PLACEMENT_3D('',#8693,#6962,#6963);
#6003=AXIS2_PLACEMENT_3D('',#8697,#6966,#6967);
#6004=AXIS2_PLACEMENT_3D('',#8701,#6970,#6971);
#6005=AXIS2_PLACEMENT_3D('',#8707,#6975,#6976);
#6006=AXIS2_PLACEMENT_3D('',#8711,#6979,#6980);
#6007=AXIS2_PLACEMENT_3D('',#8715,#6983,#6984);
#6008=AXIS2_PLACEMENT_3D('',#8721,#6988,#6989);
#6009=AXIS2_PLACEMENT_3D('',#8725,#6992,#6993);
#6010=AXIS2_PLACEMENT_3D('',#8729,#6996,#6997);
#6011=AXIS2_PLACEMENT_3D('',#8735,#7001,#7002);
#6012=AXIS2_PLACEMENT_3D('',#8739,#7005,#7006);
#6013=AXIS2_PLACEMENT_3D('',#8743,#7009,#7010);
#6014=AXIS2_PLACEMENT_3D('',#8749,#7014,#7015);
#6015=AXIS2_PLACEMENT_3D('',#8753,#7018,#7019);
#6016=AXIS2_PLACEMENT_3D('',#8757,#7022,#7023);
#6017=AXIS2_PLACEMENT_3D('',#8763,#7027,#7028);
#6018=AXIS2_PLACEMENT_3D('',#8767,#7031,#7032);
#6019=AXIS2_PLACEMENT_3D('',#8771,#7035,#7036);
#6020=AXIS2_PLACEMENT_3D('',#8777,#7040,#7041);
#6021=AXIS2_PLACEMENT_3D('',#8781,#7044,#7045);
#6022=AXIS2_PLACEMENT_3D('',#8785,#7048,#7049);
#6023=AXIS2_PLACEMENT_3D('',#8791,#7053,#7054);
#6024=AXIS2_PLACEMENT_3D('',#8795,#7057,#7058);
#6025=AXIS2_PLACEMENT_3D('',#8799,#7061,#7062);
#6026=AXIS2_PLACEMENT_3D('',#8805,#7066,#7067);
#6027=AXIS2_PLACEMENT_3D('',#8809,#7070,#7071);
#6028=AXIS2_PLACEMENT_3D('',#8813,#7074,#7075);
#6029=AXIS2_PLACEMENT_3D('',#8814,#7076,#7077);
#6030=AXIS2_PLACEMENT_3D('',#8816,#7078,#7079);
#6031=AXIS2_PLACEMENT_3D('',#8817,#7080,#7081);
#6032=AXIS2_PLACEMENT_3D('',#8819,#7082,#7083);
#6033=AXIS2_PLACEMENT_3D('',#8820,#7084,#7085);
#6034=AXIS2_PLACEMENT_3D('',#8822,#7086,#7087);
#6035=AXIS2_PLACEMENT_3D('',#8828,#7091,#7092);
#6036=AXIS2_PLACEMENT_3D('',#8830,#7094,#7095);
#6037=AXIS2_PLACEMENT_3D('',#8832,#7097,#7098);
#6038=AXIS2_PLACEMENT_3D('',#8834,#7100,#7101);
#6039=AXIS2_PLACEMENT_3D('',#8836,#7103,#7104);
#6040=AXIS2_PLACEMENT_3D('',#8838,#7106,#7107);
#6041=AXIS2_PLACEMENT_3D('',#8840,#7109,#7110);
#6042=AXIS2_PLACEMENT_3D('',#8842,#7112,#7113);
#6043=AXIS2_PLACEMENT_3D('',#8844,#7115,#7116);
#6044=AXIS2_PLACEMENT_3D('',#8846,#7118,#7119);
#6045=AXIS2_PLACEMENT_3D('',#8848,#7121,#7122);
#6046=AXIS2_PLACEMENT_3D('',#8850,#7124,#7125);
#6047=AXIS2_PLACEMENT_3D('',#8852,#7127,#7128);
#6048=AXIS2_PLACEMENT_3D('',#8854,#7130,#7131);
#6049=AXIS2_PLACEMENT_3D('',#8856,#7133,#7134);
#6050=AXIS2_PLACEMENT_3D('',#8858,#7136,#7137);
#6051=AXIS2_PLACEMENT_3D('',#8860,#7139,#7140);
#6052=AXIS2_PLACEMENT_3D('',#8862,#7142,#7143);
#6053=AXIS2_PLACEMENT_3D('',#8864,#7145,#7146);
#6054=AXIS2_PLACEMENT_3D('',#8866,#7148,#7149);
#6055=AXIS2_PLACEMENT_3D('',#8868,#7151,#7152);
#6056=AXIS2_PLACEMENT_3D('',#8870,#7154,#7155);
#6057=AXIS2_PLACEMENT_3D('',#8872,#7157,#7158);
#6058=AXIS2_PLACEMENT_3D('',#8874,#7160,#7161);
#6059=AXIS2_PLACEMENT_3D('',#8876,#7163,#7164);
#6060=AXIS2_PLACEMENT_3D('',#8877,#7165,#7166);
#6061=AXIS2_PLACEMENT_3D('',#8879,#7167,#7168);
#6062=AXIS2_PLACEMENT_3D('',#8881,#7170,#7171);
#6063=AXIS2_PLACEMENT_3D('',#8883,#7173,#7174);
#6064=AXIS2_PLACEMENT_3D('',#8885,#7176,#7177);
#6065=AXIS2_PLACEMENT_3D('',#8887,#7179,#7180);
#6066=AXIS2_PLACEMENT_3D('',#8889,#7182,#7183);
#6067=AXIS2_PLACEMENT_3D('',#8891,#7185,#7186);
#6068=AXIS2_PLACEMENT_3D('',#8893,#7188,#7189);
#6069=AXIS2_PLACEMENT_3D('',#8895,#7191,#7192);
#6070=AXIS2_PLACEMENT_3D('',#8897,#7194,#7195);
#6071=AXIS2_PLACEMENT_3D('',#8899,#7197,#7198);
#6072=AXIS2_PLACEMENT_3D('',#8901,#7200,#7201);
#6073=AXIS2_PLACEMENT_3D('',#8903,#7203,#7204);
#6074=AXIS2_PLACEMENT_3D('',#8905,#7206,#7207);
#6075=AXIS2_PLACEMENT_3D('',#8907,#7209,#7210);
#6076=AXIS2_PLACEMENT_3D('',#8909,#7212,#7213);
#6077=AXIS2_PLACEMENT_3D('',#8911,#7215,#7216);
#6078=AXIS2_PLACEMENT_3D('',#8912,#7217,#7218);
#6079=AXIS2_PLACEMENT_3D('',#8914,#7219,#7220);
#6080=AXIS2_PLACEMENT_3D('',#8915,#7221,#7222);
#6081=AXIS2_PLACEMENT_3D('',#8916,#7223,#7224);
#6082=AXIS2_PLACEMENT_3D('',#8917,#7225,#7226);
#6083=AXIS2_PLACEMENT_3D('',#8918,#7227,#7228);
#6084=AXIS2_PLACEMENT_3D('',#8919,#7229,#7230);
#6085=AXIS2_PLACEMENT_3D('',#8920,#7231,#7232);
#6086=AXIS2_PLACEMENT_3D('',#8921,#7233,#7234);
#6087=AXIS2_PLACEMENT_3D('',#8922,#7235,#7236);
#6088=AXIS2_PLACEMENT_3D('',#8923,#7237,#7238);
#6089=AXIS2_PLACEMENT_3D('',#8932,#7243,#7244);
#6090=AXIS2_PLACEMENT_3D('',#8938,#7248,#7249);
#6091=AXIS2_PLACEMENT_3D('',#8939,#7250,#7251);
#6092=AXIS2_PLACEMENT_3D('',#8943,#7253,#7254);
#6093=AXIS2_PLACEMENT_3D('',#8944,#7255,#7256);
#6094=AXIS2_PLACEMENT_3D('',#8945,#7257,#7258);
#6095=AXIS2_PLACEMENT_3D('',#8949,#7260,#7261);
#6096=AXIS2_PLACEMENT_3D('',#8950,#7262,#7263);
#6097=AXIS2_PLACEMENT_3D('',#8956,#7267,#7268);
#6098=AXIS2_PLACEMENT_3D('',#8957,#7269,#7270);
#6099=AXIS2_PLACEMENT_3D('',#8961,#7272,#7273);
#6100=AXIS2_PLACEMENT_3D('',#8962,#7274,#7275);
#6101=AXIS2_PLACEMENT_3D('',#8963,#7276,#7277);
#6102=AXIS2_PLACEMENT_3D('',#8967,#7279,#7280);
#6103=AXIS2_PLACEMENT_3D('',#8968,#7281,#7282);
#6104=AXIS2_PLACEMENT_3D('',#8974,#7286,#7287);
#6105=AXIS2_PLACEMENT_3D('',#8978,#7290,#7291);
#6106=AXIS2_PLACEMENT_3D('',#8982,#7294,#7295);
#6107=AXIS2_PLACEMENT_3D('',#8986,#7298,#7299);
#6108=AXIS2_PLACEMENT_3D('',#8990,#7302,#7303);
#6109=AXIS2_PLACEMENT_3D('',#8994,#7306,#7307);
#6110=AXIS2_PLACEMENT_3D('',#8998,#7310,#7311);
#6111=AXIS2_PLACEMENT_3D('',#9001,#7313,#7314);
#6112=AXIS2_PLACEMENT_3D('',#9002,#7315,#7316);
#6113=AXIS2_PLACEMENT_3D('',#9005,#7318,#7319);
#6114=AXIS2_PLACEMENT_3D('',#9006,#7320,#7321);
#6115=AXIS2_PLACEMENT_3D('',#9009,#7323,#7324);
#6116=AXIS2_PLACEMENT_3D('',#9010,#7325,#7326);
#6117=AXIS2_PLACEMENT_3D('',#9014,#7329,#7330);
#6118=AXIS2_PLACEMENT_3D('',#9017,#7332,#7333);
#6119=AXIS2_PLACEMENT_3D('',#9018,#7334,#7335);
#6120=AXIS2_PLACEMENT_3D('',#9021,#7337,#7338);
#6121=AXIS2_PLACEMENT_3D('',#9022,#7339,#7340);
#6122=AXIS2_PLACEMENT_3D('',#9023,#7341,#7342);
#6123=AXIS2_PLACEMENT_3D('',#9024,#7343,#7344);
#6124=AXIS2_PLACEMENT_3D('',#9027,#7347,#7348);
#6125=AXIS2_PLACEMENT_3D('',#9028,#7349,#7350);
#6126=AXIS2_PLACEMENT_3D('',#9037,#7355,#7356);
#6127=AXIS2_PLACEMENT_3D('',#9038,#7357,#7358);
#6128=AXIS2_PLACEMENT_3D('',#9042,#7360,#7361);
#6129=AXIS2_PLACEMENT_3D('',#9043,#7362,#7363);
#6130=AXIS2_PLACEMENT_3D('',#9044,#7364,#7365);
#6131=AXIS2_PLACEMENT_3D('',#9048,#7367,#7368);
#6132=AXIS2_PLACEMENT_3D('',#9049,#7369,#7370);
#6133=AXIS2_PLACEMENT_3D('',#9055,#7374,#7375);
#6134=AXIS2_PLACEMENT_3D('',#9056,#7376,#7377);
#6135=AXIS2_PLACEMENT_3D('',#9060,#7379,#7380);
#6136=AXIS2_PLACEMENT_3D('',#9061,#7381,#7382);
#6137=AXIS2_PLACEMENT_3D('',#9062,#7383,#7384);
#6138=AXIS2_PLACEMENT_3D('',#9066,#7386,#7387);
#6139=AXIS2_PLACEMENT_3D('',#9067,#7388,#7389);
#6140=AXIS2_PLACEMENT_3D('',#9073,#7393,#7394);
#6141=AXIS2_PLACEMENT_3D('',#9074,#7395,#7396);
#6142=AXIS2_PLACEMENT_3D('',#9078,#7398,#7399);
#6143=AXIS2_PLACEMENT_3D('',#9079,#7400,#7401);
#6144=AXIS2_PLACEMENT_3D('',#9080,#7402,#7403);
#6145=AXIS2_PLACEMENT_3D('',#9084,#7405,#7406);
#6146=AXIS2_PLACEMENT_3D('',#9085,#7407,#7408);
#6147=AXIS2_PLACEMENT_3D('',#9091,#7412,#7413);
#6148=AXIS2_PLACEMENT_3D('',#9092,#7414,#7415);
#6149=AXIS2_PLACEMENT_3D('',#9096,#7417,#7418);
#6150=AXIS2_PLACEMENT_3D('',#9097,#7419,#7420);
#6151=AXIS2_PLACEMENT_3D('',#9103,#7424,#7425);
#6152=AXIS2_PLACEMENT_3D('',#9107,#7428,#7429);
#6153=AXIS2_PLACEMENT_3D('',#9110,#7431,#7432);
#6154=AXIS2_PLACEMENT_3D('',#9111,#7433,#7434);
#6155=AXIS2_PLACEMENT_3D('',#9114,#7436,#7437);
#6156=AXIS2_PLACEMENT_3D('',#9115,#7438,#7439);
#6157=AXIS2_PLACEMENT_3D('',#9118,#7441,#7442);
#6158=AXIS2_PLACEMENT_3D('',#9119,#7443,#7444);
#6159=AXIS2_PLACEMENT_3D('',#9123,#7447,#7448);
#6160=AXIS2_PLACEMENT_3D('',#9126,#7450,#7451);
#6161=AXIS2_PLACEMENT_3D('',#9127,#7452,#7453);
#6162=AXIS2_PLACEMENT_3D('',#9130,#7455,#7456);
#6163=AXIS2_PLACEMENT_3D('',#9131,#7457,#7458);
#6164=AXIS2_PLACEMENT_3D('',#9134,#7460,#7461);
#6165=AXIS2_PLACEMENT_3D('',#9135,#7462,#7463);
#6166=AXIS2_PLACEMENT_3D('',#9137,#7465,#7466);
#6167=AXIS2_PLACEMENT_3D('',#9138,#7467,#7468);
#6168=AXIS2_PLACEMENT_3D('',#9139,#7469,#7470);
#6169=AXIS2_PLACEMENT_3D('',#9140,#7471,#7472);
#6170=AXIS2_PLACEMENT_3D('',#9141,#7473,#7474);
#6171=AXIS2_PLACEMENT_3D('',#9147,#7478,#7479);
#6172=AXIS2_PLACEMENT_3D('',#9151,#7482,#7483);
#6173=AXIS2_PLACEMENT_3D('',#9155,#7486,#7487);
#6174=AXIS2_PLACEMENT_3D('',#9159,#7490,#7491);
#6175=AXIS2_PLACEMENT_3D('',#9163,#7494,#7495);
#6176=AXIS2_PLACEMENT_3D('',#9167,#7498,#7499);
#6177=AXIS2_PLACEMENT_3D('',#9171,#7502,#7503);
#6178=AXIS2_PLACEMENT_3D('',#9175,#7506,#7507);
#6179=AXIS2_PLACEMENT_3D('',#9179,#7510,#7511);
#6180=AXIS2_PLACEMENT_3D('',#9181,#7513,#7514);
#6181=AXIS2_PLACEMENT_3D('',#9182,#7515,#7516);
#6182=AXIS2_PLACEMENT_3D('',#9191,#7521,#7522);
#6183=AXIS2_PLACEMENT_3D('',#9197,#7526,#7527);
#6184=AXIS2_PLACEMENT_3D('',#9198,#7528,#7529);
#6185=AXIS2_PLACEMENT_3D('',#9202,#7531,#7532);
#6186=AXIS2_PLACEMENT_3D('',#9203,#7533,#7534);
#6187=AXIS2_PLACEMENT_3D('',#9204,#7535,#7536);
#6188=AXIS2_PLACEMENT_3D('',#9208,#7538,#7539);
#6189=AXIS2_PLACEMENT_3D('',#9209,#7540,#7541);
#6190=AXIS2_PLACEMENT_3D('',#9215,#7545,#7546);
#6191=AXIS2_PLACEMENT_3D('',#9216,#7547,#7548);
#6192=AXIS2_PLACEMENT_3D('',#9220,#7550,#7551);
#6193=AXIS2_PLACEMENT_3D('',#9221,#7552,#7553);
#6194=AXIS2_PLACEMENT_3D('',#9222,#7554,#7555);
#6195=AXIS2_PLACEMENT_3D('',#9226,#7557,#7558);
#6196=AXIS2_PLACEMENT_3D('',#9227,#7559,#7560);
#6197=AXIS2_PLACEMENT_3D('',#9233,#7564,#7565);
#6198=AXIS2_PLACEMENT_3D('',#9237,#7568,#7569);
#6199=AXIS2_PLACEMENT_3D('',#9241,#7572,#7573);
#6200=AXIS2_PLACEMENT_3D('',#9245,#7576,#7577);
#6201=AXIS2_PLACEMENT_3D('',#9249,#7580,#7581);
#6202=AXIS2_PLACEMENT_3D('',#9253,#7584,#7585);
#6203=AXIS2_PLACEMENT_3D('',#9257,#7588,#7589);
#6204=AXIS2_PLACEMENT_3D('',#9260,#7591,#7592);
#6205=AXIS2_PLACEMENT_3D('',#9261,#7593,#7594);
#6206=AXIS2_PLACEMENT_3D('',#9264,#7596,#7597);
#6207=AXIS2_PLACEMENT_3D('',#9265,#7598,#7599);
#6208=AXIS2_PLACEMENT_3D('',#9268,#7601,#7602);
#6209=AXIS2_PLACEMENT_3D('',#9269,#7603,#7604);
#6210=AXIS2_PLACEMENT_3D('',#9273,#7607,#7608);
#6211=AXIS2_PLACEMENT_3D('',#9276,#7610,#7611);
#6212=AXIS2_PLACEMENT_3D('',#9277,#7612,#7613);
#6213=AXIS2_PLACEMENT_3D('',#9280,#7615,#7616);
#6214=AXIS2_PLACEMENT_3D('',#9281,#7617,#7618);
#6215=AXIS2_PLACEMENT_3D('',#9282,#7619,#7620);
#6216=AXIS2_PLACEMENT_3D('',#9283,#7621,#7622);
#6217=AXIS2_PLACEMENT_3D('',#9286,#7625,#7626);
#6218=AXIS2_PLACEMENT_3D('',#9287,#7627,#7628);
#6219=AXIS2_PLACEMENT_3D('',#9296,#7633,#7634);
#6220=AXIS2_PLACEMENT_3D('',#9297,#7635,#7636);
#6221=AXIS2_PLACEMENT_3D('',#9301,#7638,#7639);
#6222=AXIS2_PLACEMENT_3D('',#9302,#7640,#7641);
#6223=AXIS2_PLACEMENT_3D('',#9303,#7642,#7643);
#6224=AXIS2_PLACEMENT_3D('',#9307,#7645,#7646);
#6225=AXIS2_PLACEMENT_3D('',#9308,#7647,#7648);
#6226=AXIS2_PLACEMENT_3D('',#9314,#7652,#7653);
#6227=AXIS2_PLACEMENT_3D('',#9315,#7654,#7655);
#6228=AXIS2_PLACEMENT_3D('',#9319,#7657,#7658);
#6229=AXIS2_PLACEMENT_3D('',#9320,#7659,#7660);
#6230=AXIS2_PLACEMENT_3D('',#9321,#7661,#7662);
#6231=AXIS2_PLACEMENT_3D('',#9325,#7664,#7665);
#6232=AXIS2_PLACEMENT_3D('',#9326,#7666,#7667);
#6233=AXIS2_PLACEMENT_3D('',#9332,#7671,#7672);
#6234=AXIS2_PLACEMENT_3D('',#9333,#7673,#7674);
#6235=AXIS2_PLACEMENT_3D('',#9337,#7676,#7677);
#6236=AXIS2_PLACEMENT_3D('',#9338,#7678,#7679);
#6237=AXIS2_PLACEMENT_3D('',#9339,#7680,#7681);
#6238=AXIS2_PLACEMENT_3D('',#9343,#7683,#7684);
#6239=AXIS2_PLACEMENT_3D('',#9344,#7685,#7686);
#6240=AXIS2_PLACEMENT_3D('',#9350,#7690,#7691);
#6241=AXIS2_PLACEMENT_3D('',#9351,#7692,#7693);
#6242=AXIS2_PLACEMENT_3D('',#9355,#7695,#7696);
#6243=AXIS2_PLACEMENT_3D('',#9356,#7697,#7698);
#6244=AXIS2_PLACEMENT_3D('',#9362,#7702,#7703);
#6245=AXIS2_PLACEMENT_3D('',#9366,#7706,#7707);
#6246=AXIS2_PLACEMENT_3D('',#9370,#7710,#7711);
#6247=AXIS2_PLACEMENT_3D('',#9374,#7714,#7715);
#6248=AXIS2_PLACEMENT_3D('',#9377,#7717,#7718);
#6249=AXIS2_PLACEMENT_3D('',#9378,#7719,#7720);
#6250=AXIS2_PLACEMENT_3D('',#9381,#7722,#7723);
#6251=AXIS2_PLACEMENT_3D('',#9382,#7724,#7725);
#6252=AXIS2_PLACEMENT_3D('',#9385,#7727,#7728);
#6253=AXIS2_PLACEMENT_3D('',#9386,#7729,#7730);
#6254=AXIS2_PLACEMENT_3D('',#9390,#7733,#7734);
#6255=AXIS2_PLACEMENT_3D('',#9393,#7736,#7737);
#6256=AXIS2_PLACEMENT_3D('',#9394,#7738,#7739);
#6257=AXIS2_PLACEMENT_3D('',#9397,#7741,#7742);
#6258=AXIS2_PLACEMENT_3D('',#9398,#7743,#7744);
#6259=AXIS2_PLACEMENT_3D('',#9401,#7746,#7747);
#6260=AXIS2_PLACEMENT_3D('',#9402,#7748,#7749);
#6261=AXIS2_PLACEMENT_3D('',#9404,#7751,#7752);
#6262=AXIS2_PLACEMENT_3D('',#9405,#7753,#7754);
#6263=AXIS2_PLACEMENT_3D('',#9406,#7755,#7756);
#6264=AXIS2_PLACEMENT_3D('',#9407,#7757,#7758);
#6265=AXIS2_PLACEMENT_3D('',#9408,#7759,#7760);
#6266=AXIS2_PLACEMENT_3D('',#9409,#7761,#7762);
#6267=AXIS2_PLACEMENT_3D('',#9410,#7763,#7764);
#6268=AXIS2_PLACEMENT_3D('',#9411,#7765,#7766);
#6269=DIRECTION('',(0.,0.,1.));
#6270=DIRECTION('',(1.,0.,0.));
#6271=DIRECTION('',(0.,0.,1.));
#6272=DIRECTION('',(1.,0.,0.));
#6273=DIRECTION('',(-1.,0.,0.));
#6274=DIRECTION('',(0.,1.,0.));
#6275=DIRECTION('',(0.,0.,1.));
#6276=DIRECTION('',(1.,0.,0.));
#6277=DIRECTION('',(0.,0.,1.));
#6278=DIRECTION('',(1.,0.,0.));
#6279=DIRECTION('',(0.,0.,1.));
#6280=DIRECTION('',(1.,0.,0.));
#6281=DIRECTION('',(1.,0.,0.));
#6282=DIRECTION('',(0.,0.,1.));
#6283=DIRECTION('',(1.,0.,0.));
#6284=DIRECTION('',(0.,0.,1.));
#6285=DIRECTION('',(1.,0.,0.));
#6286=DIRECTION('',(0.,0.,1.));
#6287=DIRECTION('',(1.,0.,0.));
#6288=DIRECTION('',(0.,-1.,0.));
#6289=DIRECTION('',(-1.,0.,0.));
#6290=DIRECTION('',(0.,1.,0.));
#6291=DIRECTION('',(-1.,0.,0.));
#6292=DIRECTION('',(0.,-1.,0.));
#6293=DIRECTION('',(-1.,0.,0.));
#6294=DIRECTION('',(0.,1.,0.));
#6295=DIRECTION('',(0.,0.,1.));
#6296=DIRECTION('',(1.,0.,0.));
#6297=DIRECTION('',(0.,0.,1.));
#6298=DIRECTION('',(1.,0.,0.));
#6299=DIRECTION('',(0.,0.,1.));
#6300=DIRECTION('',(1.,0.,0.));
#6301=DIRECTION('',(1.,0.,0.));
#6302=DIRECTION('',(0.,0.,1.));
#6303=DIRECTION('',(1.,0.,0.));
#6304=DIRECTION('',(0.,0.,1.));
#6305=DIRECTION('',(1.,0.,0.));
#6306=DIRECTION('',(0.,0.,1.));
#6307=DIRECTION('',(1.,0.,0.));
#6308=DIRECTION('',(0.,-1.,0.));
#6309=DIRECTION('',(-1.,0.,0.));
#6310=DIRECTION('',(0.,1.,0.));
#6311=DIRECTION('',(-1.,0.,0.));
#6312=DIRECTION('',(0.,-1.,0.));
#6313=DIRECTION('',(1.,2.89120579329468E-16,0.));
#6314=DIRECTION('',(0.,-1.,0.));
#6315=DIRECTION('',(1.,2.4093381610789E-16,0.));
#6316=DIRECTION('',(0.,-1.,0.));
#6317=DIRECTION('',(1.,2.89120579329468E-16,0.));
#6318=DIRECTION('',(0.,-1.,0.));
#6319=DIRECTION('',(1.,2.4093381610789E-16,0.));
#6320=DIRECTION('',(0.,-1.,0.));
#6321=DIRECTION('',(1.,2.89120579329468E-16,0.));
#6322=DIRECTION('',(5.10212787052002E-17,-1.,0.));
#6323=DIRECTION('',(1.,2.4093381610789E-16,0.));
#6324=DIRECTION('',(0.,-1.,0.));
#6325=DIRECTION('',(1.,2.89120579329468E-16,0.));
#6326=DIRECTION('',(0.,-1.,0.));
#6327=DIRECTION('',(1.,2.4093381610789E-16,0.));
#6328=DIRECTION('',(5.10212787052002E-17,-1.,0.));
#6329=DIRECTION('',(1.,2.89120579329468E-16,0.));
#6330=DIRECTION('',(0.,-1.,0.));
#6331=DIRECTION('',(1.,2.4093381610789E-16,0.));
#6332=DIRECTION('',(0.,-1.,0.));
#6333=DIRECTION('',(1.,2.89120579329468E-16,0.));
#6334=DIRECTION('',(0.,-1.,0.));
#6335=DIRECTION('',(1.,2.4093381610789E-16,0.));
#6336=DIRECTION('',(0.,-1.,0.));
#6337=DIRECTION('',(1.,2.89120579329468E-16,0.));
#6338=DIRECTION('',(0.,-1.,0.));
#6339=DIRECTION('',(1.,2.4093381610789E-16,0.));
#6340=DIRECTION('',(0.,-1.,0.));
#6341=DIRECTION('',(0.,-1.,0.));
#6342=DIRECTION('',(1.,2.89120579329468E-16,0.));
#6343=DIRECTION('',(0.,-1.,0.));
#6344=DIRECTION('',(1.,1.92747052886312E-16,0.));
#6345=DIRECTION('',(0.,-1.,0.));
#6346=DIRECTION('',(1.,2.89120579329468E-16,0.));
#6347=DIRECTION('',(0.,-1.,0.));
#6348=DIRECTION('',(1.,1.92747052886312E-16,0.));
#6349=DIRECTION('',(1.,2.89120579329468E-16,0.));
#6350=DIRECTION('',(0.,-1.,0.));
#6351=DIRECTION('',(1.,1.92747052886312E-16,0.));
#6352=DIRECTION('',(0.,-1.,0.));
#6353=DIRECTION('',(0.,-1.,0.));
#6354=DIRECTION('',(1.,0.,0.));
#6355=DIRECTION('',(0.,-1.,0.));
#6356=DIRECTION('',(1.,0.,0.));
#6357=DIRECTION('',(0.,-1.,0.));
#6358=DIRECTION('',(1.,0.,0.));
#6359=DIRECTION('',(0.,-1.,0.));
#6360=DIRECTION('',(1.,0.,0.));
#6361=DIRECTION('',(1.,0.,0.));
#6362=DIRECTION('',(0.,-1.,0.));
#6363=DIRECTION('',(1.,0.,0.));
#6364=DIRECTION('',(0.,-1.,0.));
#6365=DIRECTION('',(0.,-1.,0.));
#6366=DIRECTION('',(1.,0.,0.));
#6367=DIRECTION('',(0.,-1.,0.));
#6368=DIRECTION('',(1.,0.,0.));
#6369=DIRECTION('',(0.,-1.,0.));
#6370=DIRECTION('',(1.,0.,0.));
#6371=DIRECTION('',(0.,-1.,0.));
#6372=DIRECTION('',(1.,0.,0.));
#6373=DIRECTION('',(1.,0.,0.));
#6374=DIRECTION('',(0.,-1.,0.));
#6375=DIRECTION('',(1.,0.,0.));
#6376=DIRECTION('',(0.,-1.,0.));
#6377=DIRECTION('',(0.,0.,1.));
#6378=DIRECTION('',(1.,0.,0.));
#6379=DIRECTION('',(0.,-1.,0.));
#6380=DIRECTION('',(1.,0.,0.));
#6381=DIRECTION('',(0.,-1.,0.));
#6382=DIRECTION('',(1.,0.,0.));
#6383=DIRECTION('',(0.,-1.,0.));
#6384=DIRECTION('',(1.,0.,0.));
#6385=DIRECTION('',(0.,-1.,0.));
#6386=DIRECTION('',(1.,0.,0.));
#6387=DIRECTION('',(1.,0.,0.));
#6388=DIRECTION('',(0.,-1.,0.));
#6389=DIRECTION('',(1.,0.,0.));
#6390=DIRECTION('',(5.10212787052002E-17,-1.,0.));
#6391=DIRECTION('',(1.,0.,0.));
#6392=DIRECTION('',(0.,-1.,0.));
#6393=DIRECTION('',(1.,0.,0.));
#6394=DIRECTION('',(0.,-1.,0.));
#6395=DIRECTION('',(5.10212787052002E-17,-1.,0.));
#6396=DIRECTION('',(1.,0.,0.));
#6397=DIRECTION('',(0.,-1.,0.));
#6398=DIRECTION('',(1.,0.,0.));
#6399=DIRECTION('',(0.,-1.,0.));
#6400=DIRECTION('',(1.,0.,0.));
#6401=DIRECTION('',(0.,-1.,0.));
#6402=DIRECTION('',(1.,0.,0.));
#6403=DIRECTION('',(0.,-1.,0.));
#6404=DIRECTION('',(1.,0.,0.));
#6405=DIRECTION('',(0.,-1.,0.));
#6406=DIRECTION('',(1.,0.,0.));
#6407=DIRECTION('',(1.,0.,0.));
#6408=DIRECTION('',(0.,-1.,0.));
#6409=DIRECTION('',(1.,0.,0.));
#6410=DIRECTION('',(5.10212787052002E-17,-1.,0.));
#6411=DIRECTION('',(1.,0.,0.));
#6412=DIRECTION('',(0.,-1.,0.));
#6413=DIRECTION('',(1.,0.,0.));
#6414=DIRECTION('',(0.,-1.,0.));
#6415=DIRECTION('',(5.10212787052002E-17,-1.,0.));
#6416=DIRECTION('',(1.,0.,0.));
#6417=DIRECTION('',(0.,-1.,0.));
#6418=DIRECTION('',(1.,0.,0.));
#6419=DIRECTION('',(0.,-1.,0.));
#6420=DIRECTION('',(1.,2.89120579329468E-16,0.));
#6421=DIRECTION('',(0.,-1.,0.));
#6422=DIRECTION('',(1.,1.92747052886312E-16,0.));
#6423=DIRECTION('',(0.,-1.,0.));
#6424=DIRECTION('',(1.,2.89120579329468E-16,0.));
#6425=DIRECTION('',(0.,-1.,0.));
#6426=DIRECTION('',(1.,1.92747052886312E-16,0.));
#6427=DIRECTION('',(1.,1.92747052886312E-16,0.));
#6428=DIRECTION('',(0.,-1.,0.));
#6429=DIRECTION('',(1.,2.89120579329468E-16,0.));
#6430=DIRECTION('',(5.10212787052002E-17,-1.,0.));
#6431=DIRECTION('',(1.,1.92747052886312E-16,0.));
#6432=DIRECTION('',(0.,-1.,0.));
#6433=DIRECTION('',(1.,2.89120579329468E-16,0.));
#6434=DIRECTION('',(0.,-1.,0.));
#6435=DIRECTION('',(5.10212787052002E-17,-1.,0.));
#6436=DIRECTION('',(1.,2.89120579329468E-16,0.));
#6437=DIRECTION('',(0.,-1.,0.));
#6438=DIRECTION('',(1.,1.92747052886312E-16,0.));
#6439=DIRECTION('',(0.,-1.,0.));
#6440=DIRECTION('',(1.,2.89120579329468E-16,0.));
#6441=DIRECTION('',(0.,-1.,0.));
#6442=DIRECTION('',(1.,2.4093381610789E-16,0.));
#6443=DIRECTION('',(0.,-1.,0.));
#6444=DIRECTION('',(1.,0.,0.));
#6445=DIRECTION('',(0.,-1.,0.));
#6446=DIRECTION('',(1.,0.,0.));
#6447=DIRECTION('',(0.,-1.,0.));
#6448=DIRECTION('',(1.,0.,0.));
#6449=DIRECTION('',(0.,-1.,0.));
#6450=DIRECTION('',(1.,0.,0.));
#6451=DIRECTION('',(0.,-1.,0.));
#6452=DIRECTION('',(1.,0.,0.));
#6453=DIRECTION('',(0.,-1.,0.));
#6454=DIRECTION('',(1.,0.,0.));
#6455=DIRECTION('',(2.77555756156289E-16,-1.,0.));
#6456=DIRECTION('',(1.,4.84108877016783E-16,0.));
#6457=DIRECTION('',(2.77555756156289E-16,-1.,0.));
#6458=DIRECTION('',(1.,4.84108877016783E-16,0.));
#6459=DIRECTION('',(0.,-1.,0.));
#6460=DIRECTION('',(1.,3.56572143057926E-16,0.));
#6461=DIRECTION('',(0.,-1.,0.));
#6462=DIRECTION('',(1.,3.56572143057926E-16,0.));
#6463=DIRECTION('',(0.,-1.,0.));
#6464=DIRECTION('',(1.,0.,0.));
#6465=DIRECTION('',(0.,-1.,0.));
#6466=DIRECTION('',(1.,0.,0.));
#6467=DIRECTION('',(0.,-1.,0.));
#6468=DIRECTION('',(1.,0.,0.));
#6469=DIRECTION('',(0.,-1.,0.));
#6470=DIRECTION('',(1.,0.,0.));
#6471=DIRECTION('',(0.,-1.,0.));
#6472=DIRECTION('',(1.,0.,0.));
#6473=DIRECTION('',(0.,-1.,0.));
#6474=DIRECTION('',(1.,0.,0.));
#6475=DIRECTION('',(1.,2.75626371555402E-16,0.));
#6476=DIRECTION('',(0.,0.,1.));
#6477=DIRECTION('',(1.,0.,0.));
#6478=DIRECTION('',(0.,-1.,0.));
#6479=DIRECTION('',(0.,0.,1.));
#6480=DIRECTION('',(1.,0.,0.));
#6481=DIRECTION('',(1.,2.75626371555402E-16,0.));
#6482=DIRECTION('',(0.,0.,1.));
#6483=DIRECTION('',(1.,0.,0.));
#6484=DIRECTION('',(0.,-1.,0.));
#6485=DIRECTION('',(0.,0.,1.));
#6486=DIRECTION('',(1.,0.,0.));
#6487=DIRECTION('',(0.,0.,1.));
#6488=DIRECTION('',(1.,0.,0.));
#6489=DIRECTION('',(0.,0.,1.));
#6490=DIRECTION('',(1.,0.,0.));
#6491=DIRECTION('',(0.,0.,1.));
#6492=DIRECTION('',(1.,0.,0.));
#6493=DIRECTION('',(0.,0.,1.));
#6494=DIRECTION('',(1.,0.,0.));
#6495=DIRECTION('',(-1.,0.,0.));
#6496=DIRECTION('',(0.,1.,0.));
#6497=DIRECTION('',(1.,0.,0.));
#6498=DIRECTION('',(0.,0.,1.));
#6499=DIRECTION('',(1.,0.,0.));
#6500=DIRECTION('',(0.,0.,1.));
#6501=DIRECTION('',(1.,0.,0.));
#6502=DIRECTION('',(0.,0.,1.));
#6503=DIRECTION('',(1.,0.,0.));
#6504=DIRECTION('',(0.,-1.,0.));
#6505=DIRECTION('',(0.,0.,1.));
#6506=DIRECTION('',(1.,0.,0.));
#6507=DIRECTION('',(0.,0.,1.));
#6508=DIRECTION('',(1.,0.,0.));
#6509=DIRECTION('',(0.,0.,1.));
#6510=DIRECTION('',(1.,0.,0.));
#6511=DIRECTION('',(-1.,0.,0.));
#6512=DIRECTION('',(0.,1.,0.));
#6513=DIRECTION('',(1.,0.,0.));
#6514=DIRECTION('',(0.643400078129345,-0.76553010356429,0.));
#6515=DIRECTION('',(0.,1.,0.));
#6516=DIRECTION('',(1.,0.,0.));
#6517=DIRECTION('',(0.,-1.,0.));
#6518=DIRECTION('',(-1.,0.,0.));
#6519=DIRECTION('',(-0.6434156069263,0.76551705190914,0.));
#6520=DIRECTION('',(0.,-1.,0.));
#6521=DIRECTION('',(-1.,0.,0.));
#6522=DIRECTION('',(0.,1.,0.));
#6523=DIRECTION('',(1.,0.,0.));
#6524=DIRECTION('',(0.,0.,1.));
#6525=DIRECTION('',(1.,0.,0.));
#6526=DIRECTION('',(0.,0.,1.));
#6527=DIRECTION('',(1.,0.,0.));
#6528=DIRECTION('',(0.,0.,1.));
#6529=DIRECTION('',(1.,0.,0.));
#6530=DIRECTION('',(0.,-1.,0.));
#6531=DIRECTION('',(0.,0.,1.));
#6532=DIRECTION('',(1.,0.,0.));
#6533=DIRECTION('',(0.,0.,1.));
#6534=DIRECTION('',(1.,0.,0.));
#6535=DIRECTION('',(0.,0.,1.));
#6536=DIRECTION('',(1.,0.,0.));
#6537=DIRECTION('',(-0.999997019365275,-0.00244156928341762,0.));
#6538=DIRECTION('',(0.,-1.,0.));
#6539=DIRECTION('',(-2.75626371555402E-16,1.,0.));
#6540=DIRECTION('',(-1.,-2.75626371555402E-16,0.));
#6541=DIRECTION('',(0.,0.,-1.));
#6542=DIRECTION('',(1.,2.75626371555402E-16,0.));
#6543=DIRECTION('',(0.,0.,-1.));
#6544=DIRECTION('',(1.,0.,0.));
#6545=DIRECTION('',(0.,0.,-1.));
#6546=DIRECTION('',(0.,0.,-1.));
#6547=DIRECTION('',(0.,-1.,0.));
#6548=DIRECTION('',(0.,0.,-1.));
#6549=DIRECTION('',(-2.75626371555402E-16,1.,0.));
#6550=DIRECTION('',(-1.,-2.75626371555402E-16,0.));
#6551=DIRECTION('',(1.,2.75626371555402E-16,0.));
#6552=DIRECTION('',(0.,0.,-1.));
#6553=DIRECTION('',(0.,0.,-1.));
#6554=DIRECTION('',(1.,0.,0.));
#6555=DIRECTION('',(0.,0.,-1.));
#6556=DIRECTION('',(0.,-1.,0.));
#6557=DIRECTION('',(0.,0.,-1.));
#6558=DIRECTION('',(0.,0.,-1.));
#6559=DIRECTION('',(0.,1.,0.));
#6560=DIRECTION('',(0.,0.,1.));
#6561=DIRECTION('',(1.,0.,0.));
#6562=DIRECTION('',(0.,0.,-1.));
#6563=DIRECTION('',(1.,0.,0.));
#6564=DIRECTION('',(0.,0.,-1.));
#6565=DIRECTION('',(0.,-1.,0.));
#6566=DIRECTION('',(0.,0.,-1.));
#6567=DIRECTION('',(1.,0.,0.));
#6568=DIRECTION('',(0.,0.,-1.));
#6569=DIRECTION('',(0.,-1.,0.));
#6570=DIRECTION('',(0.,0.,-1.));
#6571=DIRECTION('',(0.,0.,-1.));
#6572=DIRECTION('',(0.,1.,0.));
#6573=DIRECTION('',(0.,0.,1.));
#6574=DIRECTION('',(1.,0.,0.));
#6575=DIRECTION('',(0.,0.,-1.));
#6576=DIRECTION('',(1.,0.,0.));
#6577=DIRECTION('',(0.,0.,-1.));
#6578=DIRECTION('',(0.,-1.,0.));
#6579=DIRECTION('',(0.,0.,-1.));
#6580=DIRECTION('',(1.,0.,0.));
#6581=DIRECTION('',(0.,0.,-1.));
#6582=DIRECTION('',(0.,-1.,0.));
#6583=DIRECTION('',(0.,0.,-1.));
#6584=DIRECTION('',(0.,0.,-1.));
#6585=DIRECTION('',(0.,1.,0.));
#6586=DIRECTION('',(0.,0.,1.));
#6587=DIRECTION('',(1.,0.,0.));
#6588=DIRECTION('',(0.,0.,-1.));
#6589=DIRECTION('',(1.,0.,0.));
#6590=DIRECTION('',(0.,0.,-1.));
#6591=DIRECTION('',(0.,-1.,0.));
#6592=DIRECTION('',(0.,0.,-1.));
#6593=DIRECTION('',(1.,0.,0.));
#6594=DIRECTION('',(0.,0.,-1.));
#6595=DIRECTION('',(0.,-1.,0.));
#6596=DIRECTION('',(0.,0.,-1.));
#6597=DIRECTION('',(0.,0.,-1.));
#6598=DIRECTION('',(-3.56572143057926E-16,1.,0.));
#6599=DIRECTION('',(-1.,-3.56572143057926E-16,0.));
#6600=DIRECTION('',(1.,3.56572143057926E-16,0.));
#6601=DIRECTION('',(0.,0.,-1.));
#6602=DIRECTION('',(1.,0.,0.));
#6603=DIRECTION('',(0.,0.,-1.));
#6604=DIRECTION('',(0.,-1.,0.));
#6605=DIRECTION('',(0.,0.,-1.));
#6606=DIRECTION('',(1.,2.77555756156289E-16,0.));
#6607=DIRECTION('',(-2.77555756156289E-16,1.,0.));
#6608=DIRECTION('',(2.77555756156289E-16,-1.,0.));
#6609=DIRECTION('',(0.,0.,-1.));
#6610=DIRECTION('',(0.,0.,-1.));
#6611=DIRECTION('',(-4.84108877016783E-16,1.,0.));
#6612=DIRECTION('',(-1.,-4.84108877016783E-16,0.));
#6613=DIRECTION('',(1.,4.84108877016783E-16,0.));
#6614=DIRECTION('',(0.,0.,-1.));
#6615=DIRECTION('',(1.,2.77555756156289E-16,0.));
#6616=DIRECTION('',(-2.77555756156289E-16,1.,0.));
#6617=DIRECTION('',(2.77555756156289E-16,-1.,0.));
#6618=DIRECTION('',(0.,0.,-1.));
#6619=DIRECTION('',(1.,0.,0.));
#6620=DIRECTION('',(0.,0.,-1.));
#6621=DIRECTION('',(0.,-1.,0.));
#6622=DIRECTION('',(0.,0.,-1.));
#6623=DIRECTION('',(0.,0.,-1.));
#6624=DIRECTION('',(0.,1.,0.));
#6625=DIRECTION('',(0.,0.,1.));
#6626=DIRECTION('',(1.,0.,0.));
#6627=DIRECTION('',(0.,0.,-1.));
#6628=DIRECTION('',(1.,0.,0.));
#6629=DIRECTION('',(0.,0.,-1.));
#6630=DIRECTION('',(0.,-1.,0.));
#6631=DIRECTION('',(0.,0.,-1.));
#6632=DIRECTION('',(1.,0.,0.));
#6633=DIRECTION('',(0.,0.,-1.));
#6634=DIRECTION('',(0.,-1.,0.));
#6635=DIRECTION('',(0.,0.,-1.));
#6636=DIRECTION('',(0.,0.,-1.));
#6637=DIRECTION('',(0.,1.,0.));
#6638=DIRECTION('',(0.,0.,1.));
#6639=DIRECTION('',(1.,0.,0.));
#6640=DIRECTION('',(0.,0.,-1.));
#6641=DIRECTION('',(1.,0.,0.));
#6642=DIRECTION('',(0.,0.,-1.));
#6643=DIRECTION('',(0.,-1.,0.));
#6644=DIRECTION('',(0.,0.,-1.));
#6645=DIRECTION('',(1.,0.,0.));
#6646=DIRECTION('',(0.,0.,-1.));
#6647=DIRECTION('',(0.,-1.,0.));
#6648=DIRECTION('',(0.,0.,-1.));
#6649=DIRECTION('',(0.,0.,-1.));
#6650=DIRECTION('',(0.,1.,0.));
#6651=DIRECTION('',(0.,0.,1.));
#6652=DIRECTION('',(1.,0.,0.));
#6653=DIRECTION('',(0.,0.,-1.));
#6654=DIRECTION('',(1.,0.,0.));
#6655=DIRECTION('',(0.,0.,-1.));
#6656=DIRECTION('',(0.,-1.,0.));
#6657=DIRECTION('',(0.,0.,-1.));
#6658=DIRECTION('',(1.,0.,0.));
#6659=DIRECTION('',(0.,0.,-1.));
#6660=DIRECTION('',(0.,-1.,0.));
#6661=DIRECTION('',(0.,0.,-1.));
#6662=DIRECTION('',(0.,0.,-1.));
#6663=DIRECTION('',(-2.89120579329468E-16,1.,0.));
#6664=DIRECTION('',(-1.,-2.89120579329468E-16,0.));
#6665=DIRECTION('',(1.,2.89120579329468E-16,0.));
#6666=DIRECTION('',(0.,0.,-1.));
#6667=DIRECTION('',(1.,0.,0.));
#6668=DIRECTION('',(0.,0.,-1.));
#6669=DIRECTION('',(0.,-1.,0.));
#6670=DIRECTION('',(0.,0.,-1.));
#6671=DIRECTION('',(1.,5.10212787052002E-17,0.));
#6672=DIRECTION('',(-5.10212787052002E-17,1.,0.));
#6673=DIRECTION('',(5.10212787052002E-17,-1.,0.));
#6674=DIRECTION('',(0.,0.,-1.));
#6675=DIRECTION('',(0.,0.,-1.));
#6676=DIRECTION('',(-2.89120579329468E-16,1.,0.));
#6677=DIRECTION('',(-1.,-2.89120579329468E-16,0.));
#6678=DIRECTION('',(1.,2.89120579329468E-16,0.));
#6679=DIRECTION('',(0.,0.,-1.));
#6680=DIRECTION('',(1.,0.,0.));
#6681=DIRECTION('',(0.,0.,-1.));
#6682=DIRECTION('',(0.,-1.,0.));
#6683=DIRECTION('',(0.,0.,-1.));
#6684=DIRECTION('',(-1.92747052886312E-16,1.,0.));
#6685=DIRECTION('',(-1.,-1.92747052886312E-16,0.));
#6686=DIRECTION('',(1.,1.92747052886312E-16,0.));
#6687=DIRECTION('',(0.,0.,-1.));
#6688=DIRECTION('',(0.,0.,-1.));
#6689=DIRECTION('',(1.,0.,0.));
#6690=DIRECTION('',(0.,0.,-1.));
#6691=DIRECTION('',(0.,-1.,0.));
#6692=DIRECTION('',(0.,0.,-1.));
#6693=DIRECTION('',(-2.89120579329468E-16,1.,0.));
#6694=DIRECTION('',(-1.,-2.89120579329468E-16,0.));
#6695=DIRECTION('',(1.,2.89120579329468E-16,0.));
#6696=DIRECTION('',(0.,0.,-1.));
#6697=DIRECTION('',(-1.92747052886312E-16,1.,0.));
#6698=DIRECTION('',(-1.,-1.92747052886312E-16,0.));
#6699=DIRECTION('',(1.,1.92747052886312E-16,0.));
#6700=DIRECTION('',(0.,0.,-1.));
#6701=DIRECTION('',(0.,0.,-1.));
#6702=DIRECTION('',(1.,0.,0.));
#6703=DIRECTION('',(0.,0.,-1.));
#6704=DIRECTION('',(0.,-1.,0.));
#6705=DIRECTION('',(0.,0.,-1.));
#6706=DIRECTION('',(-2.89120579329468E-16,1.,0.));
#6707=DIRECTION('',(-1.,-2.89120579329468E-16,0.));
#6708=DIRECTION('',(1.,2.89120579329468E-16,0.));
#6709=DIRECTION('',(0.,0.,-1.));
#6710=DIRECTION('',(1.,0.,0.));
#6711=DIRECTION('',(0.,0.,-1.));
#6712=DIRECTION('',(0.,-1.,0.));
#6713=DIRECTION('',(0.,0.,-1.));
#6714=DIRECTION('',(0.,0.,-1.));
#6715=DIRECTION('',(-2.89120579329468E-16,1.,0.));
#6716=DIRECTION('',(-1.,-2.89120579329468E-16,0.));
#6717=DIRECTION('',(1.,2.89120579329468E-16,0.));
#6718=DIRECTION('',(0.,0.,-1.));
#6719=DIRECTION('',(1.,0.,0.));
#6720=DIRECTION('',(0.,0.,-1.));
#6721=DIRECTION('',(0.,-1.,0.));
#6722=DIRECTION('',(0.,0.,-1.));
#6723=DIRECTION('',(1.,0.,0.));
#6724=DIRECTION('',(0.,0.,-1.));
#6725=DIRECTION('',(0.,-1.,0.));
#6726=DIRECTION('',(0.,0.,-1.));
#6727=DIRECTION('',(0.,0.,-1.));
#6728=DIRECTION('',(-2.89120579329468E-16,1.,0.));
#6729=DIRECTION('',(-1.,-2.89120579329468E-16,0.));
#6730=DIRECTION('',(1.,2.89120579329468E-16,0.));
#6731=DIRECTION('',(0.,0.,-1.));
#6732=DIRECTION('',(1.,0.,0.));
#6733=DIRECTION('',(0.,0.,-1.));
#6734=DIRECTION('',(0.,-1.,0.));
#6735=DIRECTION('',(0.,0.,-1.));
#6736=DIRECTION('',(1.,5.10212787052002E-17,0.));
#6737=DIRECTION('',(-5.10212787052002E-17,1.,0.));
#6738=DIRECTION('',(5.10212787052002E-17,-1.,0.));
#6739=DIRECTION('',(0.,0.,-1.));
#6740=DIRECTION('',(0.,0.,-1.));
#6741=DIRECTION('',(0.,1.,0.));
#6742=DIRECTION('',(0.,0.,1.));
#6743=DIRECTION('',(1.,0.,0.));
#6744=DIRECTION('',(0.,0.,-1.));
#6745=DIRECTION('',(1.,0.,0.));
#6746=DIRECTION('',(0.,0.,-1.));
#6747=DIRECTION('',(0.,-1.,0.));
#6748=DIRECTION('',(0.,0.,-1.));
#6749=DIRECTION('',(0.,1.,0.));
#6750=DIRECTION('',(0.,0.,1.));
#6751=DIRECTION('',(1.,0.,0.));
#6752=DIRECTION('',(0.,0.,-1.));
#6753=DIRECTION('',(0.,0.,-1.));
#6754=DIRECTION('',(1.,0.,0.));
#6755=DIRECTION('',(0.,0.,-1.));
#6756=DIRECTION('',(0.,-1.,0.));
#6757=DIRECTION('',(0.,0.,-1.));
#6758=DIRECTION('',(0.,1.,0.));
#6759=DIRECTION('',(0.,0.,1.));
#6760=DIRECTION('',(1.,0.,0.));
#6761=DIRECTION('',(0.,0.,-1.));
#6762=DIRECTION('',(0.,1.,0.));
#6763=DIRECTION('',(0.,0.,1.));
#6764=DIRECTION('',(1.,0.,0.));
#6765=DIRECTION('',(0.,0.,-1.));
#6766=DIRECTION('',(0.,0.,-1.));
#6767=DIRECTION('',(1.,0.,0.));
#6768=DIRECTION('',(0.,0.,-1.));
#6769=DIRECTION('',(0.,-1.,0.));
#6770=DIRECTION('',(0.,0.,-1.));
#6771=DIRECTION('',(0.,1.,0.));
#6772=DIRECTION('',(0.,0.,1.));
#6773=DIRECTION('',(1.,0.,0.));
#6774=DIRECTION('',(0.,0.,-1.));
#6775=DIRECTION('',(1.,0.,0.));
#6776=DIRECTION('',(0.,0.,-1.));
#6777=DIRECTION('',(0.,-1.,0.));
#6778=DIRECTION('',(0.,0.,-1.));
#6779=DIRECTION('',(0.,0.,-1.));
#6780=DIRECTION('',(0.,1.,0.));
#6781=DIRECTION('',(0.,0.,1.));
#6782=DIRECTION('',(1.,0.,0.));
#6783=DIRECTION('',(0.,0.,-1.));
#6784=DIRECTION('',(1.,0.,0.));
#6785=DIRECTION('',(0.,0.,-1.));
#6786=DIRECTION('',(0.,-1.,0.));
#6787=DIRECTION('',(0.,0.,-1.));
#6788=DIRECTION('',(1.,0.,0.));
#6789=DIRECTION('',(0.,0.,-1.));
#6790=DIRECTION('',(0.,-1.,0.));
#6791=DIRECTION('',(0.,0.,-1.));
#6792=DIRECTION('',(0.,0.,-1.));
#6793=DIRECTION('',(0.,1.,0.));
#6794=DIRECTION('',(0.,0.,1.));
#6795=DIRECTION('',(1.,0.,0.));
#6796=DIRECTION('',(0.,0.,-1.));
#6797=DIRECTION('',(1.,0.,0.));
#6798=DIRECTION('',(0.,0.,-1.));
#6799=DIRECTION('',(0.,-1.,0.));
#6800=DIRECTION('',(0.,0.,-1.));
#6801=DIRECTION('',(1.,5.10212787052002E-17,0.));
#6802=DIRECTION('',(-5.10212787052002E-17,1.,0.));
#6803=DIRECTION('',(5.10212787052002E-17,-1.,0.));
#6804=DIRECTION('',(0.,0.,-1.));
#6805=DIRECTION('',(0.,0.,-1.));
#6806=DIRECTION('',(0.,1.,0.));
#6807=DIRECTION('',(0.,0.,1.));
#6808=DIRECTION('',(1.,0.,0.));
#6809=DIRECTION('',(0.,0.,-1.));
#6810=DIRECTION('',(1.,0.,0.));
#6811=DIRECTION('',(0.,0.,-1.));
#6812=DIRECTION('',(0.,-1.,0.));
#6813=DIRECTION('',(0.,0.,-1.));
#6814=DIRECTION('',(0.,1.,0.));
#6815=DIRECTION('',(0.,0.,1.));
#6816=DIRECTION('',(1.,0.,0.));
#6817=DIRECTION('',(0.,0.,-1.));
#6818=DIRECTION('',(0.,0.,-1.));
#6819=DIRECTION('',(1.,0.,0.));
#6820=DIRECTION('',(0.,0.,-1.));
#6821=DIRECTION('',(0.,-1.,0.));
#6822=DIRECTION('',(0.,0.,-1.));
#6823=DIRECTION('',(0.,1.,0.));
#6824=DIRECTION('',(0.,0.,1.));
#6825=DIRECTION('',(1.,0.,0.));
#6826=DIRECTION('',(0.,0.,-1.));
#6827=DIRECTION('',(0.,1.,0.));
#6828=DIRECTION('',(0.,0.,1.));
#6829=DIRECTION('',(1.,0.,0.));
#6830=DIRECTION('',(0.,0.,-1.));
#6831=DIRECTION('',(0.,0.,-1.));
#6832=DIRECTION('',(1.,0.,0.));
#6833=DIRECTION('',(0.,0.,-1.));
#6834=DIRECTION('',(0.,-1.,0.));
#6835=DIRECTION('',(0.,0.,-1.));
#6836=DIRECTION('',(0.,1.,0.));
#6837=DIRECTION('',(0.,0.,1.));
#6838=DIRECTION('',(1.,0.,0.));
#6839=DIRECTION('',(0.,0.,-1.));
#6840=DIRECTION('',(1.,0.,0.));
#6841=DIRECTION('',(0.,0.,-1.));
#6842=DIRECTION('',(0.,-1.,0.));
#6843=DIRECTION('',(0.,0.,-1.));
#6844=DIRECTION('',(0.,0.,-1.));
#6845=DIRECTION('',(0.,1.,0.));
#6846=DIRECTION('',(0.,0.,1.));
#6847=DIRECTION('',(1.,0.,0.));
#6848=DIRECTION('',(0.,0.,-1.));
#6849=DIRECTION('',(1.,0.,0.));
#6850=DIRECTION('',(0.,0.,-1.));
#6851=DIRECTION('',(0.,-1.,0.));
#6852=DIRECTION('',(0.,0.,-1.));
#6853=DIRECTION('',(1.,0.,0.));
#6854=DIRECTION('',(0.,0.,-1.));
#6855=DIRECTION('',(0.,-1.,0.));
#6856=DIRECTION('',(0.,0.,-1.));
#6857=DIRECTION('',(0.,0.,-1.));
#6858=DIRECTION('',(0.,1.,0.));
#6859=DIRECTION('',(0.,0.,1.));
#6860=DIRECTION('',(1.,0.,0.));
#6861=DIRECTION('',(0.,0.,-1.));
#6862=DIRECTION('',(1.,0.,0.));
#6863=DIRECTION('',(0.,0.,-1.));
#6864=DIRECTION('',(0.,-1.,0.));
#6865=DIRECTION('',(0.,0.,-1.));
#6866=DIRECTION('',(0.,1.,0.));
#6867=DIRECTION('',(0.,0.,1.));
#6868=DIRECTION('',(1.,0.,0.));
#6869=DIRECTION('',(0.,0.,-1.));
#6870=DIRECTION('',(0.,0.,-1.));
#6871=DIRECTION('',(1.,0.,0.));
#6872=DIRECTION('',(0.,0.,-1.));
#6873=DIRECTION('',(0.,-1.,0.));
#6874=DIRECTION('',(0.,0.,-1.));
#6875=DIRECTION('',(0.,1.,0.));
#6876=DIRECTION('',(0.,0.,1.));
#6877=DIRECTION('',(1.,0.,0.));
#6878=DIRECTION('',(0.,0.,-1.));
#6879=DIRECTION('',(1.,0.,0.));
#6880=DIRECTION('',(0.,0.,-1.));
#6881=DIRECTION('',(0.,-1.,0.));
#6882=DIRECTION('',(0.,0.,-1.));
#6883=DIRECTION('',(0.,0.,-1.));
#6884=DIRECTION('',(0.,1.,0.));
#6885=DIRECTION('',(0.,0.,1.));
#6886=DIRECTION('',(1.,0.,0.));
#6887=DIRECTION('',(0.,0.,-1.));
#6888=DIRECTION('',(1.,0.,0.));
#6889=DIRECTION('',(0.,0.,-1.));
#6890=DIRECTION('',(0.,-1.,0.));
#6891=DIRECTION('',(0.,0.,-1.));
#6892=DIRECTION('',(1.,0.,0.));
#6893=DIRECTION('',(0.,0.,-1.));
#6894=DIRECTION('',(0.,-1.,0.));
#6895=DIRECTION('',(0.,0.,-1.));
#6896=DIRECTION('',(0.,0.,-1.));
#6897=DIRECTION('',(0.,1.,0.));
#6898=DIRECTION('',(0.,0.,1.));
#6899=DIRECTION('',(1.,0.,0.));
#6900=DIRECTION('',(0.,0.,-1.));
#6901=DIRECTION('',(1.,0.,0.));
#6902=DIRECTION('',(0.,0.,-1.));
#6903=DIRECTION('',(0.,-1.,0.));
#6904=DIRECTION('',(0.,0.,-1.));
#6905=DIRECTION('',(0.,1.,0.));
#6906=DIRECTION('',(0.,0.,1.));
#6907=DIRECTION('',(1.,0.,0.));
#6908=DIRECTION('',(0.,0.,-1.));
#6909=DIRECTION('',(0.,0.,-1.));
#6910=DIRECTION('',(1.,0.,0.));
#6911=DIRECTION('',(0.,0.,-1.));
#6912=DIRECTION('',(0.,-1.,0.));
#6913=DIRECTION('',(0.,0.,-1.));
#6914=DIRECTION('',(0.,1.,0.));
#6915=DIRECTION('',(0.,0.,1.));
#6916=DIRECTION('',(1.,0.,0.));
#6917=DIRECTION('',(0.,0.,-1.));
#6918=DIRECTION('',(1.,0.,0.));
#6919=DIRECTION('',(0.,0.,-1.));
#6920=DIRECTION('',(0.,-1.,0.));
#6921=DIRECTION('',(0.,0.,-1.));
#6922=DIRECTION('',(0.,0.,-1.));
#6923=DIRECTION('',(0.,1.,0.));
#6924=DIRECTION('',(0.,0.,1.));
#6925=DIRECTION('',(1.,0.,0.));
#6926=DIRECTION('',(0.,0.,-1.));
#6927=DIRECTION('',(1.,0.,0.));
#6928=DIRECTION('',(0.,0.,-1.));
#6929=DIRECTION('',(0.,-1.,0.));
#6930=DIRECTION('',(0.,0.,-1.));
#6931=DIRECTION('',(1.,0.,0.));
#6932=DIRECTION('',(0.,0.,-1.));
#6933=DIRECTION('',(0.,-1.,0.));
#6934=DIRECTION('',(0.,0.,-1.));
#6935=DIRECTION('',(0.,0.,-1.));
#6936=DIRECTION('',(0.,1.,0.));
#6937=DIRECTION('',(0.,0.,1.));
#6938=DIRECTION('',(1.,0.,0.));
#6939=DIRECTION('',(0.,0.,-1.));
#6940=DIRECTION('',(1.,0.,0.));
#6941=DIRECTION('',(0.,0.,-1.));
#6942=DIRECTION('',(0.,-1.,0.));
#6943=DIRECTION('',(0.,0.,-1.));
#6944=DIRECTION('',(-2.89120579329468E-16,1.,0.));
#6945=DIRECTION('',(-1.,-2.89120579329468E-16,0.));
#6946=DIRECTION('',(1.,2.89120579329468E-16,0.));
#6947=DIRECTION('',(0.,0.,-1.));
#6948=DIRECTION('',(0.,0.,-1.));
#6949=DIRECTION('',(1.,0.,0.));
#6950=DIRECTION('',(0.,0.,-1.));
#6951=DIRECTION('',(0.,-1.,0.));
#6952=DIRECTION('',(0.,0.,-1.));
#6953=DIRECTION('',(-1.92747052886312E-16,1.,0.));
#6954=DIRECTION('',(-1.,-1.92747052886312E-16,0.));
#6955=DIRECTION('',(1.,1.92747052886312E-16,0.));
#6956=DIRECTION('',(0.,0.,-1.));
#6957=DIRECTION('',(1.,0.,0.));
#6958=DIRECTION('',(0.,0.,-1.));
#6959=DIRECTION('',(0.,-1.,0.));
#6960=DIRECTION('',(0.,0.,-1.));
#6961=DIRECTION('',(0.,0.,-1.));
#6962=DIRECTION('',(-2.89120579329468E-16,1.,0.));
#6963=DIRECTION('',(-1.,-2.89120579329468E-16,0.));
#6964=DIRECTION('',(1.,2.89120579329468E-16,0.));
#6965=DIRECTION('',(0.,0.,-1.));
#6966=DIRECTION('',(1.,0.,0.));
#6967=DIRECTION('',(0.,0.,-1.));
#6968=DIRECTION('',(0.,-1.,0.));
#6969=DIRECTION('',(0.,0.,-1.));
#6970=DIRECTION('',(1.,0.,0.));
#6971=DIRECTION('',(0.,0.,-1.));
#6972=DIRECTION('',(0.,-1.,0.));
#6973=DIRECTION('',(0.,0.,-1.));
#6974=DIRECTION('',(0.,0.,-1.));
#6975=DIRECTION('',(-2.89120579329468E-16,1.,0.));
#6976=DIRECTION('',(-1.,-2.89120579329468E-16,0.));
#6977=DIRECTION('',(1.,2.89120579329468E-16,0.));
#6978=DIRECTION('',(0.,0.,-1.));
#6979=DIRECTION('',(1.,0.,0.));
#6980=DIRECTION('',(0.,0.,-1.));
#6981=DIRECTION('',(0.,-1.,0.));
#6982=DIRECTION('',(0.,0.,-1.));
#6983=DIRECTION('',(-2.89120579329468E-16,1.,0.));
#6984=DIRECTION('',(-1.,-2.89120579329468E-16,0.));
#6985=DIRECTION('',(1.,2.89120579329468E-16,0.));
#6986=DIRECTION('',(0.,0.,-1.));
#6987=DIRECTION('',(0.,0.,-1.));
#6988=DIRECTION('',(1.,0.,0.));
#6989=DIRECTION('',(0.,0.,-1.));
#6990=DIRECTION('',(0.,-1.,0.));
#6991=DIRECTION('',(0.,0.,-1.));
#6992=DIRECTION('',(-2.4093381610789E-16,1.,0.));
#6993=DIRECTION('',(-1.,-2.4093381610789E-16,0.));
#6994=DIRECTION('',(1.,2.4093381610789E-16,0.));
#6995=DIRECTION('',(0.,0.,-1.));
#6996=DIRECTION('',(-2.89120579329468E-16,1.,0.));
#6997=DIRECTION('',(-1.,-2.89120579329468E-16,0.));
#6998=DIRECTION('',(1.,2.89120579329468E-16,0.));
#6999=DIRECTION('',(0.,0.,-1.));
#7000=DIRECTION('',(0.,0.,-1.));
#7001=DIRECTION('',(1.,0.,0.));
#7002=DIRECTION('',(0.,0.,-1.));
#7003=DIRECTION('',(0.,-1.,0.));
#7004=DIRECTION('',(0.,0.,-1.));
#7005=DIRECTION('',(-2.4093381610789E-16,1.,0.));
#7006=DIRECTION('',(-1.,-2.4093381610789E-16,0.));
#7007=DIRECTION('',(1.,2.4093381610789E-16,0.));
#7008=DIRECTION('',(0.,0.,-1.));
#7009=DIRECTION('',(-2.89120579329468E-16,1.,0.));
#7010=DIRECTION('',(-1.,-2.89120579329468E-16,0.));
#7011=DIRECTION('',(1.,2.89120579329468E-16,0.));
#7012=DIRECTION('',(0.,0.,-1.));
#7013=DIRECTION('',(0.,0.,-1.));
#7014=DIRECTION('',(1.,0.,0.));
#7015=DIRECTION('',(0.,0.,-1.));
#7016=DIRECTION('',(0.,-1.,0.));
#7017=DIRECTION('',(0.,0.,-1.));
#7018=DIRECTION('',(-2.4093381610789E-16,1.,0.));
#7019=DIRECTION('',(-1.,-2.4093381610789E-16,0.));
#7020=DIRECTION('',(1.,2.4093381610789E-16,0.));
#7021=DIRECTION('',(0.,0.,-1.));
#7022=DIRECTION('',(-2.89120579329468E-16,1.,0.));
#7023=DIRECTION('',(-1.,-2.89120579329468E-16,0.));
#7024=DIRECTION('',(1.,2.89120579329468E-16,0.));
#7025=DIRECTION('',(0.,0.,-1.));
#7026=DIRECTION('',(0.,0.,-1.));
#7027=DIRECTION('',(1.,0.,0.));
#7028=DIRECTION('',(0.,0.,-1.));
#7029=DIRECTION('',(0.,-1.,0.));
#7030=DIRECTION('',(0.,0.,-1.));
#7031=DIRECTION('',(-2.4093381610789E-16,1.,0.));
#7032=DIRECTION('',(-1.,-2.4093381610789E-16,0.));
#7033=DIRECTION('',(1.,2.4093381610789E-16,0.));
#7034=DIRECTION('',(0.,0.,-1.));
#7035=DIRECTION('',(-2.89120579329468E-16,1.,0.));
#7036=DIRECTION('',(-1.,-2.89120579329468E-16,0.));
#7037=DIRECTION('',(1.,2.89120579329468E-16,0.));
#7038=DIRECTION('',(0.,0.,-1.));
#7039=DIRECTION('',(0.,0.,-1.));
#7040=DIRECTION('',(1.,5.10212787052002E-17,0.));
#7041=DIRECTION('',(-5.10212787052002E-17,1.,0.));
#7042=DIRECTION('',(5.10212787052002E-17,-1.,0.));
#7043=DIRECTION('',(0.,0.,-1.));
#7044=DIRECTION('',(-2.4093381610789E-16,1.,0.));
#7045=DIRECTION('',(-1.,-2.4093381610789E-16,0.));
#7046=DIRECTION('',(1.,2.4093381610789E-16,0.));
#7047=DIRECTION('',(0.,0.,-1.));
#7048=DIRECTION('',(-2.89120579329468E-16,1.,0.));
#7049=DIRECTION('',(-1.,-2.89120579329468E-16,0.));
#7050=DIRECTION('',(1.,2.89120579329468E-16,0.));
#7051=DIRECTION('',(0.,0.,-1.));
#7052=DIRECTION('',(0.,0.,-1.));
#7053=DIRECTION('',(1.,0.,0.));
#7054=DIRECTION('',(0.,0.,-1.));
#7055=DIRECTION('',(0.,-1.,0.));
#7056=DIRECTION('',(0.,0.,-1.));
#7057=DIRECTION('',(-2.4093381610789E-16,1.,0.));
#7058=DIRECTION('',(-1.,-2.4093381610789E-16,0.));
#7059=DIRECTION('',(1.,2.4093381610789E-16,0.));
#7060=DIRECTION('',(0.,0.,-1.));
#7061=DIRECTION('',(-2.89120579329468E-16,1.,0.));
#7062=DIRECTION('',(-1.,-2.89120579329468E-16,0.));
#7063=DIRECTION('',(1.,2.89120579329468E-16,0.));
#7064=DIRECTION('',(0.,0.,-1.));
#7065=DIRECTION('',(0.,0.,-1.));
#7066=DIRECTION('',(1.,0.,0.));
#7067=DIRECTION('',(0.,0.,-1.));
#7068=DIRECTION('',(0.,-1.,0.));
#7069=DIRECTION('',(0.,0.,-1.));
#7070=DIRECTION('',(-2.4093381610789E-16,1.,0.));
#7071=DIRECTION('',(-1.,-2.4093381610789E-16,0.));
#7072=DIRECTION('',(1.,2.4093381610789E-16,0.));
#7073=DIRECTION('',(0.,0.,-1.));
#7074=DIRECTION('',(0.,0.,-1.));
#7075=DIRECTION('',(-1.,0.,0.));
#7076=DIRECTION('',(0.,0.,1.));
#7077=DIRECTION('',(1.,0.,0.));
#7078=DIRECTION('',(0.,0.,-1.));
#7079=DIRECTION('',(-1.,0.,0.));
#7080=DIRECTION('',(0.,0.,1.));
#7081=DIRECTION('',(1.,0.,0.));
#7082=DIRECTION('',(0.,0.,-1.));
#7083=DIRECTION('',(-1.,0.,0.));
#7084=DIRECTION('',(0.,0.,1.));
#7085=DIRECTION('',(1.,0.,0.));
#7086=DIRECTION('',(1.,0.,0.));
#7087=DIRECTION('',(0.,0.,-1.));
#7088=DIRECTION('',(0.,0.,-1.));
#7089=DIRECTION('',(0.,-1.,0.));
#7090=DIRECTION('',(0.,0.,-1.));
#7091=DIRECTION('',(0.,1.,0.));
#7092=DIRECTION('',(0.,0.,1.));
#7093=DIRECTION('',(1.,0.,0.));
#7094=DIRECTION('',(0.,1.,0.));
#7095=DIRECTION('',(0.,0.,1.));
#7096=DIRECTION('',(1.,0.,0.));
#7097=DIRECTION('',(0.,1.,0.));
#7098=DIRECTION('',(0.,0.,1.));
#7099=DIRECTION('',(1.,0.,0.));
#7100=DIRECTION('',(-3.56572143057926E-16,1.,0.));
#7101=DIRECTION('',(-1.,-3.56572143057926E-16,0.));
#7102=DIRECTION('',(1.,3.56572143057926E-16,0.));
#7103=DIRECTION('',(-4.84108877016783E-16,1.,0.));
#7104=DIRECTION('',(-1.,-4.84108877016783E-16,0.));
#7105=DIRECTION('',(1.,4.84108877016783E-16,0.));
#7106=DIRECTION('',(0.,1.,0.));
#7107=DIRECTION('',(0.,0.,1.));
#7108=DIRECTION('',(1.,0.,0.));
#7109=DIRECTION('',(0.,1.,0.));
#7110=DIRECTION('',(0.,0.,1.));
#7111=DIRECTION('',(1.,0.,0.));
#7112=DIRECTION('',(0.,1.,0.));
#7113=DIRECTION('',(0.,0.,1.));
#7114=DIRECTION('',(1.,0.,0.));
#7115=DIRECTION('',(-2.4093381610789E-16,1.,0.));
#7116=DIRECTION('',(-1.,-2.4093381610789E-16,0.));
#7117=DIRECTION('',(1.,2.4093381610789E-16,0.));
#7118=DIRECTION('',(-1.92747052886312E-16,1.,0.));
#7119=DIRECTION('',(-1.,-1.92747052886312E-16,0.));
#7120=DIRECTION('',(1.,1.92747052886312E-16,0.));
#7121=DIRECTION('',(1.,0.,0.));
#7122=DIRECTION('',(0.,0.,-1.));
#7123=DIRECTION('',(0.,-1.,0.));
#7124=DIRECTION('',(1.,5.10212787052002E-17,0.));
#7125=DIRECTION('',(-5.10212787052002E-17,1.,0.));
#7126=DIRECTION('',(5.10212787052002E-17,-1.,0.));
#7127=DIRECTION('',(-1.92747052886312E-16,1.,0.));
#7128=DIRECTION('',(-1.,-1.92747052886312E-16,0.));
#7129=DIRECTION('',(1.,1.92747052886312E-16,0.));
#7130=DIRECTION('',(-1.92747052886312E-16,1.,0.));
#7131=DIRECTION('',(-1.,-1.92747052886312E-16,0.));
#7132=DIRECTION('',(1.,1.92747052886312E-16,0.));
#7133=DIRECTION('',(0.,1.,0.));
#7134=DIRECTION('',(0.,0.,1.));
#7135=DIRECTION('',(1.,0.,0.));
#7136=DIRECTION('',(1.,0.,0.));
#7137=DIRECTION('',(0.,0.,-1.));
#7138=DIRECTION('',(0.,-1.,0.));
#7139=DIRECTION('',(1.,5.10212787052002E-17,0.));
#7140=DIRECTION('',(-5.10212787052002E-17,1.,0.));
#7141=DIRECTION('',(5.10212787052002E-17,-1.,0.));
#7142=DIRECTION('',(0.,1.,0.));
#7143=DIRECTION('',(0.,0.,1.));
#7144=DIRECTION('',(1.,0.,0.));
#7145=DIRECTION('',(0.,1.,0.));
#7146=DIRECTION('',(0.,0.,1.));
#7147=DIRECTION('',(1.,0.,0.));
#7148=DIRECTION('',(0.,1.,0.));
#7149=DIRECTION('',(0.,0.,1.));
#7150=DIRECTION('',(1.,0.,0.));
#7151=DIRECTION('',(1.,0.,0.));
#7152=DIRECTION('',(0.,0.,-1.));
#7153=DIRECTION('',(0.,-1.,0.));
#7154=DIRECTION('',(1.,5.10212787052002E-17,0.));
#7155=DIRECTION('',(-5.10212787052002E-17,1.,0.));
#7156=DIRECTION('',(5.10212787052002E-17,-1.,0.));
#7157=DIRECTION('',(0.,1.,0.));
#7158=DIRECTION('',(0.,0.,1.));
#7159=DIRECTION('',(1.,0.,0.));
#7160=DIRECTION('',(0.,1.,0.));
#7161=DIRECTION('',(0.,0.,1.));
#7162=DIRECTION('',(1.,0.,0.));
#7163=DIRECTION('',(0.,0.,-1.));
#7164=DIRECTION('',(-1.,0.,0.));
#7165=DIRECTION('',(0.,0.,1.));
#7166=DIRECTION('',(1.,0.,0.));
#7167=DIRECTION('',(1.,0.,0.));
#7168=DIRECTION('',(0.,0.,-1.));
#7169=DIRECTION('',(0.,-1.,0.));
#7170=DIRECTION('',(0.,1.,0.));
#7171=DIRECTION('',(0.,0.,1.));
#7172=DIRECTION('',(1.,0.,0.));
#7173=DIRECTION('',(0.,1.,0.));
#7174=DIRECTION('',(0.,0.,1.));
#7175=DIRECTION('',(1.,0.,0.));
#7176=DIRECTION('',(1.,0.,0.));
#7177=DIRECTION('',(0.,0.,-1.));
#7178=DIRECTION('',(0.,-1.,0.));
#7179=DIRECTION('',(0.,1.,0.));
#7180=DIRECTION('',(0.,0.,1.));
#7181=DIRECTION('',(1.,0.,0.));
#7182=DIRECTION('',(0.,1.,0.));
#7183=DIRECTION('',(0.,0.,1.));
#7184=DIRECTION('',(1.,0.,0.));
#7185=DIRECTION('',(1.,0.,0.));
#7186=DIRECTION('',(0.,0.,-1.));
#7187=DIRECTION('',(0.,-1.,0.));
#7188=DIRECTION('',(-1.92747052886312E-16,1.,0.));
#7189=DIRECTION('',(-1.,-1.92747052886312E-16,0.));
#7190=DIRECTION('',(1.,1.92747052886312E-16,0.));
#7191=DIRECTION('',(-1.92747052886312E-16,1.,0.));
#7192=DIRECTION('',(-1.,-1.92747052886312E-16,0.));
#7193=DIRECTION('',(1.,1.92747052886312E-16,0.));
#7194=DIRECTION('',(1.,0.,0.));
#7195=DIRECTION('',(0.,0.,-1.));
#7196=DIRECTION('',(0.,-1.,0.));
#7197=DIRECTION('',(1.,0.,0.));
#7198=DIRECTION('',(0.,0.,-1.));
#7199=DIRECTION('',(0.,-1.,0.));
#7200=DIRECTION('',(1.,0.,0.));
#7201=DIRECTION('',(0.,0.,-1.));
#7202=DIRECTION('',(0.,-1.,0.));
#7203=DIRECTION('',(1.,5.10212787052002E-17,0.));
#7204=DIRECTION('',(-5.10212787052002E-17,1.,0.));
#7205=DIRECTION('',(5.10212787052002E-17,-1.,0.));
#7206=DIRECTION('',(1.,0.,0.));
#7207=DIRECTION('',(0.,0.,-1.));
#7208=DIRECTION('',(0.,-1.,0.));
#7209=DIRECTION('',(1.,0.,0.));
#7210=DIRECTION('',(0.,0.,-1.));
#7211=DIRECTION('',(0.,-1.,0.));
#7212=DIRECTION('',(1.,0.,0.));
#7213=DIRECTION('',(0.,0.,-1.));
#7214=DIRECTION('',(0.,-1.,0.));
#7215=DIRECTION('',(0.,0.,-1.));
#7216=DIRECTION('',(-1.,0.,0.));
#7217=DIRECTION('',(0.,0.,1.));
#7218=DIRECTION('',(1.,0.,0.));
#7219=DIRECTION('',(0.,0.,1.));
#7220=DIRECTION('',(1.,0.,0.));
#7221=DIRECTION('',(0.,0.,1.));
#7222=DIRECTION('',(1.,0.,0.));
#7223=DIRECTION('',(0.,0.,1.));
#7224=DIRECTION('',(1.,0.,0.));
#7225=DIRECTION('',(0.,0.,1.));
#7226=DIRECTION('',(1.,0.,0.));
#7227=DIRECTION('',(0.,0.,1.));
#7228=DIRECTION('',(1.,0.,0.));
#7229=DIRECTION('',(0.,0.,1.));
#7230=DIRECTION('',(1.,0.,0.));
#7231=DIRECTION('',(0.,0.,-1.));
#7232=DIRECTION('',(-1.,0.,0.));
#7233=DIRECTION('',(0.,0.,1.));
#7234=DIRECTION('',(1.,0.,0.));
#7235=DIRECTION('',(0.,0.,-1.));
#7236=DIRECTION('',(-1.,0.,0.));
#7237=DIRECTION('',(0.,-1.,0.));
#7238=DIRECTION('',(0.,0.,-1.));
#7239=DIRECTION('',(1.,0.,0.));
#7240=DIRECTION('',(0.,0.,1.));
#7241=DIRECTION('',(1.,0.,0.));
#7242=DIRECTION('',(0.,0.,1.));
#7243=DIRECTION('',(-1.,0.,0.));
#7244=DIRECTION('',(0.,0.,1.));
#7245=DIRECTION('',(0.,-1.,0.));
#7246=DIRECTION('',(0.,0.,1.));
#7247=DIRECTION('',(0.,-1.,0.));
#7248=DIRECTION('',(0.,0.,1.));
#7249=DIRECTION('',(-0.924160355698979,0.382004760381774,0.));
#7250=DIRECTION('',(0.,0.,1.));
#7251=DIRECTION('',(1.,0.,0.));
#7252=DIRECTION('',(0.,0.,1.));
#7253=DIRECTION('',(0.,0.,1.));
#7254=DIRECTION('',(1.,0.,0.));
#7255=DIRECTION('',(0.,0.,1.));
#7256=DIRECTION('',(-0.382004760381867,0.924160355698941,0.));
#7257=DIRECTION('',(0.,0.,1.));
#7258=DIRECTION('',(1.,0.,0.));
#7259=DIRECTION('',(0.,0.,1.));
#7260=DIRECTION('',(0.,0.,1.));
#7261=DIRECTION('',(1.,0.,0.));
#7262=DIRECTION('',(0.,1.,0.));
#7263=DIRECTION('',(0.,0.,1.));
#7264=DIRECTION('',(-1.,0.,0.));
#7265=DIRECTION('',(0.,0.,1.));
#7266=DIRECTION('',(-1.,0.,0.));
#7267=DIRECTION('',(0.,0.,1.));
#7268=DIRECTION('',(0.360489717502129,0.932763187296344,0.));
#7269=DIRECTION('',(0.,0.,1.));
#7270=DIRECTION('',(1.,0.,0.));
#7271=DIRECTION('',(0.,0.,1.));
#7272=DIRECTION('',(0.,0.,1.));
#7273=DIRECTION('',(1.,0.,0.));
#7274=DIRECTION('',(0.,0.,1.));
#7275=DIRECTION('',(0.907948943518901,0.419080798847801,0.));
#7276=DIRECTION('',(0.,0.,1.));
#7277=DIRECTION('',(1.,0.,0.));
#7278=DIRECTION('',(0.,0.,1.));
#7279=DIRECTION('',(0.,0.,1.));
#7280=DIRECTION('',(1.,0.,0.));
#7281=DIRECTION('',(1.,0.,0.));
#7282=DIRECTION('',(0.,0.,-1.));
#7283=DIRECTION('',(0.,0.,1.));
#7284=DIRECTION('',(0.,1.,0.));
#7285=DIRECTION('',(0.,0.,1.));
#7286=DIRECTION('',(0.,1.,0.));
#7287=DIRECTION('',(0.,0.,1.));
#7288=DIRECTION('',(0.,0.,1.));
#7289=DIRECTION('',(-1.,0.,0.));
#7290=DIRECTION('',(-1.,0.,0.));
#7291=DIRECTION('',(0.,0.,1.));
#7292=DIRECTION('',(0.,0.,1.));
#7293=DIRECTION('',(0.,-1.,0.));
#7294=DIRECTION('',(0.,1.,0.));
#7295=DIRECTION('',(0.,0.,1.));
#7296=DIRECTION('',(0.,0.,1.));
#7297=DIRECTION('',(-1.,0.,0.));
#7298=DIRECTION('',(1.,0.,0.));
#7299=DIRECTION('',(0.,0.,-1.));
#7300=DIRECTION('',(0.,0.,1.));
#7301=DIRECTION('',(0.,1.,0.));
#7302=DIRECTION('',(0.,1.,0.));
#7303=DIRECTION('',(0.,0.,1.));
#7304=DIRECTION('',(0.,0.,1.));
#7305=DIRECTION('',(-1.,0.,0.));
#7306=DIRECTION('',(-1.,0.,0.));
#7307=DIRECTION('',(0.,0.,1.));
#7308=DIRECTION('',(0.,0.,1.));
#7309=DIRECTION('',(0.,-1.,0.));
#7310=DIRECTION('',(0.,0.,1.));
#7311=DIRECTION('',(0.964297839891178,0.264820082284574,0.));
#7312=DIRECTION('',(0.,0.,1.));
#7313=DIRECTION('',(0.,0.,1.));
#7314=DIRECTION('',(1.,0.,0.));
#7315=DIRECTION('',(0.,0.,1.));
#7316=DIRECTION('',(0.703679004086051,0.710518021733765,0.));
#7317=DIRECTION('',(0.,0.,1.));
#7318=DIRECTION('',(0.,0.,1.));
#7319=DIRECTION('',(1.,0.,0.));
#7320=DIRECTION('',(0.,0.,1.));
#7321=DIRECTION('',(0.262651376711555,0.964890799164095,0.));
#7322=DIRECTION('',(0.,0.,1.));
#7323=DIRECTION('',(0.,0.,1.));
#7324=DIRECTION('',(1.,0.,0.));
#7325=DIRECTION('',(0.,-1.,0.));
#7326=DIRECTION('',(0.,0.,-1.));
#7327=DIRECTION('',(0.,0.,1.));
#7328=DIRECTION('',(1.,0.,0.));
#7329=DIRECTION('',(0.,0.,1.));
#7330=DIRECTION('',(-0.264814285215788,0.96429943189118,0.));
#7331=DIRECTION('',(0.,0.,1.));
#7332=DIRECTION('',(0.,0.,1.));
#7333=DIRECTION('',(1.,0.,0.));
#7334=DIRECTION('',(0.,0.,1.));
#7335=DIRECTION('',(-0.706614939954046,0.707598280547473,0.));
#7336=DIRECTION('',(0.,0.,1.));
#7337=DIRECTION('',(0.,0.,1.));
#7338=DIRECTION('',(1.,0.,0.));
#7339=DIRECTION('',(0.,0.,1.));
#7340=DIRECTION('',(-0.964297839891181,0.264820082284562,0.));
#7341=DIRECTION('',(0.,0.,1.));
#7342=DIRECTION('',(1.,0.,0.));
#7343=DIRECTION('',(1.,0.,0.));
#7344=DIRECTION('',(0.,0.,-1.));
#7345=DIRECTION('',(0.,1.,0.));
#7346=DIRECTION('',(0.,1.,0.));
#7347=DIRECTION('',(0.,0.,1.));
#7348=DIRECTION('',(1.,0.,0.));
#7349=DIRECTION('',(0.,-1.,0.));
#7350=DIRECTION('',(0.,0.,-1.));
#7351=DIRECTION('',(1.,0.,0.));
#7352=DIRECTION('',(0.,0.,1.));
#7353=DIRECTION('',(1.,0.,0.));
#7354=DIRECTION('',(0.,0.,1.));
#7355=DIRECTION('',(0.,0.,1.));
#7356=DIRECTION('',(-0.385829718711558,-0.922570012605526,0.));
#7357=DIRECTION('',(0.,0.,1.));
#7358=DIRECTION('',(1.,0.,0.));
#7359=DIRECTION('',(0.,0.,1.));
#7360=DIRECTION('',(0.,0.,1.));
#7361=DIRECTION('',(1.,0.,0.));
#7362=DIRECTION('',(0.,0.,1.));
#7363=DIRECTION('',(-0.926823957034459,-0.375496142013454,0.));
#7364=DIRECTION('',(0.,0.,1.));
#7365=DIRECTION('',(1.,0.,0.));
#7366=DIRECTION('',(0.,0.,1.));
#7367=DIRECTION('',(0.,0.,1.));
#7368=DIRECTION('',(1.,0.,0.));
#7369=DIRECTION('',(-1.,0.,0.));
#7370=DIRECTION('',(0.,0.,1.));
#7371=DIRECTION('',(0.,-1.,0.));
#7372=DIRECTION('',(0.,0.,1.));
#7373=DIRECTION('',(0.,-1.,0.));
#7374=DIRECTION('',(0.,0.,1.));
#7375=DIRECTION('',(-0.926823957034415,0.375496142013563,0.));
#7376=DIRECTION('',(0.,0.,1.));
#7377=DIRECTION('',(1.,0.,0.));
#7378=DIRECTION('',(0.,0.,1.));
#7379=DIRECTION('',(0.,0.,1.));
#7380=DIRECTION('',(1.,0.,0.));
#7381=DIRECTION('',(0.,0.,1.));
#7382=DIRECTION('',(-0.385829718711836,0.92257001260541,0.));
#7383=DIRECTION('',(0.,0.,1.));
#7384=DIRECTION('',(1.,0.,0.));
#7385=DIRECTION('',(0.,0.,1.));
#7386=DIRECTION('',(0.,0.,1.));
#7387=DIRECTION('',(1.,0.,0.));
#7388=DIRECTION('',(0.,1.,0.));
#7389=DIRECTION('',(0.,0.,1.));
#7390=DIRECTION('',(-1.,0.,0.));
#7391=DIRECTION('',(0.,0.,1.));
#7392=DIRECTION('',(-1.,0.,0.));
#7393=DIRECTION('',(0.,0.,1.));
#7394=DIRECTION('',(0.360489717502121,0.932763187296347,0.));
#7395=DIRECTION('',(0.,0.,1.));
#7396=DIRECTION('',(1.,0.,0.));
#7397=DIRECTION('',(0.,0.,1.));
#7398=DIRECTION('',(0.,0.,1.));
#7399=DIRECTION('',(1.,0.,0.));
#7400=DIRECTION('',(0.,0.,1.));
#7401=DIRECTION('',(0.907948943518893,0.419080798847819,0.));
#7402=DIRECTION('',(0.,0.,1.));
#7403=DIRECTION('',(1.,0.,0.));
#7404=DIRECTION('',(0.,0.,1.));
#7405=DIRECTION('',(0.,0.,1.));
#7406=DIRECTION('',(1.,0.,0.));
#7407=DIRECTION('',(1.,0.,0.));
#7408=DIRECTION('',(0.,0.,-1.));
#7409=DIRECTION('',(0.,1.,0.));
#7410=DIRECTION('',(0.,0.,1.));
#7411=DIRECTION('',(0.,1.,0.));
#7412=DIRECTION('',(0.,0.,1.));
#7413=DIRECTION('',(0.907948943518948,-0.419080798847701,0.));
#7414=DIRECTION('',(0.,0.,1.));
#7415=DIRECTION('',(1.,0.,0.));
#7416=DIRECTION('',(0.,0.,1.));
#7417=DIRECTION('',(0.,0.,1.));
#7418=DIRECTION('',(1.,0.,0.));
#7419=DIRECTION('',(1.,0.,0.));
#7420=DIRECTION('',(0.,0.,-1.));
#7421=DIRECTION('',(0.,0.,1.));
#7422=DIRECTION('',(0.,1.,0.));
#7423=DIRECTION('',(0.,0.,1.));
#7424=DIRECTION('',(0.,1.,0.));
#7425=DIRECTION('',(0.,0.,1.));
#7426=DIRECTION('',(0.,0.,1.));
#7427=DIRECTION('',(-1.,0.,0.));
#7428=DIRECTION('',(0.,0.,1.));
#7429=DIRECTION('',(0.262651376711606,-0.964890799164081,0.));
#7430=DIRECTION('',(0.,0.,1.));
#7431=DIRECTION('',(0.,0.,1.));
#7432=DIRECTION('',(1.,0.,0.));
#7433=DIRECTION('',(0.,0.,1.));
#7434=DIRECTION('',(0.703679004086026,-0.71051802173379,0.));
#7435=DIRECTION('',(0.,0.,1.));
#7436=DIRECTION('',(0.,0.,1.));
#7437=DIRECTION('',(1.,0.,0.));
#7438=DIRECTION('',(0.,0.,1.));
#7439=DIRECTION('',(0.964297839891184,-0.264820082284553,0.));
#7440=DIRECTION('',(0.,0.,1.));
#7441=DIRECTION('',(0.,0.,1.));
#7442=DIRECTION('',(1.,0.,0.));
#7443=DIRECTION('',(-1.,0.,0.));
#7444=DIRECTION('',(0.,0.,1.));
#7445=DIRECTION('',(0.,0.,1.));
#7446=DIRECTION('',(0.,-1.,0.));
#7447=DIRECTION('',(0.,0.,1.));
#7448=DIRECTION('',(0.964297839891185,0.264820082284548,0.));
#7449=DIRECTION('',(0.,0.,1.));
#7450=DIRECTION('',(0.,0.,1.));
#7451=DIRECTION('',(1.,0.,0.));
#7452=DIRECTION('',(0.,0.,1.));
#7453=DIRECTION('',(0.70367900408603,0.710518021733786,0.));
#7454=DIRECTION('',(0.,0.,1.));
#7455=DIRECTION('',(0.,0.,1.));
#7456=DIRECTION('',(1.,0.,0.));
#7457=DIRECTION('',(0.,0.,1.));
#7458=DIRECTION('',(0.262651376711559,0.964890799164094,0.));
#7459=DIRECTION('',(0.,0.,1.));
#7460=DIRECTION('',(0.,0.,1.));
#7461=DIRECTION('',(1.,0.,0.));
#7462=DIRECTION('',(0.,-1.,0.));
#7463=DIRECTION('',(0.,0.,-1.));
#7464=DIRECTION('',(1.,0.,0.));
#7465=DIRECTION('',(0.,0.,1.));
#7466=DIRECTION('',(0.360489717501873,-0.932763187296443,0.));
#7467=DIRECTION('',(0.,0.,1.));
#7468=DIRECTION('',(1.,0.,0.));
#7469=DIRECTION('',(0.,0.,1.));
#7470=DIRECTION('',(1.,0.,0.));
#7471=DIRECTION('',(0.,0.,1.));
#7472=DIRECTION('',(1.,0.,0.));
#7473=DIRECTION('',(1.,0.,0.));
#7474=DIRECTION('',(0.,0.,-1.));
#7475=DIRECTION('',(0.,0.,1.));
#7476=DIRECTION('',(0.,1.,0.));
#7477=DIRECTION('',(0.,0.,1.));
#7478=DIRECTION('',(0.,1.,0.));
#7479=DIRECTION('',(0.,0.,1.));
#7480=DIRECTION('',(0.,0.,1.));
#7481=DIRECTION('',(-1.,0.,0.));
#7482=DIRECTION('',(-1.,0.,0.));
#7483=DIRECTION('',(0.,0.,1.));
#7484=DIRECTION('',(0.,0.,1.));
#7485=DIRECTION('',(0.,-1.,0.));
#7486=DIRECTION('',(0.76551705190914,0.6434156069263,0.));
#7487=DIRECTION('',(-0.6434156069263,0.76551705190914,0.));
#7488=DIRECTION('',(0.,0.,1.));
#7489=DIRECTION('',(-0.6434156069263,0.76551705190914,0.));
#7490=DIRECTION('',(0.,1.,0.));
#7491=DIRECTION('',(0.,0.,1.));
#7492=DIRECTION('',(0.,0.,1.));
#7493=DIRECTION('',(-1.,0.,0.));
#7494=DIRECTION('',(-1.,0.,0.));
#7495=DIRECTION('',(0.,0.,1.));
#7496=DIRECTION('',(0.,0.,1.));
#7497=DIRECTION('',(0.,-1.,0.));
#7498=DIRECTION('',(0.,-1.,0.));
#7499=DIRECTION('',(0.,0.,-1.));
#7500=DIRECTION('',(0.,0.,1.));
#7501=DIRECTION('',(1.,0.,0.));
#7502=DIRECTION('',(1.,0.,0.));
#7503=DIRECTION('',(0.,0.,-1.));
#7504=DIRECTION('',(0.,0.,1.));
#7505=DIRECTION('',(0.,1.,0.));
#7506=DIRECTION('',(-0.76553010356429,-0.643400078129345,0.));
#7507=DIRECTION('',(0.643400078129345,-0.76553010356429,0.));
#7508=DIRECTION('',(0.,0.,1.));
#7509=DIRECTION('',(0.643400078129345,-0.76553010356429,0.));
#7510=DIRECTION('',(0.,-1.,0.));
#7511=DIRECTION('',(0.,0.,-1.));
#7512=DIRECTION('',(1.,0.,0.));
#7513=DIRECTION('',(0.,0.,1.));
#7514=DIRECTION('',(1.,0.,0.));
#7515=DIRECTION('',(0.,-1.,0.));
#7516=DIRECTION('',(0.,0.,-1.));
#7517=DIRECTION('',(1.,0.,0.));
#7518=DIRECTION('',(0.,0.,1.));
#7519=DIRECTION('',(1.,0.,0.));
#7520=DIRECTION('',(0.,0.,1.));
#7521=DIRECTION('',(-1.,0.,0.));
#7522=DIRECTION('',(0.,0.,1.));
#7523=DIRECTION('',(0.,-1.,0.));
#7524=DIRECTION('',(0.,0.,1.));
#7525=DIRECTION('',(0.,-1.,0.));
#7526=DIRECTION('',(0.,0.,1.));
#7527=DIRECTION('',(-0.924160355699128,0.382004760381414,0.));
#7528=DIRECTION('',(0.,0.,1.));
#7529=DIRECTION('',(1.,0.,0.));
#7530=DIRECTION('',(0.,0.,1.));
#7531=DIRECTION('',(0.,0.,1.));
#7532=DIRECTION('',(1.,0.,0.));
#7533=DIRECTION('',(0.,0.,1.));
#7534=DIRECTION('',(-0.382004760381784,0.924160355698975,0.));
#7535=DIRECTION('',(0.,0.,1.));
#7536=DIRECTION('',(1.,0.,0.));
#7537=DIRECTION('',(0.,0.,1.));
#7538=DIRECTION('',(0.,0.,1.));
#7539=DIRECTION('',(1.,0.,0.));
#7540=DIRECTION('',(0.,1.,0.));
#7541=DIRECTION('',(0.,0.,1.));
#7542=DIRECTION('',(-1.,0.,0.));
#7543=DIRECTION('',(0.,0.,1.));
#7544=DIRECTION('',(-1.,0.,0.));
#7545=DIRECTION('',(0.,0.,1.));
#7546=DIRECTION('',(0.360489717502179,0.932763187296325,0.));
#7547=DIRECTION('',(0.,0.,1.));
#7548=DIRECTION('',(1.,0.,0.));
#7549=DIRECTION('',(0.,0.,1.));
#7550=DIRECTION('',(0.,0.,1.));
#7551=DIRECTION('',(1.,0.,0.));
#7552=DIRECTION('',(0.,0.,1.));
#7553=DIRECTION('',(0.907948943513604,0.419080798859276,0.));
#7554=DIRECTION('',(0.,0.,1.));
#7555=DIRECTION('',(1.,0.,0.));
#7556=DIRECTION('',(0.,0.,1.));
#7557=DIRECTION('',(0.,0.,1.));
#7558=DIRECTION('',(1.,0.,0.));
#7559=DIRECTION('',(1.,0.,0.));
#7560=DIRECTION('',(0.,0.,-1.));
#7561=DIRECTION('',(0.,0.,1.));
#7562=DIRECTION('',(0.,1.,0.));
#7563=DIRECTION('',(0.,0.,1.));
#7564=DIRECTION('',(0.,1.,0.));
#7565=DIRECTION('',(0.,0.,1.));
#7566=DIRECTION('',(0.,0.,1.));
#7567=DIRECTION('',(-1.,0.,0.));
#7568=DIRECTION('',(-1.,0.,0.));
#7569=DIRECTION('',(0.,0.,1.));
#7570=DIRECTION('',(0.,0.,1.));
#7571=DIRECTION('',(0.,-1.,0.));
#7572=DIRECTION('',(0.,1.,0.));
#7573=DIRECTION('',(0.,0.,1.));
#7574=DIRECTION('',(0.,0.,1.));
#7575=DIRECTION('',(-1.,0.,0.));
#7576=DIRECTION('',(1.,0.,0.));
#7577=DIRECTION('',(0.,0.,-1.));
#7578=DIRECTION('',(0.,0.,1.));
#7579=DIRECTION('',(0.,1.,0.));
#7580=DIRECTION('',(0.,1.,0.));
#7581=DIRECTION('',(0.,0.,1.));
#7582=DIRECTION('',(0.,0.,1.));
#7583=DIRECTION('',(-1.,0.,0.));
#7584=DIRECTION('',(-1.,0.,0.));
#7585=DIRECTION('',(0.,0.,1.));
#7586=DIRECTION('',(0.,0.,1.));
#7587=DIRECTION('',(0.,-1.,0.));
#7588=DIRECTION('',(0.,0.,1.));
#7589=DIRECTION('',(0.964297839891179,0.264820082284571,0.));
#7590=DIRECTION('',(0.,0.,1.));
#7591=DIRECTION('',(0.,0.,1.));
#7592=DIRECTION('',(1.,0.,0.));
#7593=DIRECTION('',(0.,0.,1.));
#7594=DIRECTION('',(0.703679004086042,0.710518021733774,0.));
#7595=DIRECTION('',(0.,0.,1.));
#7596=DIRECTION('',(0.,0.,1.));
#7597=DIRECTION('',(1.,0.,0.));
#7598=DIRECTION('',(0.,0.,1.));
#7599=DIRECTION('',(0.262651376711604,0.964890799164081,0.));
#7600=DIRECTION('',(0.,0.,1.));
#7601=DIRECTION('',(0.,0.,1.));
#7602=DIRECTION('',(1.,0.,0.));
#7603=DIRECTION('',(0.,-1.,0.));
#7604=DIRECTION('',(0.,0.,-1.));
#7605=DIRECTION('',(0.,0.,1.));
#7606=DIRECTION('',(1.,0.,0.));
#7607=DIRECTION('',(0.,0.,1.));
#7608=DIRECTION('',(-0.264814285215793,0.964299431891178,0.));
#7609=DIRECTION('',(0.,0.,1.));
#7610=DIRECTION('',(0.,0.,1.));
#7611=DIRECTION('',(1.,0.,0.));
#7612=DIRECTION('',(0.,0.,1.));
#7613=DIRECTION('',(-0.706614939954051,0.707598280547468,0.));
#7614=DIRECTION('',(0.,0.,1.));
#7615=DIRECTION('',(0.,0.,1.));
#7616=DIRECTION('',(1.,0.,0.));
#7617=DIRECTION('',(0.,0.,1.));
#7618=DIRECTION('',(-0.964297839891178,0.264820082284573,0.));
#7619=DIRECTION('',(0.,0.,1.));
#7620=DIRECTION('',(1.,0.,0.));
#7621=DIRECTION('',(1.,0.,0.));
#7622=DIRECTION('',(0.,0.,-1.));
#7623=DIRECTION('',(0.,1.,0.));
#7624=DIRECTION('',(0.,1.,0.));
#7625=DIRECTION('',(0.,0.,1.));
#7626=DIRECTION('',(1.,0.,0.));
#7627=DIRECTION('',(0.,-1.,0.));
#7628=DIRECTION('',(0.,0.,-1.));
#7629=DIRECTION('',(1.,0.,0.));
#7630=DIRECTION('',(0.,0.,1.));
#7631=DIRECTION('',(1.,0.,0.));
#7632=DIRECTION('',(0.,0.,1.));
#7633=DIRECTION('',(0.,0.,1.));
#7634=DIRECTION('',(-0.334380693097591,-0.942438089257631,0.));
#7635=DIRECTION('',(0.,0.,1.));
#7636=DIRECTION('',(1.,0.,0.));
#7637=DIRECTION('',(0.,0.,1.));
#7638=DIRECTION('',(0.,0.,1.));
#7639=DIRECTION('',(1.,0.,0.));
#7640=DIRECTION('',(0.,0.,1.));
#7641=DIRECTION('',(-0.911928125714059,-0.410349964702866,0.));
#7642=DIRECTION('',(0.,0.,1.));
#7643=DIRECTION('',(1.,0.,0.));
#7644=DIRECTION('',(0.,0.,1.));
#7645=DIRECTION('',(0.,0.,1.));
#7646=DIRECTION('',(1.,0.,0.));
#7647=DIRECTION('',(-1.,0.,0.));
#7648=DIRECTION('',(0.,0.,1.));
#7649=DIRECTION('',(0.,-1.,0.));
#7650=DIRECTION('',(0.,0.,1.));
#7651=DIRECTION('',(0.,-1.,0.));
#7652=DIRECTION('',(0.,0.,1.));
#7653=DIRECTION('',(-0.924160355699127,0.382004760381417,0.));
#7654=DIRECTION('',(0.,0.,1.));
#7655=DIRECTION('',(1.,0.,0.));
#7656=DIRECTION('',(0.,0.,1.));
#7657=DIRECTION('',(0.,0.,1.));
#7658=DIRECTION('',(1.,0.,0.));
#7659=DIRECTION('',(0.,0.,1.));
#7660=DIRECTION('',(-0.382004760381781,0.924160355698976,0.));
#7661=DIRECTION('',(0.,0.,1.));
#7662=DIRECTION('',(1.,0.,0.));
#7663=DIRECTION('',(0.,0.,1.));
#7664=DIRECTION('',(0.,0.,1.));
#7665=DIRECTION('',(1.,0.,0.));
#7666=DIRECTION('',(0.,1.,0.));
#7667=DIRECTION('',(0.,0.,1.));
#7668=DIRECTION('',(-1.,0.,0.));
#7669=DIRECTION('',(0.,0.,1.));
#7670=DIRECTION('',(-1.,0.,0.));
#7671=DIRECTION('',(0.,0.,1.));
#7672=DIRECTION('',(0.360489717502169,0.932763187296329,0.));
#7673=DIRECTION('',(0.,0.,1.));
#7674=DIRECTION('',(1.,0.,0.));
#7675=DIRECTION('',(0.,0.,1.));
#7676=DIRECTION('',(0.,0.,1.));
#7677=DIRECTION('',(1.,0.,0.));
#7678=DIRECTION('',(0.,0.,1.));
#7679=DIRECTION('',(0.907948943518897,0.419080798847811,0.));
#7680=DIRECTION('',(0.,0.,1.));
#7681=DIRECTION('',(1.,0.,0.));
#7682=DIRECTION('',(0.,0.,1.));
#7683=DIRECTION('',(0.,0.,1.));
#7684=DIRECTION('',(1.,0.,0.));
#7685=DIRECTION('',(1.,0.,0.));
#7686=DIRECTION('',(0.,0.,-1.));
#7687=DIRECTION('',(0.,1.,0.));
#7688=DIRECTION('',(0.,0.,1.));
#7689=DIRECTION('',(0.,1.,0.));
#7690=DIRECTION('',(0.,0.,1.));
#7691=DIRECTION('',(0.89415262950287,-0.447762297601197,0.));
#7692=DIRECTION('',(0.,0.,1.));
#7693=DIRECTION('',(1.,0.,0.));
#7694=DIRECTION('',(0.,0.,1.));
#7695=DIRECTION('',(0.,0.,1.));
#7696=DIRECTION('',(1.,0.,0.));
#7697=DIRECTION('',(1.,0.,0.));
#7698=DIRECTION('',(0.,0.,-1.));
#7699=DIRECTION('',(0.,0.,1.));
#7700=DIRECTION('',(0.,1.,0.));
#7701=DIRECTION('',(0.,0.,1.));
#7702=DIRECTION('',(0.,1.,0.));
#7703=DIRECTION('',(0.,0.,1.));
#7704=DIRECTION('',(0.,0.,1.));
#7705=DIRECTION('',(-1.,0.,0.));
#7706=DIRECTION('',(-1.,0.,0.));
#7707=DIRECTION('',(0.,0.,1.));
#7708=DIRECTION('',(0.,0.,1.));
#7709=DIRECTION('',(0.,-1.,0.));
#7710=DIRECTION('',(-0.00244156928341762,0.999997019365275,0.));
#7711=DIRECTION('',(-0.999997019365275,-0.00244156928341762,0.));
#7712=DIRECTION('',(0.,0.,1.));
#7713=DIRECTION('',(-0.999997019365275,-0.00244156928341762,0.));
#7714=DIRECTION('',(0.,0.,1.));
#7715=DIRECTION('',(0.256888867049089,-0.966440950077259,0.));
#7716=DIRECTION('',(0.,0.,1.));
#7717=DIRECTION('',(0.,0.,1.));
#7718=DIRECTION('',(1.,0.,0.));
#7719=DIRECTION('',(0.,0.,1.));
#7720=DIRECTION('',(0.703624926481738,-0.710571574743578,0.));
#7721=DIRECTION('',(0.,0.,1.));
#7722=DIRECTION('',(0.,0.,1.));
#7723=DIRECTION('',(1.,0.,0.));
#7724=DIRECTION('',(0.,0.,1.));
#7725=DIRECTION('',(0.964793297795452,-0.263009301221415,0.));
#7726=DIRECTION('',(0.,0.,1.));
#7727=DIRECTION('',(0.,0.,1.));
#7728=DIRECTION('',(1.,0.,0.));
#7729=DIRECTION('',(-1.,0.,0.));
#7730=DIRECTION('',(0.,0.,1.));
#7731=DIRECTION('',(0.,0.,1.));
#7732=DIRECTION('',(0.,-1.,0.));
#7733=DIRECTION('',(0.,0.,1.));
#7734=DIRECTION('',(0.964199370358902,0.265178381847949,0.));
#7735=DIRECTION('',(0.,0.,1.));
#7736=DIRECTION('',(0.,0.,1.));
#7737=DIRECTION('',(1.,0.,0.));
#7738=DIRECTION('',(0.,0.,1.));
#7739=DIRECTION('',(0.704747044237813,0.709458669436117,0.));
#7740=DIRECTION('',(0.,0.,1.));
#7741=DIRECTION('',(0.,0.,1.));
#7742=DIRECTION('',(1.,0.,0.));
#7743=DIRECTION('',(0.,0.,1.));
#7744=DIRECTION('',(0.263611552147007,0.964628918068832,0.));
#7745=DIRECTION('',(0.,0.,1.));
#7746=DIRECTION('',(0.,0.,1.));
#7747=DIRECTION('',(1.,0.,0.));
#7748=DIRECTION('',(0.,-1.,0.));
#7749=DIRECTION('',(0.,0.,-1.));
#7750=DIRECTION('',(1.,0.,0.));
#7751=DIRECTION('',(0.,0.,1.));
#7752=DIRECTION('',(0.314102252910306,-0.949389158731376,0.));
#7753=DIRECTION('',(0.,0.,1.));
#7754=DIRECTION('',(1.,0.,0.));
#7755=DIRECTION('',(0.,0.,1.));
#7756=DIRECTION('',(1.,0.,0.));
#7757=DIRECTION('',(0.,0.,1.));
#7758=DIRECTION('',(1.,0.,0.));
#7759=DIRECTION('',(0.,0.,1.));
#7760=DIRECTION('',(1.,0.,0.));
#7761=DIRECTION('',(0.,0.,1.));
#7762=DIRECTION('',(1.,0.,0.));
#7763=DIRECTION('',(0.,0.,1.));
#7764=DIRECTION('',(1.,0.,0.));
#7765=DIRECTION('',(0.,0.,1.));
#7766=DIRECTION('',(1.,0.,0.));
#7767=CARTESIAN_POINT('',(0.,0.,0.));
#7768=CARTESIAN_POINT('',(-0.00111810552581439,-0.000577877840919408,0.002));
#7769=CARTESIAN_POINT('',(-0.023137134166009,0.0155093081753658,0.002));
#7770=CARTESIAN_POINT('',(-0.02218420417597,0.0155093081753658,0.002));
#7771=CARTESIAN_POINT('',(-0.024090064156048,0.0155093081753658,0.002));
#7772=CARTESIAN_POINT('',(-0.024090064156048,0.0197022001315373,0.002));
#7773=CARTESIAN_POINT('',(-0.0240897185743304,0.0238950959581514,0.002));
#7774=CARTESIAN_POINT('',(-0.0221826656901608,0.0239164545498941,0.002));
#7775=CARTESIAN_POINT('',(-0.0238160753879886,0.0248999274681493,0.002));
#7776=CARTESIAN_POINT('',(-0.0220079752270535,0.0238185689739088,0.002));
#7777=CARTESIAN_POINT('',(-0.023086385872257,0.0256284076601274,0.002));
#7778=CARTESIAN_POINT('',(-0.0221022281928654,0.0239934280458385,0.002));
#7779=CARTESIAN_POINT('',(-0.0220827118052202,0.0259021413417257,0.002));
#7780=CARTESIAN_POINT('',(-0.0189002608256819,0.0259024475696844,0.002));
#7781=CARTESIAN_POINT('',(-0.0157178110556006,0.0259022152436212,0.002));
#7782=CARTESIAN_POINT('',(-0.0157017318138533,0.0239582879561688,0.002));
#7783=CARTESIAN_POINT('',(-0.0147074375276434,0.0256282907908343,0.002));
#7784=CARTESIAN_POINT('',(-0.0157616822300469,0.0238253806717431,0.002));
#7785=CARTESIAN_POINT('',(-0.013970862331599,0.024899958064649,0.002));
#7786=CARTESIAN_POINT('',(-0.0156043232276117,0.0239164545498954,0.002));
#7787=CARTESIAN_POINT('',(-0.0136972703434469,0.0238950959581514,0.002));
#7788=CARTESIAN_POINT('',(-0.0136969247617294,0.0197022001315373,0.002));
#7789=CARTESIAN_POINT('',(-0.0136969247617294,0.0155093081753658,0.002));
#7790=CARTESIAN_POINT('',(-0.0146566211185615,0.0155093081753658,0.002));
#7791=CARTESIAN_POINT('',(-0.0156163174753937,0.0155093081753658,0.002));
#7792=CARTESIAN_POINT('',(-0.0156163174753937,0.0172561585358041,0.002));
#7793=CARTESIAN_POINT('',(-0.0156163174753937,0.0190030088962424,0.002));
#7794=CARTESIAN_POINT('',(-0.0189002608256819,0.0190030088962424,0.002));
#7795=CARTESIAN_POINT('',(-0.02218420417597,0.0190030088962424,0.002));
#7796=CARTESIAN_POINT('',(-0.02218420417597,0.0172561585358041,0.002));
#7797=CARTESIAN_POINT('',(0.0129794763203677,0.0155093081753658,0.002));
#7798=CARTESIAN_POINT('',(0.0139324063104067,0.0155093081753658,0.002));
#7799=CARTESIAN_POINT('',(0.0120265463303287,0.0155093081753658,0.002));
#7800=CARTESIAN_POINT('',(0.0120265463303287,0.0197022001315373,0.002));
#7801=CARTESIAN_POINT('',(0.0120268919120462,0.0238950959581514,0.002));
#7802=CARTESIAN_POINT('',(0.0139339447962159,0.0239164545498941,0.002));
#7803=CARTESIAN_POINT('',(0.0123005350983881,0.0248999274681493,0.002));
#7804=CARTESIAN_POINT('',(0.0141086352593237,0.0238185689739082,0.002));
#7805=CARTESIAN_POINT('',(0.0130302246141197,0.0256284076601274,0.002));
#7806=CARTESIAN_POINT('',(0.0140143822935113,0.0239934280458384,0.002));
#7807=CARTESIAN_POINT('',(0.0140338986811564,0.0259021413417257,0.002));
#7808=CARTESIAN_POINT('',(0.0172163496606949,0.0259024475696844,0.002));
#7809=CARTESIAN_POINT('',(0.020398799430776,0.0259022152436212,0.002));
#7810=CARTESIAN_POINT('',(0.020414878672524,0.0239582879561708,0.002));
#7811=CARTESIAN_POINT('',(0.0214091729587333,0.0256282907908343,0.002));
#7812=CARTESIAN_POINT('',(0.0203549282563298,0.0238253806717432,0.002));
#7813=CARTESIAN_POINT('',(0.0221457481547777,0.024899958064649,0.002));
#7814=CARTESIAN_POINT('',(0.0205122872587601,0.0239164545498941,0.002));
#7815=CARTESIAN_POINT('',(0.0224193401429298,0.0238950959581514,0.002));
#7816=CARTESIAN_POINT('',(0.0224196857246473,0.0197022001315373,0.002));
#7817=CARTESIAN_POINT('',(0.0224196857246473,0.0155093081753658,0.002));
#7818=CARTESIAN_POINT('',(0.0214599893678152,0.0155093081753658,0.002));
#7819=CARTESIAN_POINT('',(0.020500293010983,0.0155093081753658,0.002));
#7820=CARTESIAN_POINT('',(0.020500293010983,0.0172561585358041,0.002));
#7821=CARTESIAN_POINT('',(0.020500293010983,0.0190030088962424,0.002));
#7822=CARTESIAN_POINT('',(0.0172163496606949,0.0190030088962424,0.002));
#7823=CARTESIAN_POINT('',(0.0139324063104067,0.0190030088962424,0.002));
#7824=CARTESIAN_POINT('',(0.0139324063104067,0.0172561585358041,0.002));
#7825=CARTESIAN_POINT('',(-0.0602051055258144,0.0118221221590806,0.002));
#7826=CARTESIAN_POINT('',(-0.0692051055258144,0.0118221221590806,0.002));
#7827=CARTESIAN_POINT('',(-0.0512051055258144,0.0118221221590806,0.002));
#7828=CARTESIAN_POINT('',(-0.0512051055258144,0.0033221221590806,0.002));
#7829=CARTESIAN_POINT('',(-0.0512051055258144,-0.00517787784091941,0.002));
#7830=CARTESIAN_POINT('',(-0.0602051055258144,-0.00517787784091941,0.002));
#7831=CARTESIAN_POINT('',(-0.0692051055258144,-0.00517787784091941,0.002));
#7832=CARTESIAN_POINT('',(-0.0692051055258144,0.00332212215908058,0.002));
#7833=CARTESIAN_POINT('',(-0.0379551055258144,0.0118221221590806,0.002));
#7834=CARTESIAN_POINT('',(-0.0469551055258144,0.0118221221590806,0.002));
#7835=CARTESIAN_POINT('',(-0.0289551055258144,0.0118221221590806,0.002));
#7836=CARTESIAN_POINT('',(-0.0289551055258144,0.0033221221590806,0.002));
#7837=CARTESIAN_POINT('',(-0.0289551055258144,-0.0051778778409194,0.002));
#7838=CARTESIAN_POINT('',(-0.0379551055258144,-0.0051778778409194,0.002));
#7839=CARTESIAN_POINT('',(-0.0469551055258144,-0.0051778778409194,0.002));
#7840=CARTESIAN_POINT('',(-0.0469551055258144,0.00332212215908059,0.002));
#7841=CARTESIAN_POINT('',(-0.0157051055258144,0.0118221221590806,0.002));
#7842=CARTESIAN_POINT('',(-0.0247051055258144,0.0118221221590806,0.002));
#7843=CARTESIAN_POINT('',(-0.00670510552581441,0.0118221221590806,0.002));
#7844=CARTESIAN_POINT('',(-0.00670510552581441,0.0033221221590806,0.002));
#7845=CARTESIAN_POINT('',(-0.00670510552581441,-0.0051778778409194,0.002));
#7846=CARTESIAN_POINT('',(-0.0157051055258144,-0.0051778778409194,0.002));
#7847=CARTESIAN_POINT('',(-0.0247051055258144,-0.0051778778409194,0.002));
#7848=CARTESIAN_POINT('',(-0.0247051055258144,0.00332212215908059,0.002));
#7849=CARTESIAN_POINT('',(0.00654489447418558,0.0118221221590806,0.002));
#7850=CARTESIAN_POINT('',(-0.00245510552581442,0.0118221221590806,0.002));
#7851=CARTESIAN_POINT('',(0.0155448944741856,0.0118221221590806,0.002));
#7852=CARTESIAN_POINT('',(0.0155448944741856,0.0033221221590806,0.002));
#7853=CARTESIAN_POINT('',(0.0155448944741856,-0.00517787784091939,0.002));
#7854=CARTESIAN_POINT('',(0.00654489447418558,-0.00517787784091939,0.002));
#7855=CARTESIAN_POINT('',(-0.00245510552581442,-0.00517787784091939,0.002));
#7856=CARTESIAN_POINT('',(-0.00245510552581442,0.00332212215908059,0.002));
#7857=CARTESIAN_POINT('',(0.0287948944741856,0.0118221221590806,0.002));
#7858=CARTESIAN_POINT('',(0.0197948944741856,0.0118221221590806,0.002));
#7859=CARTESIAN_POINT('',(0.0377948944741856,0.0118221221590806,0.002));
#7860=CARTESIAN_POINT('',(0.0377948944741856,0.0033221221590806,0.002));
#7861=CARTESIAN_POINT('',(0.0377948944741856,-0.00517787784091938,0.002));
#7862=CARTESIAN_POINT('',(0.0287948944741856,-0.00517787784091939,0.002));
#7863=CARTESIAN_POINT('',(0.0197948944741856,-0.00517787784091939,0.002));
#7864=CARTESIAN_POINT('',(0.0197948944741856,0.00332212215908059,0.002));
#7865=CARTESIAN_POINT('',(0.0510448944741856,0.0118221221590806,0.002));
#7866=CARTESIAN_POINT('',(0.0420448944741855,0.0118221221590806,0.002));
#7867=CARTESIAN_POINT('',(0.0600448944741856,0.0118221221590806,0.002));
#7868=CARTESIAN_POINT('',(0.0600448944741856,0.0033221221590806,0.002));
#7869=CARTESIAN_POINT('',(0.0600448944741856,-0.00517787784091938,0.002));
#7870=CARTESIAN_POINT('',(0.0510448944741856,-0.00517787784091938,0.002));
#7871=CARTESIAN_POINT('',(0.0420448944741855,-0.00517787784091938,0.002));
#7872=CARTESIAN_POINT('',(0.0420448944741855,0.0033221221590806,0.002));
#7873=CARTESIAN_POINT('',(0.0732948944741856,0.0118221221590806,0.002));
#7874=CARTESIAN_POINT('',(0.0642948944741855,0.0118221221590806,0.002));
#7875=CARTESIAN_POINT('',(0.0822948944741856,0.0118221221590806,0.002));
#7876=CARTESIAN_POINT('',(0.0822948944741856,0.0033221221590806,0.002));
#7877=CARTESIAN_POINT('',(0.0822948944741856,-0.00517787784091937,0.002));
#7878=CARTESIAN_POINT('',(0.0732948944741856,-0.00517787784091938,0.002));
#7879=CARTESIAN_POINT('',(0.0642948944741855,-0.00517787784091938,0.002));
#7880=CARTESIAN_POINT('',(0.0642948944741855,0.0033221221590806,0.002));
#7881=CARTESIAN_POINT('',(0.0643170997481496,-0.0189278667605977,0.002));
#7882=CARTESIAN_POINT('',(0.0643170997481496,-0.0104278667605977,0.002));
#7883=CARTESIAN_POINT('',(0.0643170997481496,-0.0274278667605977,0.002));
#7884=CARTESIAN_POINT('',(0.0733170997481496,-0.0104278667605977,0.002));
#7885=CARTESIAN_POINT('',(0.0823170997481496,-0.0104278667605977,0.002));
#7886=CARTESIAN_POINT('',(0.0823170997481496,-0.0189278667605977,0.002));
#7887=CARTESIAN_POINT('',(0.0823170997481496,-0.0274278667605978,0.002));
#7888=CARTESIAN_POINT('',(0.0733170997481496,-0.0274278667605977,0.002));
#7889=CARTESIAN_POINT('',(-0.0691829002518503,-0.0189278667605977,0.002));
#7890=CARTESIAN_POINT('',(-0.0691829002518503,-0.0104278667605977,0.002));
#7891=CARTESIAN_POINT('',(-0.0691829002518503,-0.0274278667605978,0.002));
#7892=CARTESIAN_POINT('',(-0.0601829002518503,-0.0104278667605977,0.002));
#7893=CARTESIAN_POINT('',(-0.0511829002518503,-0.0104278667605977,0.002));
#7894=CARTESIAN_POINT('',(-0.0511829002518503,-0.0189278667605977,0.002));
#7895=CARTESIAN_POINT('',(-0.0511829002518503,-0.0274278667605978,0.002));
#7896=CARTESIAN_POINT('',(-0.0601829002518503,-0.0274278667605978,0.002));
#7897=CARTESIAN_POINT('',(0.0510670997481496,-0.0104278667605977,0.002));
#7898=CARTESIAN_POINT('',(0.0420670997481496,-0.0104278667605977,0.002));
#7899=CARTESIAN_POINT('',(0.0600670997481496,-0.0104278667605977,0.002));
#7900=CARTESIAN_POINT('',(0.0600670997481496,-0.0189278667605977,0.002));
#7901=CARTESIAN_POINT('',(0.0600670997481496,-0.0274278667605977,0.002));
#7902=CARTESIAN_POINT('',(0.0510670997481496,-0.0274278667605977,0.002));
#7903=CARTESIAN_POINT('',(0.0420670997481496,-0.0274278667605978,0.002));
#7904=CARTESIAN_POINT('',(0.0420670997481496,-0.0189278667605977,0.002));
#7905=CARTESIAN_POINT('',(0.0643393050221137,-0.0411778556802761,0.002));
#7906=CARTESIAN_POINT('',(0.0643393050221137,-0.032677855680276,0.002));
#7907=CARTESIAN_POINT('',(0.0643393050221137,-0.049677855680276,0.002));
#7908=CARTESIAN_POINT('',(0.0733393050221137,-0.032677855680276,0.002));
#7909=CARTESIAN_POINT('',(0.0823393050221137,-0.032677855680276,0.002));
#7910=CARTESIAN_POINT('',(0.0823393050221137,-0.0411778556802761,0.002));
#7911=CARTESIAN_POINT('',(0.0823393050221137,-0.0496778556802761,0.002));
#7912=CARTESIAN_POINT('',(0.0733393050221137,-0.049677855680276,0.002));
#7913=CARTESIAN_POINT('',(-0.0691606949778863,-0.0411778556802761,0.002));
#7914=CARTESIAN_POINT('',(-0.0691606949778863,-0.032677855680276,0.002));
#7915=CARTESIAN_POINT('',(-0.0691606949778863,-0.0496778556802761,0.002));
#7916=CARTESIAN_POINT('',(-0.0601606949778863,-0.032677855680276,0.002));
#7917=CARTESIAN_POINT('',(-0.0511606949778863,-0.032677855680276,0.002));
#7918=CARTESIAN_POINT('',(-0.0511606949778863,-0.0411778556802761,0.002));
#7919=CARTESIAN_POINT('',(-0.0511606949778863,-0.0496778556802761,0.002));
#7920=CARTESIAN_POINT('',(-0.0601606949778863,-0.0496778556802761,0.002));
#7921=CARTESIAN_POINT('',(0.0510893050221137,-0.032677855680276,0.002));
#7922=CARTESIAN_POINT('',(0.0420893050221137,-0.032677855680276,0.002));
#7923=CARTESIAN_POINT('',(0.0600893050221137,-0.032677855680276,0.002));
#7924=CARTESIAN_POINT('',(0.0600893050221137,-0.0411778556802761,0.002));
#7925=CARTESIAN_POINT('',(0.0600893050221137,-0.049677855680276,0.002));
#7926=CARTESIAN_POINT('',(0.0510893050221137,-0.049677855680276,0.002));
#7927=CARTESIAN_POINT('',(0.0420893050221137,-0.0496778556802761,0.002));
#7928=CARTESIAN_POINT('',(0.0420893050221137,-0.0411778556802761,0.002));
#7929=CARTESIAN_POINT('',(0.0643615102960777,-0.0634278445999544,0.002));
#7930=CARTESIAN_POINT('',(0.0643615102960777,-0.0549278445999544,0.002));
#7931=CARTESIAN_POINT('',(0.0643615102960777,-0.0719278445999543,0.002));
#7932=CARTESIAN_POINT('',(0.0733615102960777,-0.0549278445999543,0.002));
#7933=CARTESIAN_POINT('',(0.0823615102960778,-0.0549278445999544,0.002));
#7934=CARTESIAN_POINT('',(0.0823615102960778,-0.0634278445999544,0.002));
#7935=CARTESIAN_POINT('',(0.0823615102960778,-0.0719278445999544,0.002));
#7936=CARTESIAN_POINT('',(0.0733615102960777,-0.0719278445999543,0.002));
#7937=CARTESIAN_POINT('',(-0.0691384897039222,-0.0634278445999544,0.002));
#7938=CARTESIAN_POINT('',(-0.0691384897039222,-0.0549278445999544,0.002));
#7939=CARTESIAN_POINT('',(-0.0691384897039222,-0.0719278445999544,0.002));
#7940=CARTESIAN_POINT('',(-0.0601384897039222,-0.0549278445999544,0.002));
#7941=CARTESIAN_POINT('',(-0.0511384897039222,-0.0549278445999544,0.002));
#7942=CARTESIAN_POINT('',(-0.0511384897039222,-0.0634278445999544,0.002));
#7943=CARTESIAN_POINT('',(-0.0511384897039222,-0.0719278445999544,0.002));
#7944=CARTESIAN_POINT('',(-0.0601384897039222,-0.0719278445999544,0.002));
#7945=CARTESIAN_POINT('',(0.0511115102960777,-0.0549278445999543,0.002));
#7946=CARTESIAN_POINT('',(0.0421115102960778,-0.0549278445999544,0.002));
#7947=CARTESIAN_POINT('',(0.0601115102960778,-0.0549278445999543,0.002));
#7948=CARTESIAN_POINT('',(0.0601115102960778,-0.0634278445999544,0.002));
#7949=CARTESIAN_POINT('',(0.0601115102960778,-0.0719278445999543,0.002));
#7950=CARTESIAN_POINT('',(0.0511115102960777,-0.0719278445999543,0.002));
#7951=CARTESIAN_POINT('',(0.0421115102960778,-0.0719278445999544,0.002));
#7952=CARTESIAN_POINT('',(0.0421115102960778,-0.0634278445999544,0.002));
#7953=CARTESIAN_POINT('',(-0.0578181055258144,0.0751421221590806,0.002));
#7954=CARTESIAN_POINT('',(-0.0552681055258144,0.0751421221590806,0.002));
#7955=CARTESIAN_POINT('',(-0.0913884897039222,-0.0634278445999544,0.002));
#7956=CARTESIAN_POINT('',(-0.0913884897039222,-0.0549278445999544,0.002));
#7957=CARTESIAN_POINT('',(-0.0913884897039222,-0.0719278445999544,0.002));
#7958=CARTESIAN_POINT('',(-0.0823884897039222,-0.0549278445999544,0.002));
#7959=CARTESIAN_POINT('',(-0.0733884897039222,-0.0549278445999544,0.002));
#7960=CARTESIAN_POINT('',(-0.0733884897039222,-0.0634278445999544,0.002));
#7961=CARTESIAN_POINT('',(-0.0733884897039222,-0.0719278445999544,0.002));
#7962=CARTESIAN_POINT('',(-0.0823884897039222,-0.0719278445999544,0.002));
#7963=CARTESIAN_POINT('',(-0.0468884897039222,-0.0634278445999544,0.002));
#7964=CARTESIAN_POINT('',(-0.0468884897039222,-0.0549278445999544,0.002));
#7965=CARTESIAN_POINT('',(-0.0468884897039222,-0.0719278445999544,0.002));
#7966=CARTESIAN_POINT('',(-0.0378884897039222,-0.0549278445999544,0.002));
#7967=CARTESIAN_POINT('',(-0.0288884897039222,-0.0549278445999544,0.002));
#7968=CARTESIAN_POINT('',(-0.0288884897039222,-0.0634278445999544,0.002));
#7969=CARTESIAN_POINT('',(-0.0288884897039222,-0.0719278445999544,0.002));
#7970=CARTESIAN_POINT('',(-0.0378884897039222,-0.0719278445999544,0.002));
#7971=CARTESIAN_POINT('',(-0.0156384897039222,-0.0719278445999544,0.002));
#7972=CARTESIAN_POINT('',(-0.0246384897039222,-0.0719278445999544,0.002));
#7973=CARTESIAN_POINT('',(-0.00663848970392221,-0.0719278445999544,0.002));
#7974=CARTESIAN_POINT('',(-0.0246384897039222,-0.0634278445999544,0.002));
#7975=CARTESIAN_POINT('',(-0.0246384897039222,-0.0549278445999544,0.002));
#7976=CARTESIAN_POINT('',(-0.0156384897039222,-0.0549278445999544,0.002));
#7977=CARTESIAN_POINT('',(-0.00663848970392222,-0.0549278445999544,0.002));
#7978=CARTESIAN_POINT('',(-0.00663848970392222,-0.0634278445999544,0.002));
#7979=CARTESIAN_POINT('',(0.0288615102960777,-0.0719278445999544,0.002));
#7980=CARTESIAN_POINT('',(0.0198615102960777,-0.0719278445999544,0.002));
#7981=CARTESIAN_POINT('',(0.0378615102960777,-0.0719278445999544,0.002));
#7982=CARTESIAN_POINT('',(0.0198615102960777,-0.0634278445999544,0.002));
#7983=CARTESIAN_POINT('',(0.0198615102960777,-0.0549278445999544,0.002));
#7984=CARTESIAN_POINT('',(0.0288615102960777,-0.0549278445999544,0.002));
#7985=CARTESIAN_POINT('',(0.0378615102960777,-0.0549278445999544,0.002));
#7986=CARTESIAN_POINT('',(0.0378615102960777,-0.0634278445999544,0.002));
#7987=CARTESIAN_POINT('',(-0.00238848970392222,-0.0634278445999544,0.002));
#7988=CARTESIAN_POINT('',(-0.00238848970392222,-0.0549278445999544,0.002));
#7989=CARTESIAN_POINT('',(-0.00238848970392222,-0.0719278445999544,0.002));
#7990=CARTESIAN_POINT('',(0.00661151029607778,-0.0549278445999544,0.002));
#7991=CARTESIAN_POINT('',(0.0156115102960778,-0.0549278445999544,0.002));
#7992=CARTESIAN_POINT('',(0.0156115102960778,-0.0634278445999544,0.002));
#7993=CARTESIAN_POINT('',(0.0156115102960778,-0.0719278445999544,0.002));
#7994=CARTESIAN_POINT('',(0.00661151029607778,-0.0719278445999544,0.002));
#7995=CARTESIAN_POINT('',(-0.0914106949778862,-0.0411778556802761,0.002));
#7996=CARTESIAN_POINT('',(-0.0914106949778862,-0.032677855680276,0.002));
#7997=CARTESIAN_POINT('',(-0.0914106949778862,-0.0496778556802761,0.002));
#7998=CARTESIAN_POINT('',(-0.0824106949778863,-0.032677855680276,0.002));
#7999=CARTESIAN_POINT('',(-0.0734106949778862,-0.032677855680276,0.002));
#8000=CARTESIAN_POINT('',(-0.0734106949778862,-0.0411778556802761,0.002));
#8001=CARTESIAN_POINT('',(-0.0734106949778862,-0.0496778556802761,0.002));
#8002=CARTESIAN_POINT('',(-0.0824106949778863,-0.0496778556802761,0.002));
#8003=CARTESIAN_POINT('',(-0.0469106949778863,-0.0411778556802761,0.002));
#8004=CARTESIAN_POINT('',(-0.0469106949778863,-0.032677855680276,0.002));
#8005=CARTESIAN_POINT('',(-0.0469106949778863,-0.049677855680276,0.002));
#8006=CARTESIAN_POINT('',(-0.0379106949778863,-0.032677855680276,0.002));
#8007=CARTESIAN_POINT('',(-0.0289106949778862,-0.032677855680276,0.002));
#8008=CARTESIAN_POINT('',(-0.0289106949778862,-0.0411778556802761,0.002));
#8009=CARTESIAN_POINT('',(-0.0289106949778862,-0.0496778556802761,0.002));
#8010=CARTESIAN_POINT('',(-0.0379106949778863,-0.049677855680276,0.002));
#8011=CARTESIAN_POINT('',(-0.0156606949778863,-0.049677855680276,0.002));
#8012=CARTESIAN_POINT('',(-0.0246606949778863,-0.0496778556802761,0.002));
#8013=CARTESIAN_POINT('',(-0.00666069497788628,-0.0496778556802761,0.002));
#8014=CARTESIAN_POINT('',(-0.0246606949778863,-0.0411778556802761,0.002));
#8015=CARTESIAN_POINT('',(-0.0246606949778863,-0.032677855680276,0.002));
#8016=CARTESIAN_POINT('',(-0.0156606949778863,-0.032677855680276,0.002));
#8017=CARTESIAN_POINT('',(-0.00666069497788628,-0.032677855680276,0.002));
#8018=CARTESIAN_POINT('',(-0.00666069497788628,-0.0411778556802761,0.002));
#8019=CARTESIAN_POINT('',(0.0288393050221137,-0.049677855680276,0.002));
#8020=CARTESIAN_POINT('',(0.0198393050221137,-0.0496778556802761,0.002));
#8021=CARTESIAN_POINT('',(0.0378393050221137,-0.0496778556802761,0.002));
#8022=CARTESIAN_POINT('',(0.0198393050221137,-0.0411778556802761,0.002));
#8023=CARTESIAN_POINT('',(0.0198393050221137,-0.032677855680276,0.002));
#8024=CARTESIAN_POINT('',(0.0288393050221137,-0.032677855680276,0.002));
#8025=CARTESIAN_POINT('',(0.0378393050221137,-0.032677855680276,0.002));
#8026=CARTESIAN_POINT('',(0.0378393050221137,-0.0411778556802761,0.002));
#8027=CARTESIAN_POINT('',(-0.00241069497788629,-0.0411778556802761,0.002));
#8028=CARTESIAN_POINT('',(-0.00241069497788629,-0.032677855680276,0.002));
#8029=CARTESIAN_POINT('',(-0.00241069497788629,-0.049677855680276,0.002));
#8030=CARTESIAN_POINT('',(0.00658930502211371,-0.032677855680276,0.002));
#8031=CARTESIAN_POINT('',(0.0155893050221137,-0.032677855680276,0.002));
#8032=CARTESIAN_POINT('',(0.0155893050221137,-0.0411778556802761,0.002));
#8033=CARTESIAN_POINT('',(0.0155893050221137,-0.0496778556802761,0.002));
#8034=CARTESIAN_POINT('',(0.00658930502211371,-0.049677855680276,0.002));
#8035=CARTESIAN_POINT('',(-0.0914329002518503,-0.0189278667605977,0.002));
#8036=CARTESIAN_POINT('',(-0.0914329002518503,-0.0104278667605977,0.002));
#8037=CARTESIAN_POINT('',(-0.0914329002518503,-0.0274278667605978,0.002));
#8038=CARTESIAN_POINT('',(-0.0824329002518503,-0.0104278667605977,0.002));
#8039=CARTESIAN_POINT('',(-0.0734329002518503,-0.0104278667605977,0.002));
#8040=CARTESIAN_POINT('',(-0.0734329002518503,-0.0189278667605977,0.002));
#8041=CARTESIAN_POINT('',(-0.0734329002518503,-0.0274278667605978,0.002));
#8042=CARTESIAN_POINT('',(-0.0824329002518503,-0.0274278667605978,0.002));
#8043=CARTESIAN_POINT('',(-0.0469329002518503,-0.0189278667605977,0.002));
#8044=CARTESIAN_POINT('',(-0.0469329002518503,-0.0104278667605977,0.002));
#8045=CARTESIAN_POINT('',(-0.0469329002518503,-0.0274278667605978,0.002));
#8046=CARTESIAN_POINT('',(-0.0379329002518504,-0.0104278667605977,0.002));
#8047=CARTESIAN_POINT('',(-0.0289329002518504,-0.0104278667605977,0.002));
#8048=CARTESIAN_POINT('',(-0.0289329002518504,-0.0189278667605977,0.002));
#8049=CARTESIAN_POINT('',(-0.0289329002518504,-0.0274278667605978,0.002));
#8050=CARTESIAN_POINT('',(-0.0379329002518504,-0.0274278667605978,0.002));
#8051=CARTESIAN_POINT('',(-0.0156829002518503,-0.0274278667605978,0.002));
#8052=CARTESIAN_POINT('',(-0.0246829002518504,-0.0274278667605978,0.002));
#8053=CARTESIAN_POINT('',(-0.00668290025185034,-0.0274278667605978,0.002));
#8054=CARTESIAN_POINT('',(-0.0246829002518504,-0.0189278667605977,0.002));
#8055=CARTESIAN_POINT('',(-0.0246829002518504,-0.0104278667605977,0.002));
#8056=CARTESIAN_POINT('',(-0.0156829002518503,-0.0104278667605977,0.002));
#8057=CARTESIAN_POINT('',(-0.00668290025185035,-0.0104278667605977,0.002));
#8058=CARTESIAN_POINT('',(-0.00668290025185034,-0.0189278667605977,0.002));
#8059=CARTESIAN_POINT('',(0.0288170997481497,-0.0274278667605977,0.002));
#8060=CARTESIAN_POINT('',(0.0198170997481497,-0.0274278667605978,0.002));
#8061=CARTESIAN_POINT('',(0.0378170997481497,-0.0274278667605978,0.002));
#8062=CARTESIAN_POINT('',(0.0198170997481497,-0.0189278667605977,0.002));
#8063=CARTESIAN_POINT('',(0.0198170997481497,-0.0104278667605977,0.002));
#8064=CARTESIAN_POINT('',(0.0288170997481497,-0.0104278667605977,0.002));
#8065=CARTESIAN_POINT('',(0.0378170997481497,-0.0104278667605977,0.002));
#8066=CARTESIAN_POINT('',(0.0378170997481497,-0.0189278667605977,0.002));
#8067=CARTESIAN_POINT('',(-0.00243290025185035,-0.0189278667605977,0.002));
#8068=CARTESIAN_POINT('',(-0.00243290025185035,-0.0104278667605977,0.002));
#8069=CARTESIAN_POINT('',(-0.00243290025185035,-0.0274278667605977,0.002));
#8070=CARTESIAN_POINT('',(0.00656709974814965,-0.0104278667605977,0.002));
#8071=CARTESIAN_POINT('',(0.0155670997481496,-0.0104278667605977,0.002));
#8072=CARTESIAN_POINT('',(0.0155670997481496,-0.0189278667605977,0.002));
#8073=CARTESIAN_POINT('',(0.0155670997481496,-0.0274278667605978,0.002));
#8074=CARTESIAN_POINT('',(0.00656709974814965,-0.0274278667605977,0.002));
#8075=CARTESIAN_POINT('',(-0.0914551055258144,0.00332212215908058,0.002));
#8076=CARTESIAN_POINT('',(-0.0914551055258144,0.0118221221590806,0.002));
#8077=CARTESIAN_POINT('',(-0.0914551055258144,-0.00517787784091942,0.002));
#8078=CARTESIAN_POINT('',(-0.0824551055258144,0.0118221221590806,0.002));
#8079=CARTESIAN_POINT('',(-0.0734551055258144,0.0118221221590806,0.002));
#8080=CARTESIAN_POINT('',(-0.0734551055258144,0.00332212215908059,0.002));
#8081=CARTESIAN_POINT('',(-0.0734551055258144,-0.00517787784091941,0.002));
#8082=CARTESIAN_POINT('',(-0.0824551055258144,-0.00517787784091941,0.002));
#8083=CARTESIAN_POINT('',(-0.0654211055258144,0.0397226221590806,0.002));
#8084=CARTESIAN_POINT('',(-0.0654211055258144,0.0449281221590806,0.002));
#8085=CARTESIAN_POINT('',(-0.0654211055258144,0.0345171221590806,0.002));
#8086=CARTESIAN_POINT('',(-0.0609191055258144,0.0449281221590806,0.002));
#8087=CARTESIAN_POINT('',(-0.0564171055258144,0.0449281221590806,0.002));
#8088=CARTESIAN_POINT('',(-0.0564171055258144,0.0397226221590806,0.002));
#8089=CARTESIAN_POINT('',(-0.0564171055258144,0.0345171221590806,0.002));
#8090=CARTESIAN_POINT('',(-0.0609191055258144,0.0345171221590806,0.002));
#8091=CARTESIAN_POINT('',(0.0895998944741856,0.0713771221590806,0.002));
#8092=CARTESIAN_POINT('',(0.0895998944741856,0.0723321221590806,0.002));
#8093=CARTESIAN_POINT('',(0.0895998944741856,0.0704221221590806,0.002));
#8094=CARTESIAN_POINT('',(0.0912823944741856,0.0723321221590806,0.002));
#8095=CARTESIAN_POINT('',(0.0929648944741856,0.0723321221590806,0.002));
#8096=CARTESIAN_POINT('',(0.0929648944741856,0.0713771221590806,0.002));
#8097=CARTESIAN_POINT('',(0.0929648944741856,0.0704221221590806,0.002));
#8098=CARTESIAN_POINT('',(0.0912823944741856,0.0704221221590806,0.002));
#8099=CARTESIAN_POINT('',(0.0892098944741856,0.0758671221590806,0.002));
#8100=CARTESIAN_POINT('',(0.0892098944741856,0.0768221221590806,0.002));
#8101=CARTESIAN_POINT('',(0.0892098944741856,0.0749121221590806,0.002));
#8102=CARTESIAN_POINT('',(0.0908923944741856,0.0768221221590806,0.002));
#8103=CARTESIAN_POINT('',(0.0925748944741856,0.0768221221590806,0.002));
#8104=CARTESIAN_POINT('',(0.0925748944741856,0.0758671221590806,0.002));
#8105=CARTESIAN_POINT('',(0.0925748944741856,0.0749121221590806,0.002));
#8106=CARTESIAN_POINT('',(0.0908923944741856,0.0749121221590806,0.002));
#8107=CARTESIAN_POINT('',(-0.0479431055258144,0.0531221221590806,0.002));
#8108=CARTESIAN_POINT('',(-0.0479431055258144,0.0781221221590806,0.002));
#8109=CARTESIAN_POINT('',(-0.0479431055258144,0.0281221221590806,0.002));
#8110=CARTESIAN_POINT('',(-0.0049431055258144,0.0781221221590806,0.002));
#8111=CARTESIAN_POINT('',(0.0380568944741856,0.0781221221590806,0.002));
#8112=CARTESIAN_POINT('',(0.0380568944741856,0.0531221221590806,0.002));
#8113=CARTESIAN_POINT('',(0.0380568944741856,0.0281221221590807,0.002));
#8114=CARTESIAN_POINT('',(-0.00494310552581438,0.0281221221590806,0.002));
#8115=CARTESIAN_POINT('',(0.0419668944741856,0.0250021221590806,0.002));
#8116=CARTESIAN_POINT('',(0.0419668944741856,0.0273621221590806,0.002));
#8117=CARTESIAN_POINT('',(0.0419668944741856,0.0226421221590806,0.002));
#8118=CARTESIAN_POINT('',(0.0468318944741856,0.0273621221590806,0.002));
#8119=CARTESIAN_POINT('',(0.0516968944741856,0.0273621221590806,0.002));
#8120=CARTESIAN_POINT('',(0.0516968944741856,0.0250021221590806,0.002));
#8121=CARTESIAN_POINT('',(0.0516968944741856,0.0226421221590806,0.002));
#8122=CARTESIAN_POINT('',(0.0468318944741856,0.0226421221590806,0.002));
#8123=CARTESIAN_POINT('',(0.0419818944741856,0.0331221221590806,0.002));
#8124=CARTESIAN_POINT('',(0.0419818944741856,0.0369221221590806,0.002));
#8125=CARTESIAN_POINT('',(0.0419818944741856,0.0293221221590806,0.002));
#8126=CARTESIAN_POINT('',(0.0467818944741856,0.0369221221590806,0.002));
#8127=CARTESIAN_POINT('',(0.0515818944741856,0.0369221221590806,0.002));
#8128=CARTESIAN_POINT('',(0.0515818944741856,0.0331221221590806,0.002));
#8129=CARTESIAN_POINT('',(0.0515818944741856,0.0293221221590806,0.002));
#8130=CARTESIAN_POINT('',(0.0467818944741856,0.0293221221590806,0.002));
#8131=CARTESIAN_POINT('',(0.0419818944741856,0.0424721221590806,0.002));
#8132=CARTESIAN_POINT('',(0.0419818944741856,0.0462721221590806,0.002));
#8133=CARTESIAN_POINT('',(0.0419818944741856,0.0386721221590806,0.002));
#8134=CARTESIAN_POINT('',(0.0467818944741856,0.0462721221590806,0.002));
#8135=CARTESIAN_POINT('',(0.0515818944741856,0.0462721221590806,0.002));
#8136=CARTESIAN_POINT('',(0.0515818944741856,0.0424721221590806,0.002));
#8137=CARTESIAN_POINT('',(0.0515818944741856,0.0386721221590806,0.002));
#8138=CARTESIAN_POINT('',(0.0467818944741856,0.0386721221590806,0.002));
#8139=CARTESIAN_POINT('',(0.0419818944741856,0.0518221221590806,0.002));
#8140=CARTESIAN_POINT('',(0.0419818944741856,0.0556221221590806,0.002));
#8141=CARTESIAN_POINT('',(0.0419818944741856,0.0480221221590806,0.002));
#8142=CARTESIAN_POINT('',(0.0467818944741856,0.0556221221590806,0.002));
#8143=CARTESIAN_POINT('',(0.0515818944741856,0.0556221221590806,0.002));
#8144=CARTESIAN_POINT('',(0.0515818944741856,0.0518221221590806,0.002));
#8145=CARTESIAN_POINT('',(0.0515818944741856,0.0480221221590806,0.002));
#8146=CARTESIAN_POINT('',(0.0467818944741856,0.0480221221590806,0.002));
#8147=CARTESIAN_POINT('',(-0.00111810552581439,-0.0847778778409194,0.002));
#8148=CARTESIAN_POINT('',(-0.0968181055258144,-0.0847778778409194,0.002));
#8149=CARTESIAN_POINT('',(0.0945818944741856,-0.0847778778409194,0.002));
#8150=CARTESIAN_POINT('',(0.0945818944741856,-0.0797778778409194,0.002));
#8151=CARTESIAN_POINT('',(0.0995818944741856,-0.0797778778409194,0.002));
#8152=CARTESIAN_POINT('',(0.0995818944741856,-0.00057787784091938,0.002));
#8153=CARTESIAN_POINT('',(0.0995818944741856,0.0786221221590806,0.002));
#8154=CARTESIAN_POINT('',(0.0945818944741856,0.0786221221590806,0.002));
#8155=CARTESIAN_POINT('',(0.0945818944741856,0.0836221221590806,0.002));
#8156=CARTESIAN_POINT('',(-0.00111810552581439,0.0836221221590806,0.002));
#8157=CARTESIAN_POINT('',(-0.0968181055258144,0.0836221221590806,0.002));
#8158=CARTESIAN_POINT('',(-0.0968181055258144,0.0786221221590806,0.002));
#8159=CARTESIAN_POINT('',(-0.101818105525814,0.0786221221590806,0.002));
#8160=CARTESIAN_POINT('',(-0.101818105525814,-0.000577877840919436,0.002));
#8161=CARTESIAN_POINT('',(-0.101818105525814,-0.0797778778409194,0.002));
#8162=CARTESIAN_POINT('',(-0.0968181055258144,-0.0797778778409194,0.002));
#8163=CARTESIAN_POINT('',(-0.0988181055258144,-0.0817778778409195,0.002));
#8164=CARTESIAN_POINT('',(-0.0978181055258144,-0.0817778778409195,0.002));
#8165=CARTESIAN_POINT('',(-0.0988181055258144,0.0806221221590806,0.002));
#8166=CARTESIAN_POINT('',(-0.0978181055258144,0.0806221221590806,0.002));
#8167=CARTESIAN_POINT('',(0.0965818944741856,0.0806221221590806,0.002));
#8168=CARTESIAN_POINT('',(0.0975818944741856,0.0806221221590806,0.002));
#8169=CARTESIAN_POINT('',(0.0965818944741856,-0.0817778778409194,0.002));
#8170=CARTESIAN_POINT('',(0.0975818944741856,-0.0817778778409194,0.002));
#8171=CARTESIAN_POINT('',(0.0041730499390489,0.0155093081753658,0.002));
#8172=CARTESIAN_POINT('',(0.00835917745011789,0.015509540501429,0.002));
#8173=CARTESIAN_POINT('',(-1.30756503294166E-5,0.0155093081753658,0.002));
#8174=CARTESIAN_POINT('',(-1.30756503294166E-5,0.0207058778725251,0.002));
#8175=CARTESIAN_POINT('',(-1.30756503294166E-5,0.0259024475696844,0.002));
#8176=CARTESIAN_POINT('',(0.0041730499390489,0.0259024475696844,0.002));
#8177=CARTESIAN_POINT('',(0.00835917745011789,0.0259022152436212,0.002));
#8178=CARTESIAN_POINT('',(0.00837525669186587,0.0239582879561709,0.002));
#8179=CARTESIAN_POINT('',(0.00936955097807515,0.0256282907908343,0.002));
#8180=CARTESIAN_POINT('',(0.00831530627567152,0.023825380671743,0.002));
#8181=CARTESIAN_POINT('',(0.0101061261741196,0.024899958064649,0.002));
#8182=CARTESIAN_POINT('',(0.00847266527810181,0.0239164545498941,0.002));
#8183=CARTESIAN_POINT('',(0.0103797181622717,0.0238950959581514,0.002));
#8184=CARTESIAN_POINT('',(0.0103800637439892,0.0207058778725251,0.002));
#8185=CARTESIAN_POINT('',(0.0103797181622717,0.0175166597868987,0.002));
#8186=CARTESIAN_POINT('',(0.00847266527810182,0.0174953011951561,0.002));
#8187=CARTESIAN_POINT('',(0.0101061262194889,0.0165117977560304,0.002));
#8188=CARTESIAN_POINT('',(0.00831530627567185,0.0175863750733069,0.002));
#8189=CARTESIAN_POINT('',(0.0093695505127876,0.0157834646765189,0.002));
#8190=CARTESIAN_POINT('',(0.00837525669186521,0.0174534677888814,0.002));
#8191=CARTESIAN_POINT('',(-0.0110997676409486,0.0155093081753658,0.002));
#8192=CARTESIAN_POINT('',(-0.0101468376509096,0.0155093081753658,0.002));
#8193=CARTESIAN_POINT('',(-0.0120526976309875,0.0155093081753658,0.002));
#8194=CARTESIAN_POINT('',(-0.0120526976309875,0.0207058778725251,0.002));
#8195=CARTESIAN_POINT('',(-0.0120526976309875,0.0259024475696844,0.002));
#8196=CARTESIAN_POINT('',(-0.011006166233643,0.0259024475696844,0.002));
#8197=CARTESIAN_POINT('',(-0.00995963483629839,0.0259024475696844,0.002));
#8198=CARTESIAN_POINT('',(-0.00676929289331582,0.0221065157987125,0.002));
#8199=CARTESIAN_POINT('',(-0.00357895095033326,0.0183105840277407,0.002));
#8200=CARTESIAN_POINT('',(-0.00357895095033326,0.0221065157987125,0.002));
#8201=CARTESIAN_POINT('',(-0.00357895095033326,0.0259024475696844,0.002));
#8202=CARTESIAN_POINT('',(-0.00261925459350111,0.0259024475696844,0.002));
#8203=CARTESIAN_POINT('',(-0.00165955823666895,0.0259024475696844,0.002));
#8204=CARTESIAN_POINT('',(-0.00165955823666895,0.0207058778725251,0.002));
#8205=CARTESIAN_POINT('',(-0.00165955823666895,0.0155093081753658,0.002));
#8206=CARTESIAN_POINT('',(-0.00270608963401354,0.0155093081753658,0.002));
#8207=CARTESIAN_POINT('',(-0.00375262103135812,0.0155093081753658,0.002));
#8208=CARTESIAN_POINT('',(-0.00694972934113385,0.0193131340409296,0.002));
#8209=CARTESIAN_POINT('',(-0.0101468376509096,0.0231169599064935,0.002));
#8210=CARTESIAN_POINT('',(-0.0101468376509096,0.0193131340409296,0.002));
#8211=CARTESIAN_POINT('',(-0.0345835713244654,0.0155093081753658,0.002));
#8212=CARTESIAN_POINT('',(-0.0336306413344264,0.0155093081753658,0.002));
#8213=CARTESIAN_POINT('',(-0.0355365013145043,0.0155093081753658,0.002));
#8214=CARTESIAN_POINT('',(-0.0355365013145043,0.0206991115057319,0.002));
#8215=CARTESIAN_POINT('',(-0.0355365013145043,0.0258889148360981,0.002));
#8216=CARTESIAN_POINT('',(-0.031350375725126,0.0258889148360981,0.002));
#8217=CARTESIAN_POINT('',(-0.0271642477032832,0.0258886486226805,0.002));
#8218=CARTESIAN_POINT('',(-0.027146557065377,0.0239525524309342,0.002));
#8219=CARTESIAN_POINT('',(-0.0261527285808579,0.025613662163965,0.002));
#8220=CARTESIAN_POINT('',(-0.0272187810668097,0.0238033155075016,0.002));
#8221=CARTESIAN_POINT('',(-0.0254173256594775,0.0248841542242908,0.002));
#8222=CARTESIAN_POINT('',(-0.0270465713373551,0.0239016474043863,0.002));
#8223=CARTESIAN_POINT('',(-0.0251436805968949,0.0238815627177007,0.002));
#8224=CARTESIAN_POINT('',(-0.0251433619201857,0.0224809214279349,0.002));
#8225=CARTESIAN_POINT('',(-0.0251436064696462,0.0210802814000932,0.002));
#8226=CARTESIAN_POINT('',(-0.0270816314976091,0.0210636260428369,0.002));
#8227=CARTESIAN_POINT('',(-0.0254174862193938,0.0200710170623698,0.002));
#8228=CARTESIAN_POINT('',(-0.0271588784242164,0.0210928843312681,0.002));
#8229=CARTESIAN_POINT('',(-0.0261526543213799,0.0193424142297357,0.002));
#8230=CARTESIAN_POINT('',(-0.0271448124181965,0.0210554824503102,0.002));
#8231=CARTESIAN_POINT('',(-0.0271642471912232,0.0190754834611396,0.002));
#8232=CARTESIAN_POINT('',(-0.030397445735087,0.0190672893807776,0.002));
#8233=CARTESIAN_POINT('',(-0.0336306413344264,0.0190593952861855,0.002));
#8234=CARTESIAN_POINT('',(-0.0336306413344264,0.0172843517307757,0.002));
#8235=CARTESIAN_POINT('',(-0.00111810552581439,0.0836221221590806,0.002));
#8236=CARTESIAN_POINT('',(0.0945818944741856,0.0836221221590806,0.002));
#8237=CARTESIAN_POINT('',(0.0945818944741856,0.0836221221590806,0.));
#8238=CARTESIAN_POINT('',(-0.00111810552581439,0.0836221221590806,0.));
#8239=CARTESIAN_POINT('',(-0.0968181055258144,0.0836221221590806,0.));
#8240=CARTESIAN_POINT('',(-0.0968181055258144,0.0836221221590806,0.002));
#8241=CARTESIAN_POINT('',(-0.101818105525814,-0.000577877840919436,0.002));
#8242=CARTESIAN_POINT('',(-0.101818105525814,0.0786221221590806,0.));
#8243=CARTESIAN_POINT('',(-0.101818105525814,0.0786221221590806,0.));
#8244=CARTESIAN_POINT('',(-0.101818105525814,-0.000577877840919436,0.));
#8245=CARTESIAN_POINT('',(-0.101818105525814,-0.0797778778409194,0.));
#8246=CARTESIAN_POINT('',(-0.101818105525814,-0.0797778778409194,0.002));
#8247=CARTESIAN_POINT('',(-0.00111810552581439,-0.0847778778409194,0.002));
#8248=CARTESIAN_POINT('',(-0.00111810552581439,-0.0847778778409194,0.));
#8249=CARTESIAN_POINT('',(-0.0968181055258144,-0.0847778778409194,0.));
#8250=CARTESIAN_POINT('',(0.0945818944741856,-0.0847778778409194,0.));
#8251=CARTESIAN_POINT('',(0.0945818944741856,-0.0847778778409194,0.002));
#8252=CARTESIAN_POINT('',(-0.0968181055258144,-0.0847778778409194,0.002));
#8253=CARTESIAN_POINT('',(0.0419818944741856,0.0518221221590806,0.002));
#8254=CARTESIAN_POINT('',(0.0419818944741856,0.0518221221590806,0.));
#8255=CARTESIAN_POINT('',(0.0419818944741856,0.0556221221590806,0.));
#8256=CARTESIAN_POINT('',(0.0419818944741856,0.0480221221590806,0.));
#8257=CARTESIAN_POINT('',(0.0419818944741856,0.0556221221590806,0.002));
#8258=CARTESIAN_POINT('',(0.0419818944741856,0.0480221221590806,0.002));
#8259=CARTESIAN_POINT('',(0.0467818944741856,0.0556221221590806,0.002));
#8260=CARTESIAN_POINT('',(0.0467818944741856,0.0556221221590806,0.));
#8261=CARTESIAN_POINT('',(0.0515818944741856,0.0556221221590806,0.));
#8262=CARTESIAN_POINT('',(0.0515818944741856,0.0556221221590806,0.002));
#8263=CARTESIAN_POINT('',(0.0515818944741856,0.0518221221590806,0.002));
#8264=CARTESIAN_POINT('',(0.0515818944741856,0.0518221221590806,0.));
#8265=CARTESIAN_POINT('',(0.0515818944741856,0.0480221221590806,0.));
#8266=CARTESIAN_POINT('',(0.0515818944741856,0.0480221221590806,0.002));
#8267=CARTESIAN_POINT('',(0.0419818944741856,0.0424721221590806,0.002));
#8268=CARTESIAN_POINT('',(0.0419818944741856,0.0424721221590806,0.));
#8269=CARTESIAN_POINT('',(0.0419818944741856,0.0462721221590806,0.));
#8270=CARTESIAN_POINT('',(0.0419818944741856,0.0386721221590806,0.));
#8271=CARTESIAN_POINT('',(0.0419818944741856,0.0462721221590806,0.002));
#8272=CARTESIAN_POINT('',(0.0419818944741856,0.0386721221590806,0.002));
#8273=CARTESIAN_POINT('',(0.0467818944741856,0.0462721221590806,0.002));
#8274=CARTESIAN_POINT('',(0.0467818944741856,0.0462721221590806,0.));
#8275=CARTESIAN_POINT('',(0.0515818944741856,0.0462721221590806,0.));
#8276=CARTESIAN_POINT('',(0.0515818944741856,0.0462721221590806,0.002));
#8277=CARTESIAN_POINT('',(0.0515818944741856,0.0424721221590806,0.002));
#8278=CARTESIAN_POINT('',(0.0515818944741856,0.0424721221590806,0.));
#8279=CARTESIAN_POINT('',(0.0515818944741856,0.0386721221590806,0.));
#8280=CARTESIAN_POINT('',(0.0515818944741856,0.0386721221590806,0.002));
#8281=CARTESIAN_POINT('',(0.0419818944741856,0.0331221221590806,0.002));
#8282=CARTESIAN_POINT('',(0.0419818944741856,0.0331221221590806,0.));
#8283=CARTESIAN_POINT('',(0.0419818944741856,0.0369221221590806,0.));
#8284=CARTESIAN_POINT('',(0.0419818944741856,0.0293221221590806,0.));
#8285=CARTESIAN_POINT('',(0.0419818944741856,0.0369221221590806,0.002));
#8286=CARTESIAN_POINT('',(0.0419818944741856,0.0293221221590806,0.002));
#8287=CARTESIAN_POINT('',(0.0467818944741856,0.0369221221590806,0.002));
#8288=CARTESIAN_POINT('',(0.0467818944741856,0.0369221221590806,0.));
#8289=CARTESIAN_POINT('',(0.0515818944741856,0.0369221221590806,0.));
#8290=CARTESIAN_POINT('',(0.0515818944741856,0.0369221221590806,0.002));
#8291=CARTESIAN_POINT('',(0.0515818944741856,0.0331221221590806,0.002));
#8292=CARTESIAN_POINT('',(0.0515818944741856,0.0331221221590806,0.));
#8293=CARTESIAN_POINT('',(0.0515818944741856,0.0293221221590806,0.));
#8294=CARTESIAN_POINT('',(0.0515818944741856,0.0293221221590806,0.002));
#8295=CARTESIAN_POINT('',(0.0419668944741856,0.0250021221590806,0.002));
#8296=CARTESIAN_POINT('',(0.0419668944741856,0.0250021221590806,0.));
#8297=CARTESIAN_POINT('',(0.0419668944741856,0.0273621221590806,0.));
#8298=CARTESIAN_POINT('',(0.0419668944741856,0.0226421221590806,0.));
#8299=CARTESIAN_POINT('',(0.0419668944741856,0.0273621221590806,0.002));
#8300=CARTESIAN_POINT('',(0.0419668944741856,0.0226421221590806,0.002));
#8301=CARTESIAN_POINT('',(0.0468318944741856,0.0273621221590806,0.002));
#8302=CARTESIAN_POINT('',(0.0468318944741856,0.0273621221590806,0.));
#8303=CARTESIAN_POINT('',(0.0516968944741856,0.0273621221590806,0.));
#8304=CARTESIAN_POINT('',(0.0516968944741856,0.0273621221590806,0.002));
#8305=CARTESIAN_POINT('',(0.0516968944741856,0.0250021221590806,0.002));
#8306=CARTESIAN_POINT('',(0.0516968944741856,0.0250021221590806,0.));
#8307=CARTESIAN_POINT('',(0.0516968944741856,0.0226421221590806,0.));
#8308=CARTESIAN_POINT('',(0.0516968944741856,0.0226421221590806,0.002));
#8309=CARTESIAN_POINT('',(-0.0479431055258144,0.0531221221590806,0.002));
#8310=CARTESIAN_POINT('',(-0.0479431055258144,0.0531221221590806,0.));
#8311=CARTESIAN_POINT('',(-0.0479431055258144,0.0781221221590806,0.));
#8312=CARTESIAN_POINT('',(-0.0479431055258144,0.0281221221590806,0.));
#8313=CARTESIAN_POINT('',(-0.0479431055258144,0.0781221221590806,0.002));
#8314=CARTESIAN_POINT('',(-0.0479431055258144,0.0281221221590806,0.002));
#8315=CARTESIAN_POINT('',(-0.0049431055258144,0.0781221221590806,0.002));
#8316=CARTESIAN_POINT('',(-0.0049431055258144,0.0781221221590806,0.));
#8317=CARTESIAN_POINT('',(0.0380568944741856,0.0781221221590806,0.));
#8318=CARTESIAN_POINT('',(0.0380568944741856,0.0781221221590806,0.002));
#8319=CARTESIAN_POINT('',(0.0380568944741856,0.0531221221590806,0.002));
#8320=CARTESIAN_POINT('',(0.0380568944741856,0.0531221221590806,0.));
#8321=CARTESIAN_POINT('',(0.0380568944741856,0.0281221221590807,0.));
#8322=CARTESIAN_POINT('',(0.0380568944741856,0.0281221221590807,0.002));
#8323=CARTESIAN_POINT('',(0.0892098944741856,0.0758671221590806,0.002));
#8324=CARTESIAN_POINT('',(0.0892098944741856,0.0758671221590806,0.));
#8325=CARTESIAN_POINT('',(0.0892098944741856,0.0768221221590806,0.));
#8326=CARTESIAN_POINT('',(0.0892098944741856,0.0749121221590806,0.));
#8327=CARTESIAN_POINT('',(0.0892098944741856,0.0768221221590806,0.002));
#8328=CARTESIAN_POINT('',(0.0892098944741856,0.0749121221590806,0.002));
#8329=CARTESIAN_POINT('',(0.0908923944741856,0.0768221221590806,0.002));
#8330=CARTESIAN_POINT('',(0.0908923944741856,0.0768221221590806,0.));
#8331=CARTESIAN_POINT('',(0.0925748944741856,0.0768221221590806,0.));
#8332=CARTESIAN_POINT('',(0.0925748944741856,0.0768221221590806,0.002));
#8333=CARTESIAN_POINT('',(0.0925748944741856,0.0758671221590806,0.002));
#8334=CARTESIAN_POINT('',(0.0925748944741856,0.0758671221590806,0.));
#8335=CARTESIAN_POINT('',(0.0925748944741856,0.0749121221590806,0.));
#8336=CARTESIAN_POINT('',(0.0925748944741856,0.0749121221590806,0.002));
#8337=CARTESIAN_POINT('',(0.0895998944741856,0.0713771221590806,0.002));
#8338=CARTESIAN_POINT('',(0.0895998944741856,0.0713771221590806,0.));
#8339=CARTESIAN_POINT('',(0.0895998944741856,0.0723321221590806,0.));
#8340=CARTESIAN_POINT('',(0.0895998944741856,0.0704221221590806,0.));
#8341=CARTESIAN_POINT('',(0.0895998944741856,0.0723321221590806,0.002));
#8342=CARTESIAN_POINT('',(0.0895998944741856,0.0704221221590806,0.002));
#8343=CARTESIAN_POINT('',(0.0912823944741856,0.0723321221590806,0.002));
#8344=CARTESIAN_POINT('',(0.0912823944741856,0.0723321221590806,0.));
#8345=CARTESIAN_POINT('',(0.0929648944741856,0.0723321221590806,0.));
#8346=CARTESIAN_POINT('',(0.0929648944741856,0.0723321221590806,0.002));
#8347=CARTESIAN_POINT('',(0.0929648944741856,0.0713771221590806,0.002));
#8348=CARTESIAN_POINT('',(0.0929648944741856,0.0713771221590806,0.));
#8349=CARTESIAN_POINT('',(0.0929648944741856,0.0704221221590806,0.));
#8350=CARTESIAN_POINT('',(0.0929648944741856,0.0704221221590806,0.002));
#8351=CARTESIAN_POINT('',(-0.0654211055258144,0.0397226221590806,0.002));
#8352=CARTESIAN_POINT('',(-0.0654211055258144,0.0397226221590806,0.));
#8353=CARTESIAN_POINT('',(-0.0654211055258144,0.0449281221590806,0.));
#8354=CARTESIAN_POINT('',(-0.0654211055258144,0.0345171221590806,0.));
#8355=CARTESIAN_POINT('',(-0.0654211055258144,0.0449281221590806,0.002));
#8356=CARTESIAN_POINT('',(-0.0654211055258144,0.0345171221590806,0.002));
#8357=CARTESIAN_POINT('',(-0.0609191055258144,0.0449281221590806,0.002));
#8358=CARTESIAN_POINT('',(-0.0609191055258144,0.0449281221590806,0.));
#8359=CARTESIAN_POINT('',(-0.0564171055258144,0.0449281221590806,0.));
#8360=CARTESIAN_POINT('',(-0.0564171055258144,0.0449281221590806,0.002));
#8361=CARTESIAN_POINT('',(-0.0564171055258144,0.0397226221590806,0.002));
#8362=CARTESIAN_POINT('',(-0.0564171055258144,0.0397226221590806,0.));
#8363=CARTESIAN_POINT('',(-0.0564171055258144,0.0345171221590806,0.));
#8364=CARTESIAN_POINT('',(-0.0564171055258144,0.0345171221590806,0.002));
#8365=CARTESIAN_POINT('',(-0.0914551055258144,0.00332212215908058,0.002));
#8366=CARTESIAN_POINT('',(-0.0914551055258144,0.00332212215908058,0.));
#8367=CARTESIAN_POINT('',(-0.0914551055258144,0.0118221221590806,0.));
#8368=CARTESIAN_POINT('',(-0.0914551055258144,-0.00517787784091942,0.));
#8369=CARTESIAN_POINT('',(-0.0914551055258144,0.0118221221590806,0.002));
#8370=CARTESIAN_POINT('',(-0.0914551055258144,-0.00517787784091942,0.002));
#8371=CARTESIAN_POINT('',(-0.0824551055258144,0.0118221221590806,0.002));
#8372=CARTESIAN_POINT('',(-0.0824551055258144,0.0118221221590806,0.));
#8373=CARTESIAN_POINT('',(-0.0734551055258144,0.0118221221590806,0.));
#8374=CARTESIAN_POINT('',(-0.0734551055258144,0.0118221221590806,0.002));
#8375=CARTESIAN_POINT('',(-0.0734551055258144,0.00332212215908059,0.002));
#8376=CARTESIAN_POINT('',(-0.0734551055258144,0.00332212215908059,0.));
#8377=CARTESIAN_POINT('',(-0.0734551055258144,-0.00517787784091941,0.));
#8378=CARTESIAN_POINT('',(-0.0734551055258144,-0.00517787784091941,0.002));
#8379=CARTESIAN_POINT('',(-0.00243290025185035,-0.0189278667605977,0.002));
#8380=CARTESIAN_POINT('',(-0.00243290025185035,-0.0189278667605977,0.));
#8381=CARTESIAN_POINT('',(-0.00243290025185035,-0.0104278667605977,0.));
#8382=CARTESIAN_POINT('',(-0.00243290025185035,-0.0274278667605977,0.));
#8383=CARTESIAN_POINT('',(-0.00243290025185035,-0.0104278667605977,0.002));
#8384=CARTESIAN_POINT('',(-0.00243290025185035,-0.0274278667605977,0.002));
#8385=CARTESIAN_POINT('',(0.00656709974814965,-0.0104278667605977,0.002));
#8386=CARTESIAN_POINT('',(0.00656709974814965,-0.0104278667605977,0.));
#8387=CARTESIAN_POINT('',(0.0155670997481496,-0.0104278667605977,0.));
#8388=CARTESIAN_POINT('',(0.0155670997481496,-0.0104278667605977,0.002));
#8389=CARTESIAN_POINT('',(0.0155670997481496,-0.0189278667605977,0.002));
#8390=CARTESIAN_POINT('',(0.0155670997481496,-0.0189278667605977,0.));
#8391=CARTESIAN_POINT('',(0.0155670997481496,-0.0274278667605978,0.));
#8392=CARTESIAN_POINT('',(0.0155670997481496,-0.0274278667605978,0.002));
#8393=CARTESIAN_POINT('',(0.0288170997481497,-0.0274278667605977,0.002));
#8394=CARTESIAN_POINT('',(0.0288170997481497,-0.0274278667605977,0.));
#8395=CARTESIAN_POINT('',(0.0198170997481497,-0.0274278667605978,0.));
#8396=CARTESIAN_POINT('',(0.0378170997481497,-0.0274278667605978,0.));
#8397=CARTESIAN_POINT('',(0.0198170997481497,-0.0274278667605978,0.002));
#8398=CARTESIAN_POINT('',(0.0378170997481497,-0.0274278667605978,0.002));
#8399=CARTESIAN_POINT('',(0.0198170997481497,-0.0189278667605977,0.002));
#8400=CARTESIAN_POINT('',(0.0198170997481497,-0.0189278667605977,0.));
#8401=CARTESIAN_POINT('',(0.0198170997481497,-0.0104278667605977,0.));
#8402=CARTESIAN_POINT('',(0.0198170997481497,-0.0104278667605977,0.002));
#8403=CARTESIAN_POINT('',(0.0288170997481497,-0.0104278667605977,0.002));
#8404=CARTESIAN_POINT('',(0.0288170997481497,-0.0104278667605977,0.));
#8405=CARTESIAN_POINT('',(0.0378170997481497,-0.0104278667605977,0.));
#8406=CARTESIAN_POINT('',(0.0378170997481497,-0.0104278667605977,0.002));
#8407=CARTESIAN_POINT('',(-0.0156829002518503,-0.0274278667605978,0.002));
#8408=CARTESIAN_POINT('',(-0.0156829002518503,-0.0274278667605978,0.));
#8409=CARTESIAN_POINT('',(-0.0246829002518504,-0.0274278667605978,0.));
#8410=CARTESIAN_POINT('',(-0.00668290025185034,-0.0274278667605978,0.));
#8411=CARTESIAN_POINT('',(-0.0246829002518504,-0.0274278667605978,0.002));
#8412=CARTESIAN_POINT('',(-0.00668290025185034,-0.0274278667605978,0.002));
#8413=CARTESIAN_POINT('',(-0.0246829002518504,-0.0189278667605977,0.002));
#8414=CARTESIAN_POINT('',(-0.0246829002518504,-0.0189278667605977,0.));
#8415=CARTESIAN_POINT('',(-0.0246829002518504,-0.0104278667605977,0.));
#8416=CARTESIAN_POINT('',(-0.0246829002518504,-0.0104278667605977,0.002));
#8417=CARTESIAN_POINT('',(-0.0156829002518503,-0.0104278667605977,0.002));
#8418=CARTESIAN_POINT('',(-0.0156829002518503,-0.0104278667605977,0.));
#8419=CARTESIAN_POINT('',(-0.00668290025185035,-0.0104278667605977,0.));
#8420=CARTESIAN_POINT('',(-0.00668290025185035,-0.0104278667605977,0.002));
#8421=CARTESIAN_POINT('',(-0.0469329002518503,-0.0189278667605977,0.002));
#8422=CARTESIAN_POINT('',(-0.0469329002518503,-0.0189278667605977,0.));
#8423=CARTESIAN_POINT('',(-0.0469329002518503,-0.0104278667605977,0.));
#8424=CARTESIAN_POINT('',(-0.0469329002518503,-0.0274278667605978,0.));
#8425=CARTESIAN_POINT('',(-0.0469329002518503,-0.0104278667605977,0.002));
#8426=CARTESIAN_POINT('',(-0.0469329002518503,-0.0274278667605978,0.002));
#8427=CARTESIAN_POINT('',(-0.0379329002518504,-0.0104278667605977,0.002));
#8428=CARTESIAN_POINT('',(-0.0379329002518504,-0.0104278667605977,0.));
#8429=CARTESIAN_POINT('',(-0.0289329002518504,-0.0104278667605977,0.));
#8430=CARTESIAN_POINT('',(-0.0289329002518504,-0.0104278667605977,0.002));
#8431=CARTESIAN_POINT('',(-0.0289329002518504,-0.0189278667605977,0.002));
#8432=CARTESIAN_POINT('',(-0.0289329002518504,-0.0189278667605977,0.));
#8433=CARTESIAN_POINT('',(-0.0289329002518504,-0.0274278667605978,0.));
#8434=CARTESIAN_POINT('',(-0.0289329002518504,-0.0274278667605978,0.002));
#8435=CARTESIAN_POINT('',(-0.0914329002518503,-0.0189278667605977,0.002));
#8436=CARTESIAN_POINT('',(-0.0914329002518503,-0.0189278667605977,0.));
#8437=CARTESIAN_POINT('',(-0.0914329002518503,-0.0104278667605977,0.));
#8438=CARTESIAN_POINT('',(-0.0914329002518503,-0.0274278667605978,0.));
#8439=CARTESIAN_POINT('',(-0.0914329002518503,-0.0104278667605977,0.002));
#8440=CARTESIAN_POINT('',(-0.0914329002518503,-0.0274278667605978,0.002));
#8441=CARTESIAN_POINT('',(-0.0824329002518503,-0.0104278667605977,0.002));
#8442=CARTESIAN_POINT('',(-0.0824329002518503,-0.0104278667605977,0.));
#8443=CARTESIAN_POINT('',(-0.0734329002518503,-0.0104278667605977,0.));
#8444=CARTESIAN_POINT('',(-0.0734329002518503,-0.0104278667605977,0.002));
#8445=CARTESIAN_POINT('',(-0.0734329002518503,-0.0189278667605977,0.002));
#8446=CARTESIAN_POINT('',(-0.0734329002518503,-0.0189278667605977,0.));
#8447=CARTESIAN_POINT('',(-0.0734329002518503,-0.0274278667605978,0.));
#8448=CARTESIAN_POINT('',(-0.0734329002518503,-0.0274278667605978,0.002));
#8449=CARTESIAN_POINT('',(-0.00241069497788629,-0.0411778556802761,0.002));
#8450=CARTESIAN_POINT('',(-0.00241069497788629,-0.0411778556802761,0.));
#8451=CARTESIAN_POINT('',(-0.00241069497788629,-0.032677855680276,0.));
#8452=CARTESIAN_POINT('',(-0.00241069497788629,-0.049677855680276,0.));
#8453=CARTESIAN_POINT('',(-0.00241069497788629,-0.032677855680276,0.002));
#8454=CARTESIAN_POINT('',(-0.00241069497788629,-0.049677855680276,0.002));
#8455=CARTESIAN_POINT('',(0.00658930502211371,-0.032677855680276,0.002));
#8456=CARTESIAN_POINT('',(0.00658930502211371,-0.032677855680276,0.));
#8457=CARTESIAN_POINT('',(0.0155893050221137,-0.032677855680276,0.));
#8458=CARTESIAN_POINT('',(0.0155893050221137,-0.032677855680276,0.002));
#8459=CARTESIAN_POINT('',(0.0155893050221137,-0.0411778556802761,0.002));
#8460=CARTESIAN_POINT('',(0.0155893050221137,-0.0411778556802761,0.));
#8461=CARTESIAN_POINT('',(0.0155893050221137,-0.0496778556802761,0.));
#8462=CARTESIAN_POINT('',(0.0155893050221137,-0.0496778556802761,0.002));
#8463=CARTESIAN_POINT('',(0.0288393050221137,-0.049677855680276,0.002));
#8464=CARTESIAN_POINT('',(0.0288393050221137,-0.049677855680276,0.));
#8465=CARTESIAN_POINT('',(0.0198393050221137,-0.0496778556802761,0.));
#8466=CARTESIAN_POINT('',(0.0378393050221137,-0.0496778556802761,0.));
#8467=CARTESIAN_POINT('',(0.0198393050221137,-0.0496778556802761,0.002));
#8468=CARTESIAN_POINT('',(0.0378393050221137,-0.0496778556802761,0.002));
#8469=CARTESIAN_POINT('',(0.0198393050221137,-0.0411778556802761,0.002));
#8470=CARTESIAN_POINT('',(0.0198393050221137,-0.0411778556802761,0.));
#8471=CARTESIAN_POINT('',(0.0198393050221137,-0.032677855680276,0.));
#8472=CARTESIAN_POINT('',(0.0198393050221137,-0.032677855680276,0.002));
#8473=CARTESIAN_POINT('',(0.0288393050221137,-0.032677855680276,0.002));
#8474=CARTESIAN_POINT('',(0.0288393050221137,-0.032677855680276,0.));
#8475=CARTESIAN_POINT('',(0.0378393050221137,-0.032677855680276,0.));
#8476=CARTESIAN_POINT('',(0.0378393050221137,-0.032677855680276,0.002));
#8477=CARTESIAN_POINT('',(-0.0156606949778863,-0.049677855680276,0.002));
#8478=CARTESIAN_POINT('',(-0.0156606949778863,-0.049677855680276,0.));
#8479=CARTESIAN_POINT('',(-0.0246606949778863,-0.0496778556802761,0.));
#8480=CARTESIAN_POINT('',(-0.00666069497788628,-0.0496778556802761,0.));
#8481=CARTESIAN_POINT('',(-0.0246606949778863,-0.0496778556802761,0.002));
#8482=CARTESIAN_POINT('',(-0.00666069497788628,-0.0496778556802761,0.002));
#8483=CARTESIAN_POINT('',(-0.0246606949778863,-0.0411778556802761,0.002));
#8484=CARTESIAN_POINT('',(-0.0246606949778863,-0.0411778556802761,0.));
#8485=CARTESIAN_POINT('',(-0.0246606949778863,-0.032677855680276,0.));
#8486=CARTESIAN_POINT('',(-0.0246606949778863,-0.032677855680276,0.002));
#8487=CARTESIAN_POINT('',(-0.0156606949778863,-0.032677855680276,0.002));
#8488=CARTESIAN_POINT('',(-0.0156606949778863,-0.032677855680276,0.));
#8489=CARTESIAN_POINT('',(-0.00666069497788628,-0.032677855680276,0.));
#8490=CARTESIAN_POINT('',(-0.00666069497788628,-0.032677855680276,0.002));
#8491=CARTESIAN_POINT('',(-0.0469106949778863,-0.0411778556802761,0.002));
#8492=CARTESIAN_POINT('',(-0.0469106949778863,-0.0411778556802761,0.));
#8493=CARTESIAN_POINT('',(-0.0469106949778863,-0.032677855680276,0.));
#8494=CARTESIAN_POINT('',(-0.0469106949778863,-0.049677855680276,0.));
#8495=CARTESIAN_POINT('',(-0.0469106949778863,-0.032677855680276,0.002));
#8496=CARTESIAN_POINT('',(-0.0469106949778863,-0.049677855680276,0.002));
#8497=CARTESIAN_POINT('',(-0.0379106949778863,-0.032677855680276,0.002));
#8498=CARTESIAN_POINT('',(-0.0379106949778863,-0.032677855680276,0.));
#8499=CARTESIAN_POINT('',(-0.0289106949778862,-0.032677855680276,0.));
#8500=CARTESIAN_POINT('',(-0.0289106949778862,-0.032677855680276,0.002));
#8501=CARTESIAN_POINT('',(-0.0289106949778862,-0.0411778556802761,0.002));
#8502=CARTESIAN_POINT('',(-0.0289106949778862,-0.0411778556802761,0.));
#8503=CARTESIAN_POINT('',(-0.0289106949778862,-0.0496778556802761,0.));
#8504=CARTESIAN_POINT('',(-0.0289106949778862,-0.0496778556802761,0.002));
#8505=CARTESIAN_POINT('',(-0.0914106949778862,-0.0411778556802761,0.002));
#8506=CARTESIAN_POINT('',(-0.0914106949778862,-0.0411778556802761,0.));
#8507=CARTESIAN_POINT('',(-0.0914106949778862,-0.032677855680276,0.));
#8508=CARTESIAN_POINT('',(-0.0914106949778862,-0.0496778556802761,0.));
#8509=CARTESIAN_POINT('',(-0.0914106949778862,-0.032677855680276,0.002));
#8510=CARTESIAN_POINT('',(-0.0914106949778862,-0.0496778556802761,0.002));
#8511=CARTESIAN_POINT('',(-0.0824106949778863,-0.032677855680276,0.002));
#8512=CARTESIAN_POINT('',(-0.0824106949778863,-0.032677855680276,0.));
#8513=CARTESIAN_POINT('',(-0.0734106949778862,-0.032677855680276,0.));
#8514=CARTESIAN_POINT('',(-0.0734106949778862,-0.032677855680276,0.002));
#8515=CARTESIAN_POINT('',(-0.0734106949778862,-0.0411778556802761,0.002));
#8516=CARTESIAN_POINT('',(-0.0734106949778862,-0.0411778556802761,0.));
#8517=CARTESIAN_POINT('',(-0.0734106949778862,-0.0496778556802761,0.));
#8518=CARTESIAN_POINT('',(-0.0734106949778862,-0.0496778556802761,0.002));
#8519=CARTESIAN_POINT('',(-0.00238848970392222,-0.0634278445999544,0.002));
#8520=CARTESIAN_POINT('',(-0.00238848970392222,-0.0634278445999544,0.));
#8521=CARTESIAN_POINT('',(-0.00238848970392222,-0.0549278445999544,0.));
#8522=CARTESIAN_POINT('',(-0.00238848970392222,-0.0719278445999544,0.));
#8523=CARTESIAN_POINT('',(-0.00238848970392222,-0.0549278445999544,0.002));
#8524=CARTESIAN_POINT('',(-0.00238848970392222,-0.0719278445999544,0.002));
#8525=CARTESIAN_POINT('',(0.00661151029607778,-0.0549278445999544,0.002));
#8526=CARTESIAN_POINT('',(0.00661151029607778,-0.0549278445999544,0.));
#8527=CARTESIAN_POINT('',(0.0156115102960778,-0.0549278445999544,0.));
#8528=CARTESIAN_POINT('',(0.0156115102960778,-0.0549278445999544,0.002));
#8529=CARTESIAN_POINT('',(0.0156115102960778,-0.0634278445999544,0.002));
#8530=CARTESIAN_POINT('',(0.0156115102960778,-0.0634278445999544,0.));
#8531=CARTESIAN_POINT('',(0.0156115102960778,-0.0719278445999544,0.));
#8532=CARTESIAN_POINT('',(0.0156115102960778,-0.0719278445999544,0.002));
#8533=CARTESIAN_POINT('',(0.0288615102960777,-0.0719278445999544,0.002));
#8534=CARTESIAN_POINT('',(0.0288615102960777,-0.0719278445999544,0.));
#8535=CARTESIAN_POINT('',(0.0198615102960777,-0.0719278445999544,0.));
#8536=CARTESIAN_POINT('',(0.0378615102960777,-0.0719278445999544,0.));
#8537=CARTESIAN_POINT('',(0.0198615102960777,-0.0719278445999544,0.002));
#8538=CARTESIAN_POINT('',(0.0378615102960777,-0.0719278445999544,0.002));
#8539=CARTESIAN_POINT('',(0.0198615102960777,-0.0634278445999544,0.002));
#8540=CARTESIAN_POINT('',(0.0198615102960777,-0.0634278445999544,0.));
#8541=CARTESIAN_POINT('',(0.0198615102960777,-0.0549278445999544,0.));
#8542=CARTESIAN_POINT('',(0.0198615102960777,-0.0549278445999544,0.002));
#8543=CARTESIAN_POINT('',(0.0288615102960777,-0.0549278445999544,0.002));
#8544=CARTESIAN_POINT('',(0.0288615102960777,-0.0549278445999544,0.));
#8545=CARTESIAN_POINT('',(0.0378615102960777,-0.0549278445999544,0.));
#8546=CARTESIAN_POINT('',(0.0378615102960777,-0.0549278445999544,0.002));
#8547=CARTESIAN_POINT('',(-0.0156384897039222,-0.0719278445999544,0.002));
#8548=CARTESIAN_POINT('',(-0.0156384897039222,-0.0719278445999544,0.));
#8549=CARTESIAN_POINT('',(-0.0246384897039222,-0.0719278445999544,0.));
#8550=CARTESIAN_POINT('',(-0.00663848970392221,-0.0719278445999544,0.));
#8551=CARTESIAN_POINT('',(-0.0246384897039222,-0.0719278445999544,0.002));
#8552=CARTESIAN_POINT('',(-0.00663848970392221,-0.0719278445999544,0.002));
#8553=CARTESIAN_POINT('',(-0.0246384897039222,-0.0634278445999544,0.002));
#8554=CARTESIAN_POINT('',(-0.0246384897039222,-0.0634278445999544,0.));
#8555=CARTESIAN_POINT('',(-0.0246384897039222,-0.0549278445999544,0.));
#8556=CARTESIAN_POINT('',(-0.0246384897039222,-0.0549278445999544,0.002));
#8557=CARTESIAN_POINT('',(-0.0156384897039222,-0.0549278445999544,0.002));
#8558=CARTESIAN_POINT('',(-0.0156384897039222,-0.0549278445999544,0.));
#8559=CARTESIAN_POINT('',(-0.00663848970392222,-0.0549278445999544,0.));
#8560=CARTESIAN_POINT('',(-0.00663848970392222,-0.0549278445999544,0.002));
#8561=CARTESIAN_POINT('',(-0.0468884897039222,-0.0634278445999544,0.002));
#8562=CARTESIAN_POINT('',(-0.0468884897039222,-0.0634278445999544,0.));
#8563=CARTESIAN_POINT('',(-0.0468884897039222,-0.0549278445999544,0.));
#8564=CARTESIAN_POINT('',(-0.0468884897039222,-0.0719278445999544,0.));
#8565=CARTESIAN_POINT('',(-0.0468884897039222,-0.0549278445999544,0.002));
#8566=CARTESIAN_POINT('',(-0.0468884897039222,-0.0719278445999544,0.002));
#8567=CARTESIAN_POINT('',(-0.0378884897039222,-0.0549278445999544,0.002));
#8568=CARTESIAN_POINT('',(-0.0378884897039222,-0.0549278445999544,0.));
#8569=CARTESIAN_POINT('',(-0.0288884897039222,-0.0549278445999544,0.));
#8570=CARTESIAN_POINT('',(-0.0288884897039222,-0.0549278445999544,0.002));
#8571=CARTESIAN_POINT('',(-0.0288884897039222,-0.0634278445999544,0.002));
#8572=CARTESIAN_POINT('',(-0.0288884897039222,-0.0634278445999544,0.));
#8573=CARTESIAN_POINT('',(-0.0288884897039222,-0.0719278445999544,0.));
#8574=CARTESIAN_POINT('',(-0.0288884897039222,-0.0719278445999544,0.002));
#8575=CARTESIAN_POINT('',(-0.0913884897039222,-0.0634278445999544,0.002));
#8576=CARTESIAN_POINT('',(-0.0913884897039222,-0.0634278445999544,0.));
#8577=CARTESIAN_POINT('',(-0.0913884897039222,-0.0549278445999544,0.));
#8578=CARTESIAN_POINT('',(-0.0913884897039222,-0.0719278445999544,0.));
#8579=CARTESIAN_POINT('',(-0.0913884897039222,-0.0549278445999544,0.002));
#8580=CARTESIAN_POINT('',(-0.0913884897039222,-0.0719278445999544,0.002));
#8581=CARTESIAN_POINT('',(-0.0823884897039222,-0.0549278445999544,0.002));
#8582=CARTESIAN_POINT('',(-0.0823884897039222,-0.0549278445999544,0.));
#8583=CARTESIAN_POINT('',(-0.0733884897039222,-0.0549278445999544,0.));
#8584=CARTESIAN_POINT('',(-0.0733884897039222,-0.0549278445999544,0.002));
#8585=CARTESIAN_POINT('',(-0.0733884897039222,-0.0634278445999544,0.002));
#8586=CARTESIAN_POINT('',(-0.0733884897039222,-0.0634278445999544,0.));
#8587=CARTESIAN_POINT('',(-0.0733884897039222,-0.0719278445999544,0.));
#8588=CARTESIAN_POINT('',(-0.0733884897039222,-0.0719278445999544,0.002));
#8589=CARTESIAN_POINT('',(0.0511115102960777,-0.0549278445999543,0.002));
#8590=CARTESIAN_POINT('',(0.0511115102960777,-0.0549278445999543,0.));
#8591=CARTESIAN_POINT('',(0.0421115102960778,-0.0549278445999544,0.));
#8592=CARTESIAN_POINT('',(0.0601115102960778,-0.0549278445999543,0.));
#8593=CARTESIAN_POINT('',(0.0601115102960778,-0.0549278445999543,0.002));
#8594=CARTESIAN_POINT('',(0.0421115102960778,-0.0549278445999544,0.002));
#8595=CARTESIAN_POINT('',(0.0601115102960778,-0.0634278445999544,0.002));
#8596=CARTESIAN_POINT('',(0.0601115102960778,-0.0634278445999544,0.));
#8597=CARTESIAN_POINT('',(0.0601115102960778,-0.0719278445999543,0.));
#8598=CARTESIAN_POINT('',(0.0601115102960778,-0.0719278445999543,0.002));
#8599=CARTESIAN_POINT('',(0.0511115102960777,-0.0719278445999543,0.002));
#8600=CARTESIAN_POINT('',(0.0511115102960777,-0.0719278445999543,0.));
#8601=CARTESIAN_POINT('',(0.0421115102960778,-0.0719278445999544,0.));
#8602=CARTESIAN_POINT('',(0.0421115102960778,-0.0719278445999544,0.002));
#8603=CARTESIAN_POINT('',(-0.0691384897039222,-0.0634278445999544,0.002));
#8604=CARTESIAN_POINT('',(-0.0691384897039222,-0.0634278445999544,0.));
#8605=CARTESIAN_POINT('',(-0.0691384897039222,-0.0549278445999544,0.));
#8606=CARTESIAN_POINT('',(-0.0691384897039222,-0.0719278445999544,0.));
#8607=CARTESIAN_POINT('',(-0.0691384897039222,-0.0549278445999544,0.002));
#8608=CARTESIAN_POINT('',(-0.0691384897039222,-0.0719278445999544,0.002));
#8609=CARTESIAN_POINT('',(-0.0601384897039222,-0.0549278445999544,0.002));
#8610=CARTESIAN_POINT('',(-0.0601384897039222,-0.0549278445999544,0.));
#8611=CARTESIAN_POINT('',(-0.0511384897039222,-0.0549278445999544,0.));
#8612=CARTESIAN_POINT('',(-0.0511384897039222,-0.0549278445999544,0.002));
#8613=CARTESIAN_POINT('',(-0.0511384897039222,-0.0634278445999544,0.002));
#8614=CARTESIAN_POINT('',(-0.0511384897039222,-0.0634278445999544,0.));
#8615=CARTESIAN_POINT('',(-0.0511384897039222,-0.0719278445999544,0.));
#8616=CARTESIAN_POINT('',(-0.0511384897039222,-0.0719278445999544,0.002));
#8617=CARTESIAN_POINT('',(0.0643615102960777,-0.0634278445999544,0.002));
#8618=CARTESIAN_POINT('',(0.0643615102960777,-0.0634278445999544,0.));
#8619=CARTESIAN_POINT('',(0.0643615102960777,-0.0549278445999544,0.));
#8620=CARTESIAN_POINT('',(0.0643615102960777,-0.0719278445999543,0.));
#8621=CARTESIAN_POINT('',(0.0643615102960777,-0.0549278445999544,0.002));
#8622=CARTESIAN_POINT('',(0.0643615102960777,-0.0719278445999543,0.002));
#8623=CARTESIAN_POINT('',(0.0733615102960777,-0.0549278445999543,0.002));
#8624=CARTESIAN_POINT('',(0.0733615102960777,-0.0549278445999543,0.));
#8625=CARTESIAN_POINT('',(0.0823615102960778,-0.0549278445999544,0.));
#8626=CARTESIAN_POINT('',(0.0823615102960778,-0.0549278445999544,0.002));
#8627=CARTESIAN_POINT('',(0.0823615102960778,-0.0634278445999544,0.002));
#8628=CARTESIAN_POINT('',(0.0823615102960778,-0.0634278445999544,0.));
#8629=CARTESIAN_POINT('',(0.0823615102960778,-0.0719278445999544,0.));
#8630=CARTESIAN_POINT('',(0.0823615102960778,-0.0719278445999544,0.002));
#8631=CARTESIAN_POINT('',(0.0510893050221137,-0.032677855680276,0.002));
#8632=CARTESIAN_POINT('',(0.0510893050221137,-0.032677855680276,0.));
#8633=CARTESIAN_POINT('',(0.0420893050221137,-0.032677855680276,0.));
#8634=CARTESIAN_POINT('',(0.0600893050221137,-0.032677855680276,0.));
#8635=CARTESIAN_POINT('',(0.0600893050221137,-0.032677855680276,0.002));
#8636=CARTESIAN_POINT('',(0.0420893050221137,-0.032677855680276,0.002));
#8637=CARTESIAN_POINT('',(0.0600893050221137,-0.0411778556802761,0.002));
#8638=CARTESIAN_POINT('',(0.0600893050221137,-0.0411778556802761,0.));
#8639=CARTESIAN_POINT('',(0.0600893050221137,-0.049677855680276,0.));
#8640=CARTESIAN_POINT('',(0.0600893050221137,-0.049677855680276,0.002));
#8641=CARTESIAN_POINT('',(0.0510893050221137,-0.049677855680276,0.002));
#8642=CARTESIAN_POINT('',(0.0510893050221137,-0.049677855680276,0.));
#8643=CARTESIAN_POINT('',(0.0420893050221137,-0.0496778556802761,0.));
#8644=CARTESIAN_POINT('',(0.0420893050221137,-0.0496778556802761,0.002));
#8645=CARTESIAN_POINT('',(-0.0691606949778863,-0.0411778556802761,0.002));
#8646=CARTESIAN_POINT('',(-0.0691606949778863,-0.0411778556802761,0.));
#8647=CARTESIAN_POINT('',(-0.0691606949778863,-0.032677855680276,0.));
#8648=CARTESIAN_POINT('',(-0.0691606949778863,-0.0496778556802761,0.));
#8649=CARTESIAN_POINT('',(-0.0691606949778863,-0.032677855680276,0.002));
#8650=CARTESIAN_POINT('',(-0.0691606949778863,-0.0496778556802761,0.002));
#8651=CARTESIAN_POINT('',(-0.0601606949778863,-0.032677855680276,0.002));
#8652=CARTESIAN_POINT('',(-0.0601606949778863,-0.032677855680276,0.));
#8653=CARTESIAN_POINT('',(-0.0511606949778863,-0.032677855680276,0.));
#8654=CARTESIAN_POINT('',(-0.0511606949778863,-0.032677855680276,0.002));
#8655=CARTESIAN_POINT('',(-0.0511606949778863,-0.0411778556802761,0.002));
#8656=CARTESIAN_POINT('',(-0.0511606949778863,-0.0411778556802761,0.));
#8657=CARTESIAN_POINT('',(-0.0511606949778863,-0.0496778556802761,0.));
#8658=CARTESIAN_POINT('',(-0.0511606949778863,-0.0496778556802761,0.002));
#8659=CARTESIAN_POINT('',(0.0643393050221137,-0.0411778556802761,0.002));
#8660=CARTESIAN_POINT('',(0.0643393050221137,-0.0411778556802761,0.));
#8661=CARTESIAN_POINT('',(0.0643393050221137,-0.032677855680276,0.));
#8662=CARTESIAN_POINT('',(0.0643393050221137,-0.049677855680276,0.));
#8663=CARTESIAN_POINT('',(0.0643393050221137,-0.032677855680276,0.002));
#8664=CARTESIAN_POINT('',(0.0643393050221137,-0.049677855680276,0.002));
#8665=CARTESIAN_POINT('',(0.0733393050221137,-0.032677855680276,0.002));
#8666=CARTESIAN_POINT('',(0.0733393050221137,-0.032677855680276,0.));
#8667=CARTESIAN_POINT('',(0.0823393050221137,-0.032677855680276,0.));
#8668=CARTESIAN_POINT('',(0.0823393050221137,-0.032677855680276,0.002));
#8669=CARTESIAN_POINT('',(0.0823393050221137,-0.0411778556802761,0.002));
#8670=CARTESIAN_POINT('',(0.0823393050221137,-0.0411778556802761,0.));
#8671=CARTESIAN_POINT('',(0.0823393050221137,-0.0496778556802761,0.));
#8672=CARTESIAN_POINT('',(0.0823393050221137,-0.0496778556802761,0.002));
#8673=CARTESIAN_POINT('',(0.0510670997481496,-0.0104278667605977,0.002));
#8674=CARTESIAN_POINT('',(0.0510670997481496,-0.0104278667605977,0.));
#8675=CARTESIAN_POINT('',(0.0420670997481496,-0.0104278667605977,0.));
#8676=CARTESIAN_POINT('',(0.0600670997481496,-0.0104278667605977,0.));
#8677=CARTESIAN_POINT('',(0.0600670997481496,-0.0104278667605977,0.002));
#8678=CARTESIAN_POINT('',(0.0420670997481496,-0.0104278667605977,0.002));
#8679=CARTESIAN_POINT('',(0.0600670997481496,-0.0189278667605977,0.002));
#8680=CARTESIAN_POINT('',(0.0600670997481496,-0.0189278667605977,0.));
#8681=CARTESIAN_POINT('',(0.0600670997481496,-0.0274278667605977,0.));
#8682=CARTESIAN_POINT('',(0.0600670997481496,-0.0274278667605977,0.002));
#8683=CARTESIAN_POINT('',(0.0510670997481496,-0.0274278667605977,0.002));
#8684=CARTESIAN_POINT('',(0.0510670997481496,-0.0274278667605977,0.));
#8685=CARTESIAN_POINT('',(0.0420670997481496,-0.0274278667605978,0.));
#8686=CARTESIAN_POINT('',(0.0420670997481496,-0.0274278667605978,0.002));
#8687=CARTESIAN_POINT('',(-0.0691829002518503,-0.0189278667605977,0.002));
#8688=CARTESIAN_POINT('',(-0.0691829002518503,-0.0189278667605977,0.));
#8689=CARTESIAN_POINT('',(-0.0691829002518503,-0.0104278667605977,0.));
#8690=CARTESIAN_POINT('',(-0.0691829002518503,-0.0274278667605978,0.));
#8691=CARTESIAN_POINT('',(-0.0691829002518503,-0.0104278667605977,0.002));
#8692=CARTESIAN_POINT('',(-0.0691829002518503,-0.0274278667605978,0.002));
#8693=CARTESIAN_POINT('',(-0.0601829002518503,-0.0104278667605977,0.002));
#8694=CARTESIAN_POINT('',(-0.0601829002518503,-0.0104278667605977,0.));
#8695=CARTESIAN_POINT('',(-0.0511829002518503,-0.0104278667605977,0.));
#8696=CARTESIAN_POINT('',(-0.0511829002518503,-0.0104278667605977,0.002));
#8697=CARTESIAN_POINT('',(-0.0511829002518503,-0.0189278667605977,0.002));
#8698=CARTESIAN_POINT('',(-0.0511829002518503,-0.0189278667605977,0.));
#8699=CARTESIAN_POINT('',(-0.0511829002518503,-0.0274278667605978,0.));
#8700=CARTESIAN_POINT('',(-0.0511829002518503,-0.0274278667605978,0.002));
#8701=CARTESIAN_POINT('',(0.0643170997481496,-0.0189278667605977,0.002));
#8702=CARTESIAN_POINT('',(0.0643170997481496,-0.0189278667605977,0.));
#8703=CARTESIAN_POINT('',(0.0643170997481496,-0.0104278667605977,0.));
#8704=CARTESIAN_POINT('',(0.0643170997481496,-0.0274278667605977,0.));
#8705=CARTESIAN_POINT('',(0.0643170997481496,-0.0104278667605977,0.002));
#8706=CARTESIAN_POINT('',(0.0643170997481496,-0.0274278667605977,0.002));
#8707=CARTESIAN_POINT('',(0.0733170997481496,-0.0104278667605977,0.002));
#8708=CARTESIAN_POINT('',(0.0733170997481496,-0.0104278667605977,0.));
#8709=CARTESIAN_POINT('',(0.0823170997481496,-0.0104278667605977,0.));
#8710=CARTESIAN_POINT('',(0.0823170997481496,-0.0104278667605977,0.002));
#8711=CARTESIAN_POINT('',(0.0823170997481496,-0.0189278667605977,0.002));
#8712=CARTESIAN_POINT('',(0.0823170997481496,-0.0189278667605977,0.));
#8713=CARTESIAN_POINT('',(0.0823170997481496,-0.0274278667605978,0.));
#8714=CARTESIAN_POINT('',(0.0823170997481496,-0.0274278667605978,0.002));
#8715=CARTESIAN_POINT('',(0.0732948944741856,0.0118221221590806,0.002));
#8716=CARTESIAN_POINT('',(0.0732948944741856,0.0118221221590806,0.));
#8717=CARTESIAN_POINT('',(0.0642948944741855,0.0118221221590806,0.));
#8718=CARTESIAN_POINT('',(0.0822948944741856,0.0118221221590806,0.));
#8719=CARTESIAN_POINT('',(0.0822948944741856,0.0118221221590806,0.002));
#8720=CARTESIAN_POINT('',(0.0642948944741855,0.0118221221590806,0.002));
#8721=CARTESIAN_POINT('',(0.0822948944741856,0.0033221221590806,0.002));
#8722=CARTESIAN_POINT('',(0.0822948944741856,0.0033221221590806,0.));
#8723=CARTESIAN_POINT('',(0.0822948944741856,-0.00517787784091937,0.));
#8724=CARTESIAN_POINT('',(0.0822948944741856,-0.00517787784091937,0.002));
#8725=CARTESIAN_POINT('',(0.0732948944741856,-0.00517787784091938,0.002));
#8726=CARTESIAN_POINT('',(0.0732948944741856,-0.00517787784091938,0.));
#8727=CARTESIAN_POINT('',(0.0642948944741855,-0.00517787784091938,0.));
#8728=CARTESIAN_POINT('',(0.0642948944741855,-0.00517787784091938,0.002));
#8729=CARTESIAN_POINT('',(0.0510448944741856,0.0118221221590806,0.002));
#8730=CARTESIAN_POINT('',(0.0510448944741856,0.0118221221590806,0.));
#8731=CARTESIAN_POINT('',(0.0420448944741855,0.0118221221590806,0.));
#8732=CARTESIAN_POINT('',(0.0600448944741856,0.0118221221590806,0.));
#8733=CARTESIAN_POINT('',(0.0600448944741856,0.0118221221590806,0.002));
#8734=CARTESIAN_POINT('',(0.0420448944741855,0.0118221221590806,0.002));
#8735=CARTESIAN_POINT('',(0.0600448944741856,0.0033221221590806,0.002));
#8736=CARTESIAN_POINT('',(0.0600448944741856,0.0033221221590806,0.));
#8737=CARTESIAN_POINT('',(0.0600448944741856,-0.00517787784091938,0.));
#8738=CARTESIAN_POINT('',(0.0600448944741856,-0.00517787784091938,0.002));
#8739=CARTESIAN_POINT('',(0.0510448944741856,-0.00517787784091938,0.002));
#8740=CARTESIAN_POINT('',(0.0510448944741856,-0.00517787784091938,0.));
#8741=CARTESIAN_POINT('',(0.0420448944741855,-0.00517787784091938,0.));
#8742=CARTESIAN_POINT('',(0.0420448944741855,-0.00517787784091938,0.002));
#8743=CARTESIAN_POINT('',(0.0287948944741856,0.0118221221590806,0.002));
#8744=CARTESIAN_POINT('',(0.0287948944741856,0.0118221221590806,0.));
#8745=CARTESIAN_POINT('',(0.0197948944741856,0.0118221221590806,0.));
#8746=CARTESIAN_POINT('',(0.0377948944741856,0.0118221221590806,0.));
#8747=CARTESIAN_POINT('',(0.0377948944741856,0.0118221221590806,0.002));
#8748=CARTESIAN_POINT('',(0.0197948944741856,0.0118221221590806,0.002));
#8749=CARTESIAN_POINT('',(0.0377948944741856,0.0033221221590806,0.002));
#8750=CARTESIAN_POINT('',(0.0377948944741856,0.0033221221590806,0.));
#8751=CARTESIAN_POINT('',(0.0377948944741856,-0.00517787784091938,0.));
#8752=CARTESIAN_POINT('',(0.0377948944741856,-0.00517787784091938,0.002));
#8753=CARTESIAN_POINT('',(0.0287948944741856,-0.00517787784091939,0.002));
#8754=CARTESIAN_POINT('',(0.0287948944741856,-0.00517787784091939,0.));
#8755=CARTESIAN_POINT('',(0.0197948944741856,-0.00517787784091939,0.));
#8756=CARTESIAN_POINT('',(0.0197948944741856,-0.00517787784091939,0.002));
#8757=CARTESIAN_POINT('',(0.00654489447418558,0.0118221221590806,0.002));
#8758=CARTESIAN_POINT('',(0.00654489447418558,0.0118221221590806,0.));
#8759=CARTESIAN_POINT('',(-0.00245510552581442,0.0118221221590806,0.));
#8760=CARTESIAN_POINT('',(0.0155448944741856,0.0118221221590806,0.));
#8761=CARTESIAN_POINT('',(0.0155448944741856,0.0118221221590806,0.002));
#8762=CARTESIAN_POINT('',(-0.00245510552581442,0.0118221221590806,0.002));
#8763=CARTESIAN_POINT('',(0.0155448944741856,0.0033221221590806,0.002));
#8764=CARTESIAN_POINT('',(0.0155448944741856,0.0033221221590806,0.));
#8765=CARTESIAN_POINT('',(0.0155448944741856,-0.00517787784091939,0.));
#8766=CARTESIAN_POINT('',(0.0155448944741856,-0.00517787784091939,0.002));
#8767=CARTESIAN_POINT('',(0.00654489447418558,-0.00517787784091939,0.002));
#8768=CARTESIAN_POINT('',(0.00654489447418558,-0.00517787784091939,0.));
#8769=CARTESIAN_POINT('',(-0.00245510552581442,-0.00517787784091939,0.));
#8770=CARTESIAN_POINT('',(-0.00245510552581442,-0.00517787784091939,0.002));
#8771=CARTESIAN_POINT('',(-0.0157051055258144,0.0118221221590806,0.002));
#8772=CARTESIAN_POINT('',(-0.0157051055258144,0.0118221221590806,0.));
#8773=CARTESIAN_POINT('',(-0.0247051055258144,0.0118221221590806,0.));
#8774=CARTESIAN_POINT('',(-0.00670510552581441,0.0118221221590806,0.));
#8775=CARTESIAN_POINT('',(-0.00670510552581441,0.0118221221590806,0.002));
#8776=CARTESIAN_POINT('',(-0.0247051055258144,0.0118221221590806,0.002));
#8777=CARTESIAN_POINT('',(-0.00670510552581441,0.0033221221590806,0.002));
#8778=CARTESIAN_POINT('',(-0.00670510552581441,0.0033221221590806,0.));
#8779=CARTESIAN_POINT('',(-0.00670510552581441,-0.0051778778409194,0.));
#8780=CARTESIAN_POINT('',(-0.00670510552581441,-0.0051778778409194,0.002));
#8781=CARTESIAN_POINT('',(-0.0157051055258144,-0.0051778778409194,0.002));
#8782=CARTESIAN_POINT('',(-0.0157051055258144,-0.0051778778409194,0.));
#8783=CARTESIAN_POINT('',(-0.0247051055258144,-0.0051778778409194,0.));
#8784=CARTESIAN_POINT('',(-0.0247051055258144,-0.0051778778409194,0.002));
#8785=CARTESIAN_POINT('',(-0.0379551055258144,0.0118221221590806,0.002));
#8786=CARTESIAN_POINT('',(-0.0379551055258144,0.0118221221590806,0.));
#8787=CARTESIAN_POINT('',(-0.0469551055258144,0.0118221221590806,0.));
#8788=CARTESIAN_POINT('',(-0.0289551055258144,0.0118221221590806,0.));
#8789=CARTESIAN_POINT('',(-0.0289551055258144,0.0118221221590806,0.002));
#8790=CARTESIAN_POINT('',(-0.0469551055258144,0.0118221221590806,0.002));
#8791=CARTESIAN_POINT('',(-0.0289551055258144,0.0033221221590806,0.002));
#8792=CARTESIAN_POINT('',(-0.0289551055258144,0.0033221221590806,0.));
#8793=CARTESIAN_POINT('',(-0.0289551055258144,-0.0051778778409194,0.));
#8794=CARTESIAN_POINT('',(-0.0289551055258144,-0.0051778778409194,0.002));
#8795=CARTESIAN_POINT('',(-0.0379551055258144,-0.0051778778409194,0.002));
#8796=CARTESIAN_POINT('',(-0.0379551055258144,-0.0051778778409194,0.));
#8797=CARTESIAN_POINT('',(-0.0469551055258144,-0.0051778778409194,0.));
#8798=CARTESIAN_POINT('',(-0.0469551055258144,-0.0051778778409194,0.002));
#8799=CARTESIAN_POINT('',(-0.0602051055258144,0.0118221221590806,0.002));
#8800=CARTESIAN_POINT('',(-0.0602051055258144,0.0118221221590806,0.));
#8801=CARTESIAN_POINT('',(-0.0692051055258144,0.0118221221590806,0.));
#8802=CARTESIAN_POINT('',(-0.0512051055258144,0.0118221221590806,0.));
#8803=CARTESIAN_POINT('',(-0.0512051055258144,0.0118221221590806,0.002));
#8804=CARTESIAN_POINT('',(-0.0692051055258144,0.0118221221590806,0.002));
#8805=CARTESIAN_POINT('',(-0.0512051055258144,0.0033221221590806,0.002));
#8806=CARTESIAN_POINT('',(-0.0512051055258144,0.0033221221590806,0.));
#8807=CARTESIAN_POINT('',(-0.0512051055258144,-0.00517787784091941,0.));
#8808=CARTESIAN_POINT('',(-0.0512051055258144,-0.00517787784091941,0.002));
#8809=CARTESIAN_POINT('',(-0.0602051055258144,-0.00517787784091941,0.002));
#8810=CARTESIAN_POINT('',(-0.0602051055258144,-0.00517787784091941,0.));
#8811=CARTESIAN_POINT('',(-0.0692051055258144,-0.00517787784091941,0.));
#8812=CARTESIAN_POINT('',(-0.0692051055258144,-0.00517787784091941,0.002));
#8813=CARTESIAN_POINT('',(0.0965818944741856,0.0806221221590806,0.002));
#8814=CARTESIAN_POINT('',(0.0965818944741856,0.0806221221590806,0.));
#8815=CARTESIAN_POINT('',(0.0975818944741856,0.0806221221590806,0.));
#8816=CARTESIAN_POINT('',(-0.0988181055258144,0.0806221221590806,0.002));
#8817=CARTESIAN_POINT('',(-0.0988181055258144,0.0806221221590806,0.));
#8818=CARTESIAN_POINT('',(-0.0978181055258144,0.0806221221590806,0.));
#8819=CARTESIAN_POINT('',(-0.0988181055258144,-0.0817778778409195,0.002));
#8820=CARTESIAN_POINT('',(-0.0988181055258144,-0.0817778778409195,0.));
#8821=CARTESIAN_POINT('',(-0.0978181055258144,-0.0817778778409195,0.));
#8822=CARTESIAN_POINT('',(0.0995818944741856,-0.00057787784091938,0.002));
#8823=CARTESIAN_POINT('',(0.0995818944741856,-0.0797778778409194,0.));
#8824=CARTESIAN_POINT('',(0.0995818944741856,-0.0797778778409194,0.));
#8825=CARTESIAN_POINT('',(0.0995818944741856,-0.00057787784091938,0.));
#8826=CARTESIAN_POINT('',(0.0995818944741856,0.0786221221590806,0.));
#8827=CARTESIAN_POINT('',(0.0995818944741856,0.0786221221590806,0.002));
#8828=CARTESIAN_POINT('',(0.0467818944741856,0.0480221221590806,0.002));
#8829=CARTESIAN_POINT('',(0.0467818944741856,0.0480221221590806,0.));
#8830=CARTESIAN_POINT('',(0.0467818944741856,0.0386721221590806,0.002));
#8831=CARTESIAN_POINT('',(0.0467818944741856,0.0386721221590806,0.));
#8832=CARTESIAN_POINT('',(0.0467818944741856,0.0293221221590806,0.002));
#8833=CARTESIAN_POINT('',(0.0467818944741856,0.0293221221590806,0.));
#8834=CARTESIAN_POINT('',(0.0468318944741856,0.0226421221590806,0.002));
#8835=CARTESIAN_POINT('',(0.0468318944741856,0.0226421221590806,0.));
#8836=CARTESIAN_POINT('',(-0.00494310552581438,0.0281221221590806,0.002));
#8837=CARTESIAN_POINT('',(-0.00494310552581438,0.0281221221590806,0.));
#8838=CARTESIAN_POINT('',(0.0908923944741856,0.0749121221590806,0.002));
#8839=CARTESIAN_POINT('',(0.0908923944741856,0.0749121221590806,0.));
#8840=CARTESIAN_POINT('',(0.0912823944741856,0.0704221221590806,0.002));
#8841=CARTESIAN_POINT('',(0.0912823944741856,0.0704221221590806,0.));
#8842=CARTESIAN_POINT('',(-0.0609191055258144,0.0345171221590806,0.002));
#8843=CARTESIAN_POINT('',(-0.0609191055258144,0.0345171221590806,0.));
#8844=CARTESIAN_POINT('',(-0.0824551055258144,-0.00517787784091941,0.002));
#8845=CARTESIAN_POINT('',(-0.0824551055258144,-0.00517787784091941,0.));
#8846=CARTESIAN_POINT('',(0.00656709974814965,-0.0274278667605977,0.002));
#8847=CARTESIAN_POINT('',(0.00656709974814965,-0.0274278667605977,0.));
#8848=CARTESIAN_POINT('',(0.0378170997481497,-0.0189278667605977,0.002));
#8849=CARTESIAN_POINT('',(0.0378170997481497,-0.0189278667605977,0.));
#8850=CARTESIAN_POINT('',(-0.00668290025185034,-0.0189278667605977,0.002));
#8851=CARTESIAN_POINT('',(-0.00668290025185034,-0.0189278667605977,0.));
#8852=CARTESIAN_POINT('',(-0.0379329002518504,-0.0274278667605978,0.002));
#8853=CARTESIAN_POINT('',(-0.0379329002518504,-0.0274278667605978,0.));
#8854=CARTESIAN_POINT('',(-0.0824329002518503,-0.0274278667605978,0.002));
#8855=CARTESIAN_POINT('',(-0.0824329002518503,-0.0274278667605978,0.));
#8856=CARTESIAN_POINT('',(0.00658930502211371,-0.049677855680276,0.002));
#8857=CARTESIAN_POINT('',(0.00658930502211371,-0.049677855680276,0.));
#8858=CARTESIAN_POINT('',(0.0378393050221137,-0.0411778556802761,0.002));
#8859=CARTESIAN_POINT('',(0.0378393050221137,-0.0411778556802761,0.));
#8860=CARTESIAN_POINT('',(-0.00666069497788628,-0.0411778556802761,0.002));
#8861=CARTESIAN_POINT('',(-0.00666069497788628,-0.0411778556802761,0.));
#8862=CARTESIAN_POINT('',(-0.0379106949778863,-0.049677855680276,0.002));
#8863=CARTESIAN_POINT('',(-0.0379106949778863,-0.049677855680276,0.));
#8864=CARTESIAN_POINT('',(-0.0824106949778863,-0.0496778556802761,0.002));
#8865=CARTESIAN_POINT('',(-0.0824106949778863,-0.0496778556802761,0.));
#8866=CARTESIAN_POINT('',(0.00661151029607778,-0.0719278445999544,0.002));
#8867=CARTESIAN_POINT('',(0.00661151029607778,-0.0719278445999544,0.));
#8868=CARTESIAN_POINT('',(0.0378615102960777,-0.0634278445999544,0.002));
#8869=CARTESIAN_POINT('',(0.0378615102960777,-0.0634278445999544,0.));
#8870=CARTESIAN_POINT('',(-0.00663848970392222,-0.0634278445999544,0.002));
#8871=CARTESIAN_POINT('',(-0.00663848970392222,-0.0634278445999544,0.));
#8872=CARTESIAN_POINT('',(-0.0378884897039222,-0.0719278445999544,0.002));
#8873=CARTESIAN_POINT('',(-0.0378884897039222,-0.0719278445999544,0.));
#8874=CARTESIAN_POINT('',(-0.0823884897039222,-0.0719278445999544,0.002));
#8875=CARTESIAN_POINT('',(-0.0823884897039222,-0.0719278445999544,0.));
#8876=CARTESIAN_POINT('',(-0.0578181055258144,0.0751421221590806,0.002));
#8877=CARTESIAN_POINT('',(-0.0578181055258144,0.0751421221590806,0.));
#8878=CARTESIAN_POINT('',(-0.0552681055258144,0.0751421221590806,0.));
#8879=CARTESIAN_POINT('',(0.0421115102960778,-0.0634278445999544,0.002));
#8880=CARTESIAN_POINT('',(0.0421115102960778,-0.0634278445999544,0.));
#8881=CARTESIAN_POINT('',(-0.0601384897039222,-0.0719278445999544,0.002));
#8882=CARTESIAN_POINT('',(-0.0601384897039222,-0.0719278445999544,0.));
#8883=CARTESIAN_POINT('',(0.0733615102960777,-0.0719278445999543,0.002));
#8884=CARTESIAN_POINT('',(0.0733615102960777,-0.0719278445999543,0.));
#8885=CARTESIAN_POINT('',(0.0420893050221137,-0.0411778556802761,0.002));
#8886=CARTESIAN_POINT('',(0.0420893050221137,-0.0411778556802761,0.));
#8887=CARTESIAN_POINT('',(-0.0601606949778863,-0.0496778556802761,0.002));
#8888=CARTESIAN_POINT('',(-0.0601606949778863,-0.0496778556802761,0.));
#8889=CARTESIAN_POINT('',(0.0733393050221137,-0.049677855680276,0.002));
#8890=CARTESIAN_POINT('',(0.0733393050221137,-0.049677855680276,0.));
#8891=CARTESIAN_POINT('',(0.0420670997481496,-0.0189278667605977,0.002));
#8892=CARTESIAN_POINT('',(0.0420670997481496,-0.0189278667605977,0.));
#8893=CARTESIAN_POINT('',(-0.0601829002518503,-0.0274278667605978,0.002));
#8894=CARTESIAN_POINT('',(-0.0601829002518503,-0.0274278667605978,0.));
#8895=CARTESIAN_POINT('',(0.0733170997481496,-0.0274278667605977,0.002));
#8896=CARTESIAN_POINT('',(0.0733170997481496,-0.0274278667605977,0.));
#8897=CARTESIAN_POINT('',(0.0642948944741855,0.0033221221590806,0.002));
#8898=CARTESIAN_POINT('',(0.0642948944741855,0.0033221221590806,0.));
#8899=CARTESIAN_POINT('',(0.0420448944741855,0.0033221221590806,0.002));
#8900=CARTESIAN_POINT('',(0.0420448944741855,0.0033221221590806,0.));
#8901=CARTESIAN_POINT('',(0.0197948944741856,0.00332212215908059,0.002));
#8902=CARTESIAN_POINT('',(0.0197948944741856,0.00332212215908059,0.));
#8903=CARTESIAN_POINT('',(-0.00245510552581442,0.00332212215908059,0.002));
#8904=CARTESIAN_POINT('',(-0.00245510552581442,0.00332212215908059,0.));
#8905=CARTESIAN_POINT('',(-0.0247051055258144,0.00332212215908059,0.002));
#8906=CARTESIAN_POINT('',(-0.0247051055258144,0.00332212215908059,0.));
#8907=CARTESIAN_POINT('',(-0.0469551055258144,0.00332212215908059,0.002));
#8908=CARTESIAN_POINT('',(-0.0469551055258144,0.00332212215908059,0.));
#8909=CARTESIAN_POINT('',(-0.0692051055258144,0.00332212215908058,0.002));
#8910=CARTESIAN_POINT('',(-0.0692051055258144,0.00332212215908058,0.));
#8911=CARTESIAN_POINT('',(0.0965818944741856,-0.0817778778409194,0.002));
#8912=CARTESIAN_POINT('',(0.0965818944741856,-0.0817778778409194,0.));
#8913=CARTESIAN_POINT('',(0.0975818944741856,-0.0817778778409194,0.));
#8914=CARTESIAN_POINT('',(-0.00111810552581439,-0.000577877840919408,0.));
#8915=CARTESIAN_POINT('',(0.0945818944741856,-0.0797778778409194,0.));
#8916=CARTESIAN_POINT('',(-0.0968181055258144,-0.0797778778409194,0.));
#8917=CARTESIAN_POINT('',(-0.0968181055258144,0.0786221221590806,0.));
#8918=CARTESIAN_POINT('',(0.0945818944741856,0.0786221221590806,0.));
#8919=CARTESIAN_POINT('',(0.0945818944741856,-0.0797778778409194,0.002));
#8920=CARTESIAN_POINT('',(0.0945818944741856,0.0786221221590806,0.002));
#8921=CARTESIAN_POINT('',(-0.0968181055258144,0.0786221221590806,0.002));
#8922=CARTESIAN_POINT('',(-0.0968181055258144,-0.0797778778409194,0.002));
#8923=CARTESIAN_POINT('',(0.0172163496606949,0.0209088688763204,0.0016));
#8924=CARTESIAN_POINT('',(0.0172163496606949,0.0209088688763204,0.002));
#8925=CARTESIAN_POINT('',(0.0139324063104067,0.0209088688763204,0.002));
#8926=CARTESIAN_POINT('',(0.020500293010983,0.0209088688763204,0.002));
#8927=CARTESIAN_POINT('',(0.0139324063104067,0.0209088688763204,0.0016));
#8928=CARTESIAN_POINT('',(0.0139324063104067,0.0209088688763204,0.0016));
#8929=CARTESIAN_POINT('',(0.0172163496606949,0.0209088688763204,0.0016));
#8930=CARTESIAN_POINT('',(0.020500293010983,0.0209088688763204,0.0016));
#8931=CARTESIAN_POINT('',(0.020500293010983,0.0209088688763204,0.0016));
#8932=CARTESIAN_POINT('',(0.0139324063104067,0.0223591268256578,0.0016));
#8933=CARTESIAN_POINT('',(0.0139324063104067,0.0223591268256578,0.002));
#8934=CARTESIAN_POINT('',(0.0139324595116056,0.0238093857355417,0.002));
#8935=CARTESIAN_POINT('',(0.0139324063104067,0.0238093847749952,0.0016));
#8936=CARTESIAN_POINT('',(0.0139324595116056,0.0238093857355417,0.0016));
#8937=CARTESIAN_POINT('',(0.0139324063104067,0.0223591268256578,0.0016));
#8938=CARTESIAN_POINT('',(0.0140994454214363,0.0238124006622714,0.0016));
#8939=CARTESIAN_POINT('',(0.0140994454214363,0.0238124006622714,0.002));
#8940=CARTESIAN_POINT('',(0.0139832079042647,0.0239322524324105,0.002));
#8941=CARTESIAN_POINT('',(0.0139832074957431,0.0239322520111805,0.0016));
#8942=CARTESIAN_POINT('',(0.0139832079042647,0.0239322524324105,0.0016));
#8943=CARTESIAN_POINT('',(0.0140994454214363,0.0238124006622714,0.0016));
#8944=CARTESIAN_POINT('',(0.0141030605041553,0.0238160157449904,0.0016));
#8945=CARTESIAN_POINT('',(0.0141030605041553,0.0238160157449904,0.002));
#8946=CARTESIAN_POINT('',(0.0141060754308851,0.0239830016548211,0.002));
#8947=CARTESIAN_POINT('',(0.0141060763914315,0.0239830548560201,0.0016));
#8948=CARTESIAN_POINT('',(0.0141060754308851,0.0239830016548211,0.00160000025));
#8949=CARTESIAN_POINT('',(0.0141030605041553,0.0238160157449904,0.0016));
#8950=CARTESIAN_POINT('',(0.0172095832939017,0.0239830548560201,0.0016));
#8951=CARTESIAN_POINT('',(0.0172095832939017,0.0239830548560201,0.002));
#8952=CARTESIAN_POINT('',(0.0203130902366491,0.0239830941465828,0.002));
#8953=CARTESIAN_POINT('',(0.0203130901963718,0.0239830548560201,0.0016));
#8954=CARTESIAN_POINT('',(0.0203130902366491,0.0239830941465828,0.0016));
#8955=CARTESIAN_POINT('',(0.0172095832939017,0.0239830548560201,0.0016));
#8956=CARTESIAN_POINT('',(0.0203128949537284,0.0237925952445139,0.0016));
#8957=CARTESIAN_POINT('',(0.0203128949537284,0.0237925952445139,0.002));
#8958=CARTESIAN_POINT('',(0.0204426792237694,0.0239321958790727,0.002));
#8959=CARTESIAN_POINT('',(0.020442778893241,0.0239323071050713,0.0016));
#8960=CARTESIAN_POINT('',(0.0204426792237694,0.0239321958790727,0.0016));
#8961=CARTESIAN_POINT('',(0.0203128949537284,0.0237925952445139,0.0016));
#8962=CARTESIAN_POINT('',(0.0203426596639393,0.0238100807094617,0.0016));
#8963=CARTESIAN_POINT('',(0.0203426596639393,0.0238100807094617,0.002));
#8964=CARTESIAN_POINT('',(0.02050032513305,0.0238093846331797,0.002));
#8965=CARTESIAN_POINT('',(0.020500293010983,0.0238093847749952,0.0016));
#8966=CARTESIAN_POINT('',(0.02050032513305,0.0238093846331797,0.00160000025));
#8967=CARTESIAN_POINT('',(0.0203426596639393,0.0238100807094617,0.0016));
#8968=CARTESIAN_POINT('',(0.0120265463303287,0.0197022001315373,0.0016));
#8969=CARTESIAN_POINT('',(0.0120265463303287,0.0155093081753658,0.0016));
#8970=CARTESIAN_POINT('',(0.0120265463303287,0.0155093081753658,0.0016));
#8971=CARTESIAN_POINT('',(0.0120265463303287,0.0197022001315373,0.0016));
#8972=CARTESIAN_POINT('',(0.0120268919120462,0.0238950959581514,0.00160000025));
#8973=CARTESIAN_POINT('',(0.0120265463303287,0.0238950920877088,0.0016));
#8974=CARTESIAN_POINT('',(0.0129794763203677,0.0155093081753658,0.0016));
#8975=CARTESIAN_POINT('',(0.0139324063104067,0.0155093081753658,0.0016));
#8976=CARTESIAN_POINT('',(0.0139324063104067,0.0155093081753658,0.0016));
#8977=CARTESIAN_POINT('',(0.0129794763203677,0.0155093081753658,0.0016));
#8978=CARTESIAN_POINT('',(0.0139324063104067,0.0172561585358041,0.0016));
#8979=CARTESIAN_POINT('',(0.0139324063104067,0.0190030088962424,0.0016));
#8980=CARTESIAN_POINT('',(0.0139324063104067,0.0190030088962424,0.0016));
#8981=CARTESIAN_POINT('',(0.0139324063104067,0.0172561585358041,0.0016));
#8982=CARTESIAN_POINT('',(0.0172163496606949,0.0190030088962424,0.0016));
#8983=CARTESIAN_POINT('',(0.020500293010983,0.0190030088962424,0.0016));
#8984=CARTESIAN_POINT('',(0.020500293010983,0.0190030088962424,0.0016));
#8985=CARTESIAN_POINT('',(0.0172163496606949,0.0190030088962424,0.0016));
#8986=CARTESIAN_POINT('',(0.020500293010983,0.0172561585358041,0.0016));
#8987=CARTESIAN_POINT('',(0.020500293010983,0.0155093081753658,0.0016));
#8988=CARTESIAN_POINT('',(0.020500293010983,0.0155093081753658,0.0016));
#8989=CARTESIAN_POINT('',(0.020500293010983,0.0172561585358041,0.0016));
#8990=CARTESIAN_POINT('',(0.0214599893678152,0.0155093081753658,0.0016));
#8991=CARTESIAN_POINT('',(0.0224196857246473,0.0155093081753658,0.0016));
#8992=CARTESIAN_POINT('',(0.0224196857246473,0.0155093081753658,0.0016));
#8993=CARTESIAN_POINT('',(0.0214599893678152,0.0155093081753658,0.0016));
#8994=CARTESIAN_POINT('',(0.0224196857246473,0.0197022001315373,0.0016));
#8995=CARTESIAN_POINT('',(0.0224196857246473,0.0238950920877088,0.0016));
#8996=CARTESIAN_POINT('',(0.0224193401429298,0.0238950959581514,0.0016));
#8997=CARTESIAN_POINT('',(0.0224196857246473,0.0197022001315373,0.0016));
#8998=CARTESIAN_POINT('',(0.0205122872587601,0.0239164545498941,0.0016));
#8999=CARTESIAN_POINT('',(0.0221456478695237,0.0248998975564955,0.0016));
#9000=CARTESIAN_POINT('',(0.0221457481547777,0.024899958064649,0.0016));
#9001=CARTESIAN_POINT('',(0.0205122872587601,0.0239164545498941,0.0016));
#9002=CARTESIAN_POINT('',(0.0203549282563298,0.0238253806717432,0.0016));
#9003=CARTESIAN_POINT('',(0.0214092416168664,0.0256284097145607,0.0016));
#9004=CARTESIAN_POINT('',(0.0214091729587333,0.0256282907908343,0.0016));
#9005=CARTESIAN_POINT('',(0.0203549282563298,0.0238253806717432,0.0016));
#9006=CARTESIAN_POINT('',(0.020414878672524,0.0239582879561708,0.0016));
#9007=CARTESIAN_POINT('',(0.0203987975090854,0.0259024475696844,0.0016));
#9008=CARTESIAN_POINT('',(0.020398799430776,0.0259022152436212,0.00160000025));
#9009=CARTESIAN_POINT('',(0.020414878672524,0.0239582879561708,0.0016));
#9010=CARTESIAN_POINT('',(0.0172163496606949,0.0259024475696844,0.0016));
#9011=CARTESIAN_POINT('',(0.0140339018123043,0.0259024475696844,0.0016));
#9012=CARTESIAN_POINT('',(0.0140338986811564,0.0259021413417257,0.0016));
#9013=CARTESIAN_POINT('',(0.0172163496606949,0.0259024475696844,0.0016));
#9014=CARTESIAN_POINT('',(0.0140143822935113,0.0239934280458384,0.0016));
#9015=CARTESIAN_POINT('',(0.0130302240713165,0.0256284097145607,0.0016));
#9016=CARTESIAN_POINT('',(0.0130302246141197,0.0256284076601274,0.0016));
#9017=CARTESIAN_POINT('',(0.0140143822935113,0.0239934280458384,0.0016));
#9018=CARTESIAN_POINT('',(0.0141086352593237,0.0238185689739082,0.0016));
#9019=CARTESIAN_POINT('',(0.0123005841854523,0.0248998975564955,0.0016));
#9020=CARTESIAN_POINT('',(0.0123005350983881,0.0248999274681493,0.0016));
#9021=CARTESIAN_POINT('',(0.0141086352593237,0.0238185689739082,0.0016));
#9022=CARTESIAN_POINT('',(0.0139339447962159,0.0239164545498941,0.0016));
#9023=CARTESIAN_POINT('',(0.0139339447962159,0.0239164545498941,0.0016));
#9024=CARTESIAN_POINT('',(0.020500293010983,0.0223591268256578,0.0016));
#9025=CARTESIAN_POINT('',(0.020500293010983,0.0223591268256578,0.002));
#9026=CARTESIAN_POINT('',(0.020500293010983,0.0223591268256578,0.0016));
#9027=CARTESIAN_POINT('',(-0.00111810552581439,-0.000577877840919408,0.0016));
#9028=CARTESIAN_POINT('',(0.00516206721865149,0.0174287008890301,0.0016));
#9029=CARTESIAN_POINT('',(0.00516206721865149,0.0174287008890301,0.002));
#9030=CARTESIAN_POINT('',(0.00205066471955209,0.0174287706344349,0.002));
#9031=CARTESIAN_POINT('',(0.00827346825599093,0.0174286615984674,0.002));
#9032=CARTESIAN_POINT('',(0.00205066622158931,0.0174287008890301,0.0016));
#9033=CARTESIAN_POINT('',(0.00205066471955209,0.0174287706344349,0.0016));
#9034=CARTESIAN_POINT('',(0.00516206721865149,0.0174287008890301,0.0016));
#9035=CARTESIAN_POINT('',(0.00827346825599093,0.0174286615984674,0.00160000025));
#9036=CARTESIAN_POINT('',(0.00827346821571366,0.0174287008890301,0.0016));
#9037=CARTESIAN_POINT('',(0.00204714787701542,0.0175920712529259,0.0016));
#9038=CARTESIAN_POINT('',(0.00204714787701542,0.0175920712529259,0.002));
#9039=CARTESIAN_POINT('',(0.0019290855186136,0.0174792973415993,0.002));
#9040=CARTESIAN_POINT('',(0.0019290855186136,0.0174792973415993,0.0016));
#9041=CARTESIAN_POINT('',(0.0019290855186136,0.0174792973415993,0.0016));
#9042=CARTESIAN_POINT('',(0.00204714787701542,0.0175920712529259,0.0016));
#9043=CARTESIAN_POINT('',(0.00204826349760761,0.0175990012692091,0.0016));
#9044=CARTESIAN_POINT('',(0.00204826349760761,0.0175990012692091,0.002));
#9045=CARTESIAN_POINT('',(0.0018793166155411,0.0176023696737211,0.002));
#9046=CARTESIAN_POINT('',(0.00187925159616218,0.0176023709700549,0.0016));
#9047=CARTESIAN_POINT('',(0.0018793166155411,0.0176023696737211,0.00160000025));
#9048=CARTESIAN_POINT('',(0.00204826349760761,0.0175990012692091,0.0016));
#9049=CARTESIAN_POINT('',(0.00187925159616218,0.0207058778725251,0.0016));
#9050=CARTESIAN_POINT('',(0.00187925159616218,0.0207058778725251,0.002));
#9051=CARTESIAN_POINT('',(0.0018793166155411,0.0238093860713291,0.002));
#9052=CARTESIAN_POINT('',(0.00187925159616218,0.0238093847749952,0.0016));
#9053=CARTESIAN_POINT('',(0.0018793166155411,0.0238093860713291,0.0016));
#9054=CARTESIAN_POINT('',(0.00187925159616218,0.0207058778725251,0.0016));
#9055=CARTESIAN_POINT('',(0.00204826349760745,0.0238127544758411,0.0016));
#9056=CARTESIAN_POINT('',(0.00204826349760745,0.0238127544758411,0.002));
#9057=CARTESIAN_POINT('',(0.0019290855186137,0.023932458403451,0.002));
#9058=CARTESIAN_POINT('',(0.0019290855186137,0.023932458403451,0.0016));
#9059=CARTESIAN_POINT('',(0.0019290855186137,0.023932458403451,0.0016));
#9060=CARTESIAN_POINT('',(0.00204826349760745,0.0238127544758411,0.0016));
#9061=CARTESIAN_POINT('',(0.00204714787701544,0.0238196844921244,0.0016));
#9062=CARTESIAN_POINT('',(0.00204714787701544,0.0238196844921244,0.002));
#9063=CARTESIAN_POINT('',(0.00205066471955209,0.0239829851106153,0.002));
#9064=CARTESIAN_POINT('',(0.00205066622158931,0.0239830548560201,0.0016));
#9065=CARTESIAN_POINT('',(0.00205066471955209,0.0239829851106153,0.00160000025));
#9066=CARTESIAN_POINT('',(0.00204714787701544,0.0238196844921244,0.0016));
#9067=CARTESIAN_POINT('',(0.00516206721865149,0.0239830548560201,0.0016));
#9068=CARTESIAN_POINT('',(0.00516206721865149,0.0239830548560201,0.002));
#9069=CARTESIAN_POINT('',(0.00827346825599093,0.0239830941465828,0.002));
#9070=CARTESIAN_POINT('',(0.00827346821571366,0.0239830548560201,0.0016));
#9071=CARTESIAN_POINT('',(0.00827346825599093,0.0239830941465828,0.0016));
#9072=CARTESIAN_POINT('',(0.00516206721865149,0.0239830548560201,0.0016));
#9073=CARTESIAN_POINT('',(0.00827327297307026,0.0237925952445139,0.0016));
#9074=CARTESIAN_POINT('',(0.00827327297307026,0.0237925952445139,0.002));
#9075=CARTESIAN_POINT('',(0.00840305724311122,0.0239321958790727,0.002));
#9076=CARTESIAN_POINT('',(0.00840315691258287,0.0239323071050713,0.0016));
#9077=CARTESIAN_POINT('',(0.00840305724311122,0.0239321958790727,0.0016));
#9078=CARTESIAN_POINT('',(0.00827327297307026,0.0237925952445139,0.0016));
#9079=CARTESIAN_POINT('',(0.00830303768328122,0.0238100807094617,0.0016));
#9080=CARTESIAN_POINT('',(0.00830303768328122,0.0238100807094617,0.002));
#9081=CARTESIAN_POINT('',(0.00846070315239184,0.0238093846331797,0.002));
#9082=CARTESIAN_POINT('',(0.00846067103032487,0.0238093847749952,0.0016));
#9083=CARTESIAN_POINT('',(0.00846070315239184,0.0238093846331797,0.00160000025));
#9084=CARTESIAN_POINT('',(0.00830303768328122,0.0238100807094617,0.0016));
#9085=CARTESIAN_POINT('',(0.00846067103032487,0.0207058778725251,0.0016));
#9086=CARTESIAN_POINT('',(0.00846067103032487,0.0207058778725251,0.002));
#9087=CARTESIAN_POINT('',(0.00846070315239184,0.0176023711118705,0.002));
#9088=CARTESIAN_POINT('',(0.00846067103032487,0.0176023709700549,0.0016));
#9089=CARTESIAN_POINT('',(0.00846070315239184,0.0176023711118705,0.0016));
#9090=CARTESIAN_POINT('',(0.00846067103032487,0.0207058778725251,0.0016));
#9091=CARTESIAN_POINT('',(0.00830303768328107,0.0176016750355886,0.0016));
#9092=CARTESIAN_POINT('',(0.00830303768328107,0.0176016750355886,0.002));
#9093=CARTESIAN_POINT('',(0.00840306267979526,0.0174795642761602,0.002));
#9094=CARTESIAN_POINT('',(0.00840315691258287,0.0174794486399789,0.0016));
#9095=CARTESIAN_POINT('',(0.00840306267979526,0.0174795642761602,0.0016));
#9096=CARTESIAN_POINT('',(0.00830303768328107,0.0176016750355886,0.0016));
#9097=CARTESIAN_POINT('',(-1.30756503294166E-5,0.0207058778725251,0.0016));
#9098=CARTESIAN_POINT('',(-1.30756503294166E-5,0.0155093081753658,0.0016));
#9099=CARTESIAN_POINT('',(-1.30756503294166E-5,0.0155093081753658,0.0016));
#9100=CARTESIAN_POINT('',(-1.30756503294166E-5,0.0207058778725251,0.0016));
#9101=CARTESIAN_POINT('',(-1.30756503294166E-5,0.0259024475696844,0.0016));
#9102=CARTESIAN_POINT('',(-1.30756503294166E-5,0.0259024475696844,0.0016));
#9103=CARTESIAN_POINT('',(0.0041730499390489,0.0155093081753658,0.0016));
#9104=CARTESIAN_POINT('',(0.00835917552842722,0.0155093081753658,0.0016));
#9105=CARTESIAN_POINT('',(0.00835917745011789,0.015509540501429,0.0016));
#9106=CARTESIAN_POINT('',(0.0041730499390489,0.0155093081753658,0.0016));
#9107=CARTESIAN_POINT('',(0.00837525669186521,0.0174534677888814,0.0016));
#9108=CARTESIAN_POINT('',(0.0093696196362082,0.0157833460304894,0.0016));
#9109=CARTESIAN_POINT('',(0.0093695505127876,0.0157834646765189,0.0016));
#9110=CARTESIAN_POINT('',(0.00837525669186521,0.0174534677888814,0.0016));
#9111=CARTESIAN_POINT('',(0.00831530627567185,0.0175863750733069,0.0016));
#9112=CARTESIAN_POINT('',(0.0101060258888655,0.0165118581885547,0.0016));
#9113=CARTESIAN_POINT('',(0.0101061262194889,0.0165117977560304,0.0016));
#9114=CARTESIAN_POINT('',(0.00831530627567185,0.0175863750733069,0.0016));
#9115=CARTESIAN_POINT('',(0.00847266527810182,0.0174953011951561,0.0016));
#9116=CARTESIAN_POINT('',(0.0103800637439892,0.0175166636573414,0.0016));
#9117=CARTESIAN_POINT('',(0.0103797181622717,0.0175166597868987,0.00160000025));
#9118=CARTESIAN_POINT('',(0.00847266527810182,0.0174953011951561,0.0016));
#9119=CARTESIAN_POINT('',(0.0103800637439892,0.0207058778725251,0.0016));
#9120=CARTESIAN_POINT('',(0.0103800637439892,0.0238950920877088,0.0016));
#9121=CARTESIAN_POINT('',(0.0103797181622717,0.0238950959581514,0.0016));
#9122=CARTESIAN_POINT('',(0.0103800637439892,0.0207058778725251,0.0016));
#9123=CARTESIAN_POINT('',(0.00847266527810181,0.0239164545498941,0.0016));
#9124=CARTESIAN_POINT('',(0.0101060258888655,0.0248998975564955,0.0016));
#9125=CARTESIAN_POINT('',(0.0101061261741196,0.024899958064649,0.0016));
#9126=CARTESIAN_POINT('',(0.00847266527810181,0.0239164545498941,0.0016));
#9127=CARTESIAN_POINT('',(0.00831530627567152,0.023825380671743,0.0016));
#9128=CARTESIAN_POINT('',(0.0093696196362082,0.0256284097145607,0.0016));
#9129=CARTESIAN_POINT('',(0.00936955097807515,0.0256282907908343,0.0016));
#9130=CARTESIAN_POINT('',(0.00831530627567152,0.023825380671743,0.0016));
#9131=CARTESIAN_POINT('',(0.00837525669186587,0.0239582879561709,0.0016));
#9132=CARTESIAN_POINT('',(0.00835917552842722,0.0259024475696844,0.0016));
#9133=CARTESIAN_POINT('',(0.00835917745011789,0.0259022152436212,0.00160000025));
#9134=CARTESIAN_POINT('',(0.00837525669186587,0.0239582879561709,0.0016));
#9135=CARTESIAN_POINT('',(0.0041730499390489,0.0259024475696844,0.0016));
#9136=CARTESIAN_POINT('',(0.0041730499390489,0.0259024475696844,0.0016));
#9137=CARTESIAN_POINT('',(0.00827327297307027,0.0176191605005364,0.0016));
#9138=CARTESIAN_POINT('',(0.00827327297307027,0.0176191605005364,0.002));
#9139=CARTESIAN_POINT('',(0.00827327297307027,0.0176191605005364,0.0016));
#9140=CARTESIAN_POINT('',(-0.00111810552581439,-0.000577877840919408,0.0016));
#9141=CARTESIAN_POINT('',(-0.0120526976309875,0.0207058778725251,0.0016));
#9142=CARTESIAN_POINT('',(-0.0120526976309875,0.0155093081753658,0.0016));
#9143=CARTESIAN_POINT('',(-0.0120526976309875,0.0155093081753658,0.0016));
#9144=CARTESIAN_POINT('',(-0.0120526976309875,0.0207058778725251,0.0016));
#9145=CARTESIAN_POINT('',(-0.0120526976309875,0.0259024475696844,0.0016));
#9146=CARTESIAN_POINT('',(-0.0120526976309875,0.0259024475696844,0.0016));
#9147=CARTESIAN_POINT('',(-0.0110997676409486,0.0155093081753658,0.0016));
#9148=CARTESIAN_POINT('',(-0.0101468376509096,0.0155093081753658,0.0016));
#9149=CARTESIAN_POINT('',(-0.0101468376509096,0.0155093081753658,0.0016));
#9150=CARTESIAN_POINT('',(-0.0110997676409486,0.0155093081753658,0.0016));
#9151=CARTESIAN_POINT('',(-0.0101468376509096,0.0193131340409296,0.0016));
#9152=CARTESIAN_POINT('',(-0.0101468376509096,0.0231169599064935,0.0016));
#9153=CARTESIAN_POINT('',(-0.0101468376509096,0.0231169599064935,0.0016));
#9154=CARTESIAN_POINT('',(-0.0101468376509096,0.0193131340409296,0.0016));
#9155=CARTESIAN_POINT('',(-0.00694972934113385,0.0193131340409296,0.0016));
#9156=CARTESIAN_POINT('',(-0.00375262103135812,0.0155093081753658,0.0016));
#9157=CARTESIAN_POINT('',(-0.00375262103135812,0.0155093081753658,0.0016));
#9158=CARTESIAN_POINT('',(-0.00694972934113385,0.0193131340409296,0.0016));
#9159=CARTESIAN_POINT('',(-0.00270608963401354,0.0155093081753658,0.0016));
#9160=CARTESIAN_POINT('',(-0.00165955823666895,0.0155093081753658,0.0016));
#9161=CARTESIAN_POINT('',(-0.00165955823666895,0.0155093081753658,0.0016));
#9162=CARTESIAN_POINT('',(-0.00270608963401354,0.0155093081753658,0.0016));
#9163=CARTESIAN_POINT('',(-0.00165955823666895,0.0207058778725251,0.0016));
#9164=CARTESIAN_POINT('',(-0.00165955823666895,0.0259024475696844,0.0016));
#9165=CARTESIAN_POINT('',(-0.00165955823666895,0.0259024475696844,0.0016));
#9166=CARTESIAN_POINT('',(-0.00165955823666895,0.0207058778725251,0.0016));
#9167=CARTESIAN_POINT('',(-0.00261925459350111,0.0259024475696844,0.0016));
#9168=CARTESIAN_POINT('',(-0.00357895095033326,0.0259024475696844,0.0016));
#9169=CARTESIAN_POINT('',(-0.00357895095033326,0.0259024475696844,0.0016));
#9170=CARTESIAN_POINT('',(-0.00261925459350111,0.0259024475696844,0.0016));
#9171=CARTESIAN_POINT('',(-0.00357895095033326,0.0221065157987125,0.0016));
#9172=CARTESIAN_POINT('',(-0.00357895095033326,0.0183105840277407,0.0016));
#9173=CARTESIAN_POINT('',(-0.00357895095033326,0.0183105840277407,0.0016));
#9174=CARTESIAN_POINT('',(-0.00357895095033326,0.0221065157987125,0.0016));
#9175=CARTESIAN_POINT('',(-0.00676929289331582,0.0221065157987125,0.0016));
#9176=CARTESIAN_POINT('',(-0.00995963483629839,0.0259024475696844,0.0016));
#9177=CARTESIAN_POINT('',(-0.00995963483629839,0.0259024475696844,0.0016));
#9178=CARTESIAN_POINT('',(-0.00676929289331582,0.0221065157987125,0.0016));
#9179=CARTESIAN_POINT('',(-0.011006166233643,0.0259024475696844,0.0016));
#9180=CARTESIAN_POINT('',(-0.011006166233643,0.0259024475696844,0.0016));
#9181=CARTESIAN_POINT('',(-0.00111810552581439,-0.000577877840919408,0.0016));
#9182=CARTESIAN_POINT('',(-0.0189002608256819,0.0209088688763204,0.0016));
#9183=CARTESIAN_POINT('',(-0.0189002608256819,0.0209088688763204,0.002));
#9184=CARTESIAN_POINT('',(-0.02218420417597,0.0209088688763204,0.002));
#9185=CARTESIAN_POINT('',(-0.0156163174753937,0.0209088688763204,0.002));
#9186=CARTESIAN_POINT('',(-0.02218420417597,0.0209088688763204,0.0016));
#9187=CARTESIAN_POINT('',(-0.02218420417597,0.0209088688763204,0.0016));
#9188=CARTESIAN_POINT('',(-0.0189002608256819,0.0209088688763204,0.0016));
#9189=CARTESIAN_POINT('',(-0.0156163174753937,0.0209088688763204,0.0016));
#9190=CARTESIAN_POINT('',(-0.0156163174753937,0.0209088688763204,0.0016));
#9191=CARTESIAN_POINT('',(-0.02218420417597,0.0223591268256578,0.0016));
#9192=CARTESIAN_POINT('',(-0.02218420417597,0.0223591268256578,0.002));
#9193=CARTESIAN_POINT('',(-0.022184150974771,0.0238093857355417,0.002));
#9194=CARTESIAN_POINT('',(-0.02218420417597,0.0238093847749952,0.0016));
#9195=CARTESIAN_POINT('',(-0.022184150974771,0.0238093857355417,0.0016));
#9196=CARTESIAN_POINT('',(-0.02218420417597,0.0223591268256578,0.0016));
#9197=CARTESIAN_POINT('',(-0.022017165064943,0.0238124006622726,0.0016));
#9198=CARTESIAN_POINT('',(-0.022017165064943,0.0238124006622726,0.002));
#9199=CARTESIAN_POINT('',(-0.0221334025821135,0.0239322524324089,0.002));
#9200=CARTESIAN_POINT('',(-0.0221334029906336,0.0239322520111805,0.0016));
#9201=CARTESIAN_POINT('',(-0.0221334025821135,0.0239322524324089,0.0016));
#9202=CARTESIAN_POINT('',(-0.022017165064943,0.0238124006622726,0.0016));
#9203=CARTESIAN_POINT('',(-0.0220135499822213,0.0238160157449903,0.0016));
#9204=CARTESIAN_POINT('',(-0.0220135499822213,0.0238160157449903,0.002));
#9205=CARTESIAN_POINT('',(-0.0220105350554916,0.0239830016548211,0.002));
#9206=CARTESIAN_POINT('',(-0.0220105340949451,0.0239830548560201,0.0016));
#9207=CARTESIAN_POINT('',(-0.0220105350554916,0.0239830016548211,0.00160000025));
#9208=CARTESIAN_POINT('',(-0.0220135499822213,0.0238160157449903,0.0016));
#9209=CARTESIAN_POINT('',(-0.018907027192475,0.0239830548560201,0.0016));
#9210=CARTESIAN_POINT('',(-0.018907027192475,0.0239830548560201,0.002));
#9211=CARTESIAN_POINT('',(-0.0158035202497276,0.0239830941465828,0.002));
#9212=CARTESIAN_POINT('',(-0.0158035202900049,0.0239830548560201,0.0016));
#9213=CARTESIAN_POINT('',(-0.0158035202497276,0.0239830941465828,0.0016));
#9214=CARTESIAN_POINT('',(-0.018907027192475,0.0239830548560201,0.0016));
#9215=CARTESIAN_POINT('',(-0.0158037155326483,0.0237925952445139,0.0016));
#9216=CARTESIAN_POINT('',(-0.0158037155326483,0.0237925952445139,0.002));
#9217=CARTESIAN_POINT('',(-0.0156739312626081,0.0239321958790717,0.002));
#9218=CARTESIAN_POINT('',(-0.0156738315931357,0.0239323071050713,0.0016));
#9219=CARTESIAN_POINT('',(-0.0156739312626081,0.0239321958790717,0.0016));
#9220=CARTESIAN_POINT('',(-0.0158037155326483,0.0237925952445139,0.0016));
#9221=CARTESIAN_POINT('',(-0.0157739508224144,0.0238100807094701,0.0016));
#9222=CARTESIAN_POINT('',(-0.0157739508224144,0.0238100807094701,0.002));
#9223=CARTESIAN_POINT('',(-0.015616285353327,0.0238093846331797,0.002));
#9224=CARTESIAN_POINT('',(-0.0156163174753937,0.0238093847749952,0.0016));
#9225=CARTESIAN_POINT('',(-0.015616285353327,0.0238093846331797,0.00160000025));
#9226=CARTESIAN_POINT('',(-0.0157739508224144,0.0238100807094701,0.0016));
#9227=CARTESIAN_POINT('',(-0.024090064156048,0.0197022001315373,0.0016));
#9228=CARTESIAN_POINT('',(-0.024090064156048,0.0155093081753658,0.0016));
#9229=CARTESIAN_POINT('',(-0.024090064156048,0.0155093081753658,0.0016));
#9230=CARTESIAN_POINT('',(-0.024090064156048,0.0197022001315373,0.0016));
#9231=CARTESIAN_POINT('',(-0.0240897185743304,0.0238950959581514,0.00160000025));
#9232=CARTESIAN_POINT('',(-0.024090064156048,0.0238950920877088,0.0016));
#9233=CARTESIAN_POINT('',(-0.023137134166009,0.0155093081753658,0.0016));
#9234=CARTESIAN_POINT('',(-0.02218420417597,0.0155093081753658,0.0016));
#9235=CARTESIAN_POINT('',(-0.02218420417597,0.0155093081753658,0.0016));
#9236=CARTESIAN_POINT('',(-0.023137134166009,0.0155093081753658,0.0016));
#9237=CARTESIAN_POINT('',(-0.02218420417597,0.0172561585358041,0.0016));
#9238=CARTESIAN_POINT('',(-0.02218420417597,0.0190030088962424,0.0016));
#9239=CARTESIAN_POINT('',(-0.02218420417597,0.0190030088962424,0.0016));
#9240=CARTESIAN_POINT('',(-0.02218420417597,0.0172561585358041,0.0016));
#9241=CARTESIAN_POINT('',(-0.0189002608256819,0.0190030088962424,0.0016));
#9242=CARTESIAN_POINT('',(-0.0156163174753937,0.0190030088962424,0.0016));
#9243=CARTESIAN_POINT('',(-0.0156163174753937,0.0190030088962424,0.0016));
#9244=CARTESIAN_POINT('',(-0.0189002608256819,0.0190030088962424,0.0016));
#9245=CARTESIAN_POINT('',(-0.0156163174753937,0.0172561585358041,0.0016));
#9246=CARTESIAN_POINT('',(-0.0156163174753937,0.0155093081753658,0.0016));
#9247=CARTESIAN_POINT('',(-0.0156163174753937,0.0155093081753658,0.0016));
#9248=CARTESIAN_POINT('',(-0.0156163174753937,0.0172561585358041,0.0016));
#9249=CARTESIAN_POINT('',(-0.0146566211185615,0.0155093081753658,0.0016));
#9250=CARTESIAN_POINT('',(-0.0136969247617294,0.0155093081753658,0.0016));
#9251=CARTESIAN_POINT('',(-0.0136969247617294,0.0155093081753658,0.0016));
#9252=CARTESIAN_POINT('',(-0.0146566211185615,0.0155093081753658,0.0016));
#9253=CARTESIAN_POINT('',(-0.0136969247617294,0.0197022001315373,0.0016));
#9254=CARTESIAN_POINT('',(-0.0136969247617294,0.0238950920877088,0.0016));
#9255=CARTESIAN_POINT('',(-0.0136972703434469,0.0238950959581514,0.0016));
#9256=CARTESIAN_POINT('',(-0.0136969247617294,0.0197022001315373,0.0016));
#9257=CARTESIAN_POINT('',(-0.0156043232276117,0.0239164545498954,0.0016));
#9258=CARTESIAN_POINT('',(-0.013970962616853,0.0248998975564955,0.0016));
#9259=CARTESIAN_POINT('',(-0.013970862331599,0.024899958064649,0.0016));
#9260=CARTESIAN_POINT('',(-0.0156043232276117,0.0239164545498954,0.0016));
#9261=CARTESIAN_POINT('',(-0.0157616822300469,0.0238253806717431,0.0016));
#9262=CARTESIAN_POINT('',(-0.0147073688695103,0.0256284097145607,0.0016));
#9263=CARTESIAN_POINT('',(-0.0147074375276434,0.0256282907908343,0.0016));
#9264=CARTESIAN_POINT('',(-0.0157616822300469,0.0238253806717431,0.0016));
#9265=CARTESIAN_POINT('',(-0.0157017318138533,0.0239582879561688,0.0016));
#9266=CARTESIAN_POINT('',(-0.0157178129772913,0.0259024475696844,0.0016));
#9267=CARTESIAN_POINT('',(-0.0157178110556006,0.0259022152436212,0.00160000025));
#9268=CARTESIAN_POINT('',(-0.0157017318138533,0.0239582879561688,0.0016));
#9269=CARTESIAN_POINT('',(-0.0189002608256819,0.0259024475696844,0.0016));
#9270=CARTESIAN_POINT('',(-0.0220827086740723,0.0259024475696844,0.0016));
#9271=CARTESIAN_POINT('',(-0.0220827118052202,0.0259021413417257,0.0016));
#9272=CARTESIAN_POINT('',(-0.0189002608256819,0.0259024475696844,0.0016));
#9273=CARTESIAN_POINT('',(-0.0221022281928654,0.0239934280458385,0.0016));
#9274=CARTESIAN_POINT('',(-0.0230863864150601,0.0256284097145607,0.0016));
#9275=CARTESIAN_POINT('',(-0.023086385872257,0.0256284076601274,0.0016));
#9276=CARTESIAN_POINT('',(-0.0221022281928654,0.0239934280458385,0.0016));
#9277=CARTESIAN_POINT('',(-0.0220079752270535,0.0238185689739088,0.0016));
#9278=CARTESIAN_POINT('',(-0.0238160263009243,0.0248998975564955,0.0016));
#9279=CARTESIAN_POINT('',(-0.0238160753879886,0.0248999274681493,0.0016));
#9280=CARTESIAN_POINT('',(-0.0220079752270535,0.0238185689739088,0.0016));
#9281=CARTESIAN_POINT('',(-0.0221826656901608,0.0239164545498941,0.0016));
#9282=CARTESIAN_POINT('',(-0.0221826656901608,0.0239164545498941,0.0016));
#9283=CARTESIAN_POINT('',(-0.0156163174753937,0.0223591268256578,0.0016));
#9284=CARTESIAN_POINT('',(-0.0156163174753937,0.0223591268256578,0.002));
#9285=CARTESIAN_POINT('',(-0.0156163174753937,0.0223591268256578,0.0016));
#9286=CARTESIAN_POINT('',(-0.00111810552581439,-0.000577877840919408,0.0016));
#9287=CARTESIAN_POINT('',(-0.0303534643509314,0.0209945761890339,0.0016));
#9288=CARTESIAN_POINT('',(-0.0303534643509314,0.0209945761890339,0.002));
#9289=CARTESIAN_POINT('',(-0.0334569747444135,0.02099469744136,0.002));
#9290=CARTESIAN_POINT('',(-0.0272499571334671,0.0209946072482724,0.002));
#9291=CARTESIAN_POINT('',(-0.0334569712534015,0.0209945761890339,0.0016));
#9292=CARTESIAN_POINT('',(-0.0334569747444135,0.02099469744136,0.0016));
#9293=CARTESIAN_POINT('',(-0.0303534643509314,0.0209945761890339,0.0016));
#9294=CARTESIAN_POINT('',(-0.0272499571334671,0.0209946072482724,0.00160000025));
#9295=CARTESIAN_POINT('',(-0.0272499574484612,0.0209945761890339,0.0016));
#9296=CARTESIAN_POINT('',(-0.033462271668489,0.0211786739994811,0.0016));
#9297=CARTESIAN_POINT('',(-0.033462271668489,0.0211786739994811,0.002));
#9298=CARTESIAN_POINT('',(-0.033579646766535,0.0210370622758799,0.002));
#9299=CARTESIAN_POINT('',(-0.033579646766535,0.0210370622758799,0.0016));
#9300=CARTESIAN_POINT('',(-0.033579646766535,0.0210370622758799,0.0016));
#9301=CARTESIAN_POINT('',(-0.033462271668489,0.0211786739994811,0.0016));
#9302=CARTESIAN_POINT('',(-0.0334879395187135,0.0211461179051745,0.0016));
#9303=CARTESIAN_POINT('',(-0.0334879395187135,0.0211461179051745,0.002));
#9304=CARTESIAN_POINT('',(-0.0336304651237219,0.0211524502519146,0.002));
#9305=CARTESIAN_POINT('',(-0.0336306413344264,0.0211524580808747,0.0016));
#9306=CARTESIAN_POINT('',(-0.0336304651237219,0.0211524502519146,0.00160000025));
#9307=CARTESIAN_POINT('',(-0.0334879395187135,0.0211461179051745,0.0016));
#9308=CARTESIAN_POINT('',(-0.0336306413344264,0.0224809214279349,0.0016));
#9309=CARTESIAN_POINT('',(-0.0336306413344264,0.0224809214279349,0.002));
#9310=CARTESIAN_POINT('',(-0.0336305881332273,0.0238093857355417,0.002));
#9311=CARTESIAN_POINT('',(-0.0336306413344264,0.0238093847749952,0.0016));
#9312=CARTESIAN_POINT('',(-0.0336305881332273,0.0238093857355417,0.0016));
#9313=CARTESIAN_POINT('',(-0.0336306413344264,0.0224809214279349,0.0016));
#9314=CARTESIAN_POINT('',(-0.0334636022233994,0.0238124006622726,0.0016));
#9315=CARTESIAN_POINT('',(-0.0334636022233994,0.0238124006622726,0.002));
#9316=CARTESIAN_POINT('',(-0.0335798397405699,0.0239322524324089,0.002));
#9317=CARTESIAN_POINT('',(-0.03357984014909,0.0239322520111805,0.0016));
#9318=CARTESIAN_POINT('',(-0.0335798397405699,0.0239322524324089,0.0016));
#9319=CARTESIAN_POINT('',(-0.0334636022233994,0.0238124006622726,0.0016));
#9320=CARTESIAN_POINT('',(-0.0334599871406777,0.0238160157449903,0.0016));
#9321=CARTESIAN_POINT('',(-0.0334599871406777,0.0238160157449903,0.002));
#9322=CARTESIAN_POINT('',(-0.0334569722139479,0.0239830016548211,0.002));
#9323=CARTESIAN_POINT('',(-0.0334569712534015,0.0239830548560201,0.0016));
#9324=CARTESIAN_POINT('',(-0.0334569722139479,0.0239830016548211,0.00160000025));
#9325=CARTESIAN_POINT('',(-0.0334599871406777,0.0238160157449903,0.0016));
#9326=CARTESIAN_POINT('',(-0.0303534643509314,0.0239830548560201,0.0016));
#9327=CARTESIAN_POINT('',(-0.0303534643509314,0.0239830548560201,0.002));
#9328=CARTESIAN_POINT('',(-0.0272499574081839,0.0239830941465828,0.002));
#9329=CARTESIAN_POINT('',(-0.0272499574484612,0.0239830548560201,0.0016));
#9330=CARTESIAN_POINT('',(-0.0272499574081839,0.0239830941465828,0.0016));
#9331=CARTESIAN_POINT('',(-0.0303534643509314,0.0239830548560201,0.0016));
#9332=CARTESIAN_POINT('',(-0.0272501526911046,0.0237925952445139,0.0016));
#9333=CARTESIAN_POINT('',(-0.0272501526911046,0.0237925952445139,0.002));
#9334=CARTESIAN_POINT('',(-0.0271203684210636,0.0239321958790727,0.002));
#9335=CARTESIAN_POINT('',(-0.027120268751592,0.0239323071050713,0.0016));
#9336=CARTESIAN_POINT('',(-0.0271203684210636,0.0239321958790727,0.0016));
#9337=CARTESIAN_POINT('',(-0.0272501526911046,0.0237925952445139,0.0016));
#9338=CARTESIAN_POINT('',(-0.0272203879808937,0.0238100807094617,0.0016));
#9339=CARTESIAN_POINT('',(-0.0272203879808937,0.0238100807094617,0.002));
#9340=CARTESIAN_POINT('',(-0.027062722511783,0.0238093846331797,0.002));
#9341=CARTESIAN_POINT('',(-0.02706275463385,0.0238093847749952,0.0016));
#9342=CARTESIAN_POINT('',(-0.027062722511783,0.0238093846331797,0.00160000025));
#9343=CARTESIAN_POINT('',(-0.0272203879808937,0.0238100807094617,0.0016));
#9344=CARTESIAN_POINT('',(-0.02706275463385,0.0224809214279349,0.0016));
#9345=CARTESIAN_POINT('',(-0.02706275463385,0.0224809214279349,0.002));
#9346=CARTESIAN_POINT('',(-0.0270628417642518,0.0211524554649654,0.002));
#9347=CARTESIAN_POINT('',(-0.02706275463385,0.0211524580808747,0.0016));
#9348=CARTESIAN_POINT('',(-0.0270628417642518,0.0211524554649654,0.0016));
#9349=CARTESIAN_POINT('',(-0.02706275463385,0.0224809214279349,0.0016));
#9350=CARTESIAN_POINT('',(-0.0271984855805268,0.0211483830411359,0.0016));
#9351=CARTESIAN_POINT('',(-0.0271984855805268,0.0211483830411359,0.002));
#9352=CARTESIAN_POINT('',(-0.0271203069877949,0.0210374848007213,0.002));
#9353=CARTESIAN_POINT('',(-0.027120268751592,0.0210374298453907,0.0016));
#9354=CARTESIAN_POINT('',(-0.0271203069877949,0.0210374848007213,0.0016));
#9355=CARTESIAN_POINT('',(-0.0271984855805268,0.0211483830411359,0.0016));
#9356=CARTESIAN_POINT('',(-0.0355365013145043,0.0206991115057319,0.0016));
#9357=CARTESIAN_POINT('',(-0.0355365013145043,0.0155093081753658,0.0016));
#9358=CARTESIAN_POINT('',(-0.0355365013145043,0.0155093081753658,0.0016));
#9359=CARTESIAN_POINT('',(-0.0355365013145043,0.0206991115057319,0.0016));
#9360=CARTESIAN_POINT('',(-0.0355365013145043,0.0258889148360981,0.0016));
#9361=CARTESIAN_POINT('',(-0.0355365013145043,0.0258889148360981,0.0016));
#9362=CARTESIAN_POINT('',(-0.0345835713244654,0.0155093081753658,0.0016));
#9363=CARTESIAN_POINT('',(-0.0336306413344264,0.0155093081753658,0.0016));
#9364=CARTESIAN_POINT('',(-0.0336306413344264,0.0155093081753658,0.0016));
#9365=CARTESIAN_POINT('',(-0.0345835713244654,0.0155093081753658,0.0016));
#9366=CARTESIAN_POINT('',(-0.0336306413344264,0.0172843517307757,0.0016));
#9367=CARTESIAN_POINT('',(-0.0336306413344264,0.0190593952861855,0.0016));
#9368=CARTESIAN_POINT('',(-0.0336306413344264,0.0190593952861855,0.0016));
#9369=CARTESIAN_POINT('',(-0.0336306413344264,0.0172843517307757,0.0016));
#9370=CARTESIAN_POINT('',(-0.030397445735087,0.0190672893807776,0.0016));
#9371=CARTESIAN_POINT('',(-0.0271642501357477,0.0190751834753696,0.0016));
#9372=CARTESIAN_POINT('',(-0.0271642471912232,0.0190754834611396,0.0016));
#9373=CARTESIAN_POINT('',(-0.030397445735087,0.0190672893807776,0.0016));
#9374=CARTESIAN_POINT('',(-0.0271448124181965,0.0210554824503102,0.0016));
#9375=CARTESIAN_POINT('',(-0.0261526783001678,0.0193424549637001,0.0016));
#9376=CARTESIAN_POINT('',(-0.0261526543213799,0.0193424142297357,0.0016));
#9377=CARTESIAN_POINT('',(-0.0271448124181965,0.0210554824503102,0.0016));
#9378=CARTESIAN_POINT('',(-0.0271588784242164,0.0210928843312681,0.0016));
#9379=CARTESIAN_POINT('',(-0.0254173997753093,0.0200709671217654,0.0016));
#9380=CARTESIAN_POINT('',(-0.0254174862193938,0.0200710170623698,0.0016));
#9381=CARTESIAN_POINT('',(-0.0271588784242164,0.0210928843312681,0.0016));
#9382=CARTESIAN_POINT('',(-0.0270816314976091,0.0210636260428369,0.0016));
#9383=CARTESIAN_POINT('',(-0.0251433619201857,0.0210802835017475,0.0016));
#9384=CARTESIAN_POINT('',(-0.0251436064696462,0.0210802814000932,0.00160000025));
#9385=CARTESIAN_POINT('',(-0.0270816314976091,0.0210636260428369,0.0016));
#9386=CARTESIAN_POINT('',(-0.0251433619201857,0.0224809214279349,0.0016));
#9387=CARTESIAN_POINT('',(-0.0251433619201857,0.0238815593541225,0.0016));
#9388=CARTESIAN_POINT('',(-0.0251436805968949,0.0238815627177007,0.0016));
#9389=CARTESIAN_POINT('',(-0.0251433619201857,0.0224809214279349,0.0016));
#9390=CARTESIAN_POINT('',(-0.0270465713373551,0.0239016474043863,0.0016));
#9391=CARTESIAN_POINT('',(-0.0254173997753093,0.0248841093673113,0.0016));
#9392=CARTESIAN_POINT('',(-0.0254173256594775,0.0248841542242908,0.0016));
#9393=CARTESIAN_POINT('',(-0.0270465713373551,0.0239016474043863,0.0016));
#9394=CARTESIAN_POINT('',(-0.0272187810668097,0.0238033155075016,0.0016));
#9395=CARTESIAN_POINT('',(-0.0261526783001678,0.0256137492531756,0.0016));
#9396=CARTESIAN_POINT('',(-0.0261527285808579,0.025613662163965,0.0016));
#9397=CARTESIAN_POINT('',(-0.0272187810668097,0.0238033155075016,0.0016));
#9398=CARTESIAN_POINT('',(-0.027146557065377,0.0239525524309342,0.0016));
#9399=CARTESIAN_POINT('',(-0.0271642501357477,0.0258889148360981,0.0016));
#9400=CARTESIAN_POINT('',(-0.0271642477032832,0.0258886486226805,0.00160000025));
#9401=CARTESIAN_POINT('',(-0.027146557065377,0.0239525524309342,0.0016));
#9402=CARTESIAN_POINT('',(-0.031350375725126,0.0258889148360981,0.0016));
#9403=CARTESIAN_POINT('',(-0.031350375725126,0.0258889148360981,0.0016));
#9404=CARTESIAN_POINT('',(-0.0272478144106489,0.021205885315935,0.0016));
#9405=CARTESIAN_POINT('',(-0.0272478144106489,0.021205885315935,0.002));
#9406=CARTESIAN_POINT('',(-0.0272478144106489,0.021205885315935,0.0016));
#9407=CARTESIAN_POINT('',(-0.00111810552581439,-0.000577877840919408,0.0016));
#9408=CARTESIAN_POINT('',(-0.00111810552581439,-0.000577877840919408,0.002));
#9409=CARTESIAN_POINT('',(-0.00111810552581439,-0.000577877840919408,0.002));
#9410=CARTESIAN_POINT('',(-0.00111810552581439,-0.000577877840919408,0.002));
#9411=CARTESIAN_POINT('',(-0.00111810552581439,-0.000577877840919408,0.002));
#9412=MECHANICAL_DESIGN_GEOMETRIC_PRESENTATION_REPRESENTATION('',(#5859),
#9413);
#9413=(
GEOMETRIC_REPRESENTATION_CONTEXT(3)
GLOBAL_UNCERTAINTY_ASSIGNED_CONTEXT((#9414))
GLOBAL_UNIT_ASSIGNED_CONTEXT((#9417,#9416,#9415))
REPRESENTATION_CONTEXT('Top','TOP_LEVEL_ASSEMBLY_PART')
);
#9414=UNCERTAINTY_MEASURE_WITH_UNIT(LENGTH_MEASURE(2.2E-6),#9417,
'DISTANCE_ACCURACY_VALUE','Maximum Tolerance applied to model');
#9415=(
NAMED_UNIT(*)
SI_UNIT($,.STERADIAN.)
SOLID_ANGLE_UNIT()
);
#9416=(
NAMED_UNIT(*)
PLANE_ANGLE_UNIT()
SI_UNIT($,.RADIAN.)
);
#9417=(
LENGTH_UNIT()
NAMED_UNIT(*)
SI_UNIT($,.METRE.)
);
#9418=PRODUCT_DEFINITION_SHAPE('','',#9419);
#9419=PRODUCT_DEFINITION('','',#9421,#9420);
#9420=PRODUCT_DEFINITION_CONTEXT('',#9427,'design');
#9421=PRODUCT_DEFINITION_FORMATION_WITH_SPECIFIED_SOURCE('','',#9423,
 .NOT_KNOWN.);
#9422=PRODUCT_RELATED_PRODUCT_CATEGORY('','',(#9423));
#9423=PRODUCT('Top','Top','Top',(#9425));
#9424=PRODUCT_CATEGORY('','');
#9425=PRODUCT_CONTEXT('',#9427,'mechanical');
#9426=APPLICATION_PROTOCOL_DEFINITION('international standard',
'ap242_managed_model_based_3d_engineering',2020,#9427);
#9427=APPLICATION_CONTEXT('managed model based 3d engineering');
ENDSEC;
END-ISO-10303-21;
